ISO-10303-21;
HEADER;
FILE_DESCRIPTION(('KiCad electronic assembly'),'2;1');
FILE_NAME('fixed RBF board.step','2026-07-25T23:27:38',('Pcbnew'),(
    'Kicad'),'Open CASCADE STEP processor 7.9','KiCad to STEP converter'
  ,'Unknown');
FILE_SCHEMA(('AUTOMOTIVE_DESIGN { 1 0 10303 214 1 1 1 1 }'));
ENDSEC;
DATA;
#1 = APPLICATION_PROTOCOL_DEFINITION('international standard',
  'automotive_design',2000,#2);
#2 = APPLICATION_CONTEXT(
  'core data for automotive mechanical design processes');
#3 = SHAPE_DEFINITION_REPRESENTATION(#4,#10);
#4 = PRODUCT_DEFINITION_SHAPE('','',#5);
#5 = PRODUCT_DEFINITION('design','',#6,#9);
#6 = PRODUCT_DEFINITION_FORMATION('','',#7);
#7 = PRODUCT('fixed RBF board 1','fixed RBF board 1','',(#8));
#8 = PRODUCT_CONTEXT('',#2,'mechanical');
#9 = PRODUCT_DEFINITION_CONTEXT('part definition',#2,'design');
#10 = SHAPE_REPRESENTATION('',(#11,#15,#19,#23,#27,#31,#35,#39),#43);
#11 = AXIS2_PLACEMENT_3D('',#12,#13,#14);
#12 = CARTESIAN_POINT('',(0.,0.,0.));
#13 = DIRECTION('',(0.,0.,1.));
#14 = DIRECTION('',(1.,0.,-0.));
#15 = AXIS2_PLACEMENT_3D('',#16,#17,#18);
#16 = CARTESIAN_POINT('',(100.,-88.58,1.695));
#17 = DIRECTION('',(1.,-1.110223024625E-16,1.110223024625E-16));
#18 = DIRECTION('',(1.110223024625E-16,1.,0.));
#19 = AXIS2_PLACEMENT_3D('',#20,#21,#22);
#20 = CARTESIAN_POINT('',(96.,-77.26,8.295));
#21 = DIRECTION('',(1.359631073447E-32,1.224646799147E-16,-1.));
#22 = DIRECTION('',(-1.110223024625E-16,-1.,-1.224646799147E-16));
#23 = AXIS2_PLACEMENT_3D('',#24,#25,#26);
#24 = CARTESIAN_POINT('',(125.05,-77.26,8.295));
#25 = DIRECTION('',(1.359631073447E-32,1.224646799147E-16,-1.));
#26 = DIRECTION('',(-1.110223024625E-16,-1.,-1.224646799147E-16));
#27 = AXIS2_PLACEMENT_3D('',#28,#29,#30);
#28 = CARTESIAN_POINT('',(96.,-56.19,8.295));
#29 = DIRECTION('',(1.359631073447E-32,1.224646799147E-16,-1.));
#30 = DIRECTION('',(-1.110223024625E-16,-1.,-1.224646799147E-16));
#31 = AXIS2_PLACEMENT_3D('',#32,#33,#34);
#32 = CARTESIAN_POINT('',(86.05,-57.3,1.795));
#33 = DIRECTION('',(-1.,-1.110223024625E-16,1.110223024625E-16));
#34 = DIRECTION('',(1.110223024625E-16,-1.,0.));
#35 = AXIS2_PLACEMENT_3D('',#36,#37,#38);
#36 = CARTESIAN_POINT('',(125.05,-56.19,8.295));
#37 = DIRECTION('',(1.359631073447E-32,1.224646799147E-16,-1.));
#38 = DIRECTION('',(-1.110223024625E-16,-1.,-1.224646799147E-16));
#39 = AXIS2_PLACEMENT_3D('',#40,#41,#42);
#40 = CARTESIAN_POINT('',(0.,0.,0.));
#41 = DIRECTION('',(0.,0.,1.));
#42 = DIRECTION('',(1.,0.,-0.));
#43 = ( GEOMETRIC_REPRESENTATION_CONTEXT(3) 
GLOBAL_UNCERTAINTY_ASSIGNED_CONTEXT((#47)) GLOBAL_UNIT_ASSIGNED_CONTEXT(
(#44,#45,#46)) REPRESENTATION_CONTEXT('Context #1',
  '3D Context with UNIT and UNCERTAINTY') );
#44 = ( LENGTH_UNIT() NAMED_UNIT(*) SI_UNIT(.MILLI.,.METRE.) );
#45 = ( NAMED_UNIT(*) PLANE_ANGLE_UNIT() SI_UNIT($,.RADIAN.) );
#46 = ( NAMED_UNIT(*) SI_UNIT($,.STERADIAN.) SOLID_ANGLE_UNIT() );
#47 = UNCERTAINTY_MEASURE_WITH_UNIT(LENGTH_MEASURE(1.E-07),#44,
  'distance_accuracy_value','confusion accuracy');
#48 = PRODUCT_RELATED_PRODUCT_CATEGORY('part',$,(#7));
#49 = SHAPE_DEFINITION_REPRESENTATION(#50,#56);
#50 = PRODUCT_DEFINITION_SHAPE('','',#51);
#51 = PRODUCT_DEFINITION('design','',#52,#55);
#52 = PRODUCT_DEFINITION_FORMATION('','',#53);
#53 = PRODUCT('B2B-XH-A','B2B-XH-A','',(#54));
#54 = PRODUCT_CONTEXT('',#2,'mechanical');
#55 = PRODUCT_DEFINITION_CONTEXT('part definition',#2,'design');
#56 = SHAPE_REPRESENTATION('',(#11,#57),#61);
#57 = AXIS2_PLACEMENT_3D('',#58,#59,#60);
#58 = CARTESIAN_POINT('',(0.,0.,0.));
#59 = DIRECTION('',(0.,0.,1.));
#60 = DIRECTION('',(1.,0.,-0.));
#61 = ( GEOMETRIC_REPRESENTATION_CONTEXT(3) 
GLOBAL_UNCERTAINTY_ASSIGNED_CONTEXT((#65)) GLOBAL_UNIT_ASSIGNED_CONTEXT(
(#62,#63,#64)) REPRESENTATION_CONTEXT('Context #1',
  '3D Context with UNIT and UNCERTAINTY') );
#62 = ( LENGTH_UNIT() NAMED_UNIT(*) SI_UNIT(.MILLI.,.METRE.) );
#63 = ( NAMED_UNIT(*) PLANE_ANGLE_UNIT() SI_UNIT($,.RADIAN.) );
#64 = ( NAMED_UNIT(*) SI_UNIT($,.STERADIAN.) SOLID_ANGLE_UNIT() );
#65 = UNCERTAINTY_MEASURE_WITH_UNIT(LENGTH_MEASURE(1.E-07),#62,
  'distance_accuracy_value','confusion accuracy');
#66 = CONTEXT_DEPENDENT_SHAPE_REPRESENTATION(#67,#69);
#67 = ( REPRESENTATION_RELATIONSHIP('','',#56,#10) 
REPRESENTATION_RELATIONSHIP_WITH_TRANSFORMATION(#68) 
SHAPE_REPRESENTATION_RELATIONSHIP() );
#68 = ITEM_DEFINED_TRANSFORMATION('','',#11,#15);
#69 = PRODUCT_DEFINITION_SHAPE('Placement','Placement of an item',#70);
#70 = NEXT_ASSEMBLY_USAGE_OCCURRENCE('3','J9','',#5,#51,$);
#71 = PRODUCT_RELATED_PRODUCT_CATEGORY('part',$,(#53));
#72 = SHAPE_DEFINITION_REPRESENTATION(#73,#79);
#73 = PRODUCT_DEFINITION_SHAPE('','',#74);
#74 = PRODUCT_DEFINITION('design','',#75,#78);
#75 = PRODUCT_DEFINITION_FORMATION('','',#76);
#76 = PRODUCT('B2B-XH-A','B2B-XH-A','',(#77));
#77 = PRODUCT_CONTEXT('',#2,'mechanical');
#78 = PRODUCT_DEFINITION_CONTEXT('part definition',#2,'design');
#79 = SHAPE_REPRESENTATION('',(#11,#80),#84);
#80 = AXIS2_PLACEMENT_3D('',#81,#82,#83);
#81 = CARTESIAN_POINT('',(3.75,-1.47627882311E-15,0.525));
#82 = DIRECTION('',(-6.938893903907E-18,-7.180945420053E-17,-1.));
#83 = DIRECTION('',(-1.,4.037276764174E-16,6.938893903907E-18));
#84 = ( GEOMETRIC_REPRESENTATION_CONTEXT(3) 
GLOBAL_UNCERTAINTY_ASSIGNED_CONTEXT((#88)) GLOBAL_UNIT_ASSIGNED_CONTEXT(
(#85,#86,#87)) REPRESENTATION_CONTEXT('Context #1',
  '3D Context with UNIT and UNCERTAINTY') );
#85 = ( LENGTH_UNIT() NAMED_UNIT(*) SI_UNIT(.MILLI.,.METRE.) );
#86 = ( NAMED_UNIT(*) PLANE_ANGLE_UNIT() SI_UNIT($,.RADIAN.) );
#87 = ( NAMED_UNIT(*) SI_UNIT($,.STERADIAN.) SOLID_ANGLE_UNIT() );
#88 = UNCERTAINTY_MEASURE_WITH_UNIT(LENGTH_MEASURE(1.E-07),#85,
  'distance_accuracy_value','confusion accuracy');
#89 = CONTEXT_DEPENDENT_SHAPE_REPRESENTATION(#90,#92);
#90 = ( REPRESENTATION_RELATIONSHIP('','',#79,#56) 
REPRESENTATION_RELATIONSHIP_WITH_TRANSFORMATION(#91) 
SHAPE_REPRESENTATION_RELATIONSHIP() );
#91 = ITEM_DEFINED_TRANSFORMATION('','',#11,#57);
#92 = PRODUCT_DEFINITION_SHAPE('Placement','Placement of an item',#93);
#93 = NEXT_ASSEMBLY_USAGE_OCCURRENCE('2','=>[0:1:1:3]','',#51,#74,$);
#94 = PRODUCT_RELATED_PRODUCT_CATEGORY('part',$,(#76));
#95 = SHAPE_DEFINITION_REPRESENTATION(#96,#102);
#96 = PRODUCT_DEFINITION_SHAPE('','',#97);
#97 = PRODUCT_DEFINITION('design','',#98,#101);
#98 = PRODUCT_DEFINITION_FORMATION('','',#99);
#99 = PRODUCT('BxB-XH-A_02','BxB-XH-A_02','',(#100));
#100 = PRODUCT_CONTEXT('',#2,'mechanical');
#101 = PRODUCT_DEFINITION_CONTEXT('part definition',#2,'design');
#102 = SHAPE_REPRESENTATION('',(#11,#103,#2413,#2917),#3421);
#103 = MANIFOLD_SOLID_BREP('',#104);
#104 = CLOSED_SHELL('',(#105,#156,#196,#229,#268,#299,#339,#370,#418,
    #449,#475,#509,#540,#573,#604,#644,#683,#737,#778,#810,#853,#892,
    #931,#971,#1002,#1033,#1055,#1072,#1096,#1120,#1137,#1154,#1178,
    #1249,#1280,#1297,#1339,#1399,#1506,#1530,#1554,#1571,#1595,#1640,
    #1739,#1786,#1817,#1848,#1897,#1946,#1964,#1987,#1999,#2017,#2040,
    #2052,#2110,#2127,#2144,#2156,#2179,#2202,#2219,#2231,#2248,#2260,
    #2284,#2302,#2324,#2341,#2358,#2370,#2389,#2401));
#105 = ADVANCED_FACE('',(#106),#151,.T.);
#106 = FACE_BOUND('',#107,.T.);
#107 = EDGE_LOOP('',(#108,#119,#127,#136,#144));
#108 = ORIENTED_EDGE('',*,*,#109,.T.);
#109 = EDGE_CURVE('',#110,#112,#114,.T.);
#110 = VERTEX_POINT('',#111);
#111 = CARTESIAN_POINT('',(5.500017553711,6.497705265805,-1.65));
#112 = VERTEX_POINT('',#113);
#113 = CARTESIAN_POINT('',(5.5,6.5,-1.651324865405));
#114 = ( BOUNDED_CURVE() B_SPLINE_CURVE(3,(#115,#116,#117,#118),
.UNSPECIFIED.,.F.,.F.) B_SPLINE_CURVE_WITH_KNOTS((4,4),(4.697090155633,
4.712388980385),.PIECEWISE_BEZIER_KNOTS.) CURVE() 
GEOMETRIC_REPRESENTATION_ITEM() RATIONAL_B_SPLINE_CURVE((1.,
0.999980495592,0.999980495592,1.)) REPRESENTATION_ITEM('') );
#115 = CARTESIAN_POINT('',(5.500017553711,6.497705265805,-1.65));
#116 = CARTESIAN_POINT('',(5.500005851351,6.498470124985,-1.650441591653
    ));
#117 = CARTESIAN_POINT('',(5.5,6.499235051302,-1.650883222069));
#118 = CARTESIAN_POINT('',(5.5,6.5,-1.651324865405));
#119 = ORIENTED_EDGE('',*,*,#120,.T.);
#120 = EDGE_CURVE('',#112,#121,#123,.T.);
#121 = VERTEX_POINT('',#122);
#122 = CARTESIAN_POINT('',(5.5,6.5,-2.35));
#123 = LINE('',#124,#125);
#124 = CARTESIAN_POINT('',(5.5,6.5,5.969556544854));
#125 = VECTOR('',#126,1.);
#126 = DIRECTION('',(-0.,-0.,-1.));
#127 = ORIENTED_EDGE('',*,*,#128,.F.);
#128 = EDGE_CURVE('',#129,#121,#131,.T.);
#129 = VERTEX_POINT('',#130);
#130 = CARTESIAN_POINT('',(5.65,6.35,-2.35));
#131 = CIRCLE('',#132,0.15);
#132 = AXIS2_PLACEMENT_3D('',#133,#134,#135);
#133 = CARTESIAN_POINT('',(5.65,6.5,-2.35));
#134 = DIRECTION('',(0.,0.,-1.));
#135 = DIRECTION('',(-1.,0.,0.));
#136 = ORIENTED_EDGE('',*,*,#137,.F.);
#137 = EDGE_CURVE('',#138,#129,#140,.T.);
#138 = VERTEX_POINT('',#139);
#139 = CARTESIAN_POINT('',(5.65,6.35,-1.65));
#140 = LINE('',#141,#142);
#141 = CARTESIAN_POINT('',(5.65,6.35,5.969556544854));
#142 = VECTOR('',#143,1.);
#143 = DIRECTION('',(-0.,-0.,-1.));
#144 = ORIENTED_EDGE('',*,*,#145,.T.);
#145 = EDGE_CURVE('',#138,#110,#146,.T.);
#146 = CIRCLE('',#147,0.15);
#147 = AXIS2_PLACEMENT_3D('',#148,#149,#150);
#148 = CARTESIAN_POINT('',(5.65,6.5,-1.65));
#149 = DIRECTION('',(-0.,0.,-1.));
#150 = DIRECTION('',(-1.,0.,0.));
#151 = CYLINDRICAL_SURFACE('',#152,0.15);
#152 = AXIS2_PLACEMENT_3D('',#153,#154,#155);
#153 = CARTESIAN_POINT('',(5.65,6.5,5.969556544854));
#154 = DIRECTION('',(-0.,-0.,-1.));
#155 = DIRECTION('',(-1.,0.,0.));
#156 = ADVANCED_FACE('',(#157),#191,.F.);
#157 = FACE_BOUND('',#158,.T.);
#158 = EDGE_LOOP('',(#159,#169,#177,#185));
#159 = ORIENTED_EDGE('',*,*,#160,.F.);
#160 = EDGE_CURVE('',#161,#163,#165,.T.);
#161 = VERTEX_POINT('',#162);
#162 = CARTESIAN_POINT('',(0.75,4.75,-0.125));
#163 = VERTEX_POINT('',#164);
#164 = CARTESIAN_POINT('',(5.E-02,4.75,-0.125));
#165 = LINE('',#166,#167);
#166 = CARTESIAN_POINT('',(9.95,4.75,-0.125));
#167 = VECTOR('',#168,1.);
#168 = DIRECTION('',(-1.,-0.,-0.));
#169 = ORIENTED_EDGE('',*,*,#170,.F.);
#170 = EDGE_CURVE('',#171,#161,#173,.T.);
#171 = VERTEX_POINT('',#172);
#172 = CARTESIAN_POINT('',(0.75,4.75,-0.625));
#173 = LINE('',#174,#175);
#174 = CARTESIAN_POINT('',(0.75,4.75,3.489386302252E-16));
#175 = VECTOR('',#176,1.);
#176 = DIRECTION('',(1.993935029858E-16,0.,1.));
#177 = ORIENTED_EDGE('',*,*,#178,.T.);
#178 = EDGE_CURVE('',#171,#179,#181,.T.);
#179 = VERTEX_POINT('',#180);
#180 = CARTESIAN_POINT('',(5.E-02,4.75,-0.625));
#181 = LINE('',#182,#183);
#182 = CARTESIAN_POINT('',(9.95,4.75,-0.625));
#183 = VECTOR('',#184,1.);
#184 = DIRECTION('',(-1.,-0.,-0.));
#185 = ORIENTED_EDGE('',*,*,#186,.F.);
#186 = EDGE_CURVE('',#163,#179,#187,.T.);
#187 = LINE('',#188,#189);
#188 = CARTESIAN_POINT('',(5.E-02,4.75,3.695715231429E-16));
#189 = VECTOR('',#190,1.);
#190 = DIRECTION('',(-1.508455196502E-16,0.,-1.));
#191 = PLANE('',#192);
#192 = AXIS2_PLACEMENT_3D('',#193,#194,#195);
#193 = CARTESIAN_POINT('',(9.95,4.75,-0.625));
#194 = DIRECTION('',(0.,-1.,0.));
#195 = DIRECTION('',(0.,-0.,-1.));
#196 = ADVANCED_FACE('',(#197),#224,.F.);
#197 = FACE_BOUND('',#198,.F.);
#198 = EDGE_LOOP('',(#199,#208,#216,#223));
#199 = ORIENTED_EDGE('',*,*,#200,.F.);
#200 = EDGE_CURVE('',#201,#179,#203,.T.);
#201 = VERTEX_POINT('',#202);
#202 = CARTESIAN_POINT('',(5.E-02,5.25,-1.125));
#203 = CIRCLE('',#204,0.5);
#204 = AXIS2_PLACEMENT_3D('',#205,#206,#207);
#205 = CARTESIAN_POINT('',(5.E-02,5.25,-0.625));
#206 = DIRECTION('',(-1.,0.,-0.));
#207 = DIRECTION('',(-0.,0.,1.));
#208 = ORIENTED_EDGE('',*,*,#209,.F.);
#209 = EDGE_CURVE('',#210,#201,#212,.T.);
#210 = VERTEX_POINT('',#211);
#211 = CARTESIAN_POINT('',(0.75,5.25,-1.125));
#212 = LINE('',#213,#214);
#213 = CARTESIAN_POINT('',(9.95,5.25,-1.125));
#214 = VECTOR('',#215,1.);
#215 = DIRECTION('',(-1.,-0.,-0.));
#216 = ORIENTED_EDGE('',*,*,#217,.T.);
#217 = EDGE_CURVE('',#210,#171,#218,.T.);
#218 = CIRCLE('',#219,0.5);
#219 = AXIS2_PLACEMENT_3D('',#220,#221,#222);
#220 = CARTESIAN_POINT('',(0.75,5.25,-0.625));
#221 = DIRECTION('',(-1.,0.,1.993935029858E-16));
#222 = DIRECTION('',(1.993935029858E-16,0.,1.));
#223 = ORIENTED_EDGE('',*,*,#178,.T.);
#224 = CYLINDRICAL_SURFACE('',#225,0.5);
#225 = AXIS2_PLACEMENT_3D('',#226,#227,#228);
#226 = CARTESIAN_POINT('',(9.95,5.25,-0.625));
#227 = DIRECTION('',(-1.,-0.,-0.));
#228 = DIRECTION('',(-0.,0.,1.));
#229 = ADVANCED_FACE('',(#230),#263,.F.);
#230 = FACE_BOUND('',#231,.T.);
#231 = EDGE_LOOP('',(#232,#240,#248,#256,#262));
#232 = ORIENTED_EDGE('',*,*,#233,.F.);
#233 = EDGE_CURVE('',#234,#210,#236,.T.);
#234 = VERTEX_POINT('',#235);
#235 = CARTESIAN_POINT('',(0.75,6.497705265805,-1.125));
#236 = LINE('',#237,#238);
#237 = CARTESIAN_POINT('',(0.75,1.2,-1.125));
#238 = VECTOR('',#239,1.);
#239 = DIRECTION('',(4.941322722668E-32,-1.,2.478176394253E-16));
#240 = ORIENTED_EDGE('',*,*,#241,.T.);
#241 = EDGE_CURVE('',#234,#242,#244,.T.);
#242 = VERTEX_POINT('',#243);
#243 = CARTESIAN_POINT('',(0.46,7.,-1.125));
#244 = LINE('',#245,#246);
#245 = CARTESIAN_POINT('',(0.75,6.497705265805,-1.125));
#246 = VECTOR('',#247,1.);
#247 = DIRECTION('',(-0.5,0.866025403784,-2.146163712482E-16));
#248 = ORIENTED_EDGE('',*,*,#249,.T.);
#249 = EDGE_CURVE('',#242,#250,#252,.T.);
#250 = VERTEX_POINT('',#251);
#251 = CARTESIAN_POINT('',(5.E-02,7.,-1.125));
#252 = LINE('',#253,#254);
#253 = CARTESIAN_POINT('',(9.95,7.,-1.125));
#254 = VECTOR('',#255,1.);
#255 = DIRECTION('',(-1.,-0.,-0.));
#256 = ORIENTED_EDGE('',*,*,#257,.F.);
#257 = EDGE_CURVE('',#201,#250,#258,.T.);
#258 = LINE('',#259,#260);
#259 = CARTESIAN_POINT('',(5.E-02,7.,-1.125));
#260 = VECTOR('',#261,1.);
#261 = DIRECTION('',(-3.738218059758E-32,1.,-2.478176394253E-16));
#262 = ORIENTED_EDGE('',*,*,#209,.F.);
#263 = PLANE('',#264);
#264 = AXIS2_PLACEMENT_3D('',#265,#266,#267);
#265 = CARTESIAN_POINT('',(9.95,7.,-1.125));
#266 = DIRECTION('',(0.,-2.478176394253E-16,-1.));
#267 = DIRECTION('',(0.,1.,-2.478176394253E-16));
#268 = ADVANCED_FACE('',(#269),#294,.T.);
#269 = FACE_BOUND('',#270,.T.);
#270 = EDGE_LOOP('',(#271,#272,#280,#288));
#271 = ORIENTED_EDGE('',*,*,#241,.F.);
#272 = ORIENTED_EDGE('',*,*,#273,.F.);
#273 = EDGE_CURVE('',#274,#234,#276,.T.);
#274 = VERTEX_POINT('',#275);
#275 = CARTESIAN_POINT('',(0.75,6.497705265805,-1.65));
#276 = LINE('',#277,#278);
#277 = CARTESIAN_POINT('',(0.75,6.497705265805,-1.125));
#278 = VECTOR('',#279,1.);
#279 = DIRECTION('',(1.993935029858E-16,0.,1.));
#280 = ORIENTED_EDGE('',*,*,#281,.F.);
#281 = EDGE_CURVE('',#282,#274,#284,.T.);
#282 = VERTEX_POINT('',#283);
#283 = CARTESIAN_POINT('',(0.46,7.,-1.94));
#284 = LINE('',#285,#286);
#285 = CARTESIAN_POINT('',(1.1,5.891487483156,-1.3));
#286 = VECTOR('',#287,1.);
#287 = DIRECTION('',(0.4472135955,-0.774596669241,0.4472135955));
#288 = ORIENTED_EDGE('',*,*,#289,.F.);
#289 = EDGE_CURVE('',#242,#282,#290,.T.);
#290 = LINE('',#291,#292);
#291 = CARTESIAN_POINT('',(0.46,7.,-1.65));
#292 = VECTOR('',#293,1.);
#293 = DIRECTION('',(-1.993935029858E-16,0.,-1.));
#294 = PLANE('',#295);
#295 = AXIS2_PLACEMENT_3D('',#296,#297,#298);
#296 = CARTESIAN_POINT('',(0.75,6.497705265805,3.489386302252E-16));
#297 = DIRECTION('',(0.866025403784,0.5,-1.726798389353E-16));
#298 = DIRECTION('',(-1.993935029858E-16,1.232595164408E-32,-1.));
#299 = ADVANCED_FACE('',(#300),#334,.T.);
#300 = FACE_BOUND('',#301,.T.);
#301 = EDGE_LOOP('',(#302,#312,#320,#328));
#302 = ORIENTED_EDGE('',*,*,#303,.F.);
#303 = EDGE_CURVE('',#304,#306,#308,.T.);
#304 = VERTEX_POINT('',#305);
#305 = CARTESIAN_POINT('',(1.85,7.,-1.94));
#306 = VERTEX_POINT('',#307);
#307 = CARTESIAN_POINT('',(1.85,7.,-2.35));
#308 = LINE('',#309,#310);
#309 = CARTESIAN_POINT('',(1.85,7.,5.969556544854));
#310 = VECTOR('',#311,1.);
#311 = DIRECTION('',(-0.,-0.,-1.));
#312 = ORIENTED_EDGE('',*,*,#313,.T.);
#313 = EDGE_CURVE('',#304,#314,#316,.T.);
#314 = VERTEX_POINT('',#315);
#315 = CARTESIAN_POINT('',(1.85,6.65,-1.737927405784));
#316 = LINE('',#317,#318);
#317 = CARTESIAN_POINT('',(1.85,-1.674938450257,3.068478049459));
#318 = VECTOR('',#319,1.);
#319 = DIRECTION('',(0.,-0.866025403784,0.5));
#320 = ORIENTED_EDGE('',*,*,#321,.T.);
#321 = EDGE_CURVE('',#314,#322,#324,.T.);
#322 = VERTEX_POINT('',#323);
#323 = CARTESIAN_POINT('',(1.85,6.65,-2.35));
#324 = LINE('',#325,#326);
#325 = CARTESIAN_POINT('',(1.85,6.65,5.969556544854));
#326 = VECTOR('',#327,1.);
#327 = DIRECTION('',(-0.,-0.,-1.));
#328 = ORIENTED_EDGE('',*,*,#329,.F.);
#329 = EDGE_CURVE('',#306,#322,#330,.T.);
#330 = LINE('',#331,#332);
#331 = CARTESIAN_POINT('',(1.85,0.,-2.35));
#332 = VECTOR('',#333,1.);
#333 = DIRECTION('',(0.,-1.,0.));
#334 = PLANE('',#335);
#335 = AXIS2_PLACEMENT_3D('',#336,#337,#338);
#336 = CARTESIAN_POINT('',(1.85,0.,5.969556544854));
#337 = DIRECTION('',(1.,0.,-0.));
#338 = DIRECTION('',(-0.,0.,-1.));
#339 = ADVANCED_FACE('',(#340),#365,.T.);
#340 = FACE_BOUND('',#341,.T.);
#341 = EDGE_LOOP('',(#342,#343,#349,#350,#358,#364));
#342 = ORIENTED_EDGE('',*,*,#289,.T.);
#343 = ORIENTED_EDGE('',*,*,#344,.T.);
#344 = EDGE_CURVE('',#282,#304,#345,.T.);
#345 = LINE('',#346,#347);
#346 = CARTESIAN_POINT('',(1.85,7.,-1.94));
#347 = VECTOR('',#348,1.);
#348 = DIRECTION('',(1.,0.,0.));
#349 = ORIENTED_EDGE('',*,*,#303,.T.);
#350 = ORIENTED_EDGE('',*,*,#351,.F.);
#351 = EDGE_CURVE('',#352,#306,#354,.T.);
#352 = VERTEX_POINT('',#353);
#353 = CARTESIAN_POINT('',(5.E-02,7.,-2.35));
#354 = LINE('',#355,#356);
#355 = CARTESIAN_POINT('',(2.5,7.,-2.35));
#356 = VECTOR('',#357,1.);
#357 = DIRECTION('',(1.,-0.,0.));
#358 = ORIENTED_EDGE('',*,*,#359,.T.);
#359 = EDGE_CURVE('',#352,#250,#360,.T.);
#360 = LINE('',#361,#362);
#361 = CARTESIAN_POINT('',(5.E-02,7.,3.695715231429E-16));
#362 = VECTOR('',#363,1.);
#363 = DIRECTION('',(1.508455196502E-16,0.,1.));
#364 = ORIENTED_EDGE('',*,*,#249,.F.);
#365 = PLANE('',#366);
#366 = AXIS2_PLACEMENT_3D('',#367,#368,#369);
#367 = CARTESIAN_POINT('',(2.5,7.,0.));
#368 = DIRECTION('',(0.,1.,-0.));
#369 = DIRECTION('',(0.,0.,1.));
#370 = ADVANCED_FACE('',(#371),#413,.F.);
#371 = FACE_BOUND('',#372,.T.);
#372 = EDGE_LOOP('',(#373,#383,#391,#399,#407));
#373 = ORIENTED_EDGE('',*,*,#374,.T.);
#374 = EDGE_CURVE('',#375,#377,#379,.T.);
#375 = VERTEX_POINT('',#376);
#376 = CARTESIAN_POINT('',(1.85,0.,-1.65));
#377 = VERTEX_POINT('',#378);
#378 = CARTESIAN_POINT('',(1.85,0.,-2.35));
#379 = LINE('',#380,#381);
#380 = CARTESIAN_POINT('',(1.85,0.,-2.35));
#381 = VECTOR('',#382,1.);
#382 = DIRECTION('',(4.956352788505E-15,-0.,-1.));
#383 = ORIENTED_EDGE('',*,*,#384,.F.);
#384 = EDGE_CURVE('',#385,#377,#387,.T.);
#385 = VERTEX_POINT('',#386);
#386 = CARTESIAN_POINT('',(1.85,0.8,-2.35));
#387 = LINE('',#388,#389);
#388 = CARTESIAN_POINT('',(1.85,0.8,-2.35));
#389 = VECTOR('',#390,1.);
#390 = DIRECTION('',(-0.,-1.,-0.));
#391 = ORIENTED_EDGE('',*,*,#392,.F.);
#392 = EDGE_CURVE('',#393,#385,#395,.T.);
#393 = VERTEX_POINT('',#394);
#394 = CARTESIAN_POINT('',(1.85,0.8,-1.65));
#395 = LINE('',#396,#397);
#396 = CARTESIAN_POINT('',(1.85,0.8,-2.35));
#397 = VECTOR('',#398,1.);
#398 = DIRECTION('',(4.956352788505E-15,-0.,-1.));
#399 = ORIENTED_EDGE('',*,*,#400,.T.);
#400 = EDGE_CURVE('',#393,#401,#403,.T.);
#401 = VERTEX_POINT('',#402);
#402 = CARTESIAN_POINT('',(1.85,0.5,-1.65));
#403 = LINE('',#404,#405);
#404 = CARTESIAN_POINT('',(1.85,0.8,-1.65));
#405 = VECTOR('',#406,1.);
#406 = DIRECTION('',(-0.,-1.,-0.));
#407 = ORIENTED_EDGE('',*,*,#408,.T.);
#408 = EDGE_CURVE('',#401,#375,#409,.T.);
#409 = LINE('',#410,#411);
#410 = CARTESIAN_POINT('',(1.85,0.8,-1.65));
#411 = VECTOR('',#412,1.);
#412 = DIRECTION('',(0.,-1.,0.));
#413 = PLANE('',#414);
#414 = AXIS2_PLACEMENT_3D('',#415,#416,#417);
#415 = CARTESIAN_POINT('',(1.85,0.8,-2.35));
#416 = DIRECTION('',(-1.,0.,-4.956352788505E-15));
#417 = DIRECTION('',(-4.956352788505E-15,0.,1.));
#418 = ADVANCED_FACE('',(#419),#444,.T.);
#419 = FACE_BOUND('',#420,.T.);
#420 = EDGE_LOOP('',(#421,#429,#437,#443));
#421 = ORIENTED_EDGE('',*,*,#422,.T.);
#422 = EDGE_CURVE('',#385,#423,#425,.T.);
#423 = VERTEX_POINT('',#424);
#424 = CARTESIAN_POINT('',(3.15,0.8,-2.35));
#425 = LINE('',#426,#427);
#426 = CARTESIAN_POINT('',(1.85,0.8,-2.35));
#427 = VECTOR('',#428,1.);
#428 = DIRECTION('',(1.,0.,0.));
#429 = ORIENTED_EDGE('',*,*,#430,.T.);
#430 = EDGE_CURVE('',#423,#431,#433,.T.);
#431 = VERTEX_POINT('',#432);
#432 = CARTESIAN_POINT('',(3.15,0.8,-1.65));
#433 = LINE('',#434,#435);
#434 = CARTESIAN_POINT('',(3.15,0.8,-2.35));
#435 = VECTOR('',#436,1.);
#436 = DIRECTION('',(0.,0.,1.));
#437 = ORIENTED_EDGE('',*,*,#438,.T.);
#438 = EDGE_CURVE('',#431,#393,#439,.T.);
#439 = LINE('',#440,#441);
#440 = CARTESIAN_POINT('',(1.85,0.8,-1.65));
#441 = VECTOR('',#442,1.);
#442 = DIRECTION('',(-1.,-0.,-0.));
#443 = ORIENTED_EDGE('',*,*,#392,.T.);
#444 = PLANE('',#445);
#445 = AXIS2_PLACEMENT_3D('',#446,#447,#448);
#446 = CARTESIAN_POINT('',(2.5,0.8,0.));
#447 = DIRECTION('',(0.,-1.,0.));
#448 = DIRECTION('',(0.,-0.,-1.));
#449 = ADVANCED_FACE('',(#450),#470,.T.);
#450 = FACE_BOUND('',#451,.T.);
#451 = EDGE_LOOP('',(#452,#453,#454,#455,#463));
#452 = ORIENTED_EDGE('',*,*,#313,.F.);
#453 = ORIENTED_EDGE('',*,*,#344,.F.);
#454 = ORIENTED_EDGE('',*,*,#281,.T.);
#455 = ORIENTED_EDGE('',*,*,#456,.F.);
#456 = EDGE_CURVE('',#457,#274,#459,.T.);
#457 = VERTEX_POINT('',#458);
#458 = CARTESIAN_POINT('',(1.999982446289,6.497705265805,-1.65));
#459 = LINE('',#460,#461);
#460 = CARTESIAN_POINT('',(0.75,6.497705265805,-1.65));
#461 = VECTOR('',#462,1.);
#462 = DIRECTION('',(-1.,0.,0.));
#463 = ORIENTED_EDGE('',*,*,#464,.F.);
#464 = EDGE_CURVE('',#314,#457,#465,.T.);
#465 = ( BOUNDED_CURVE() B_SPLINE_CURVE(3,(#466,#467,#468,#469),
.UNSPECIFIED.,.F.,.F.) B_SPLINE_CURVE_WITH_KNOTS((4,4),(0.,
1.586095151546),.PIECEWISE_BEZIER_KNOTS.) CURVE() 
GEOMETRIC_REPRESENTATION_ITEM() RATIONAL_B_SPLINE_CURVE((1.,
0.801118130016,0.801118130016,1.)) REPRESENTATION_ITEM('') );
#466 = CARTESIAN_POINT('',(1.85,6.65,-1.737927405784));
#467 = CARTESIAN_POINT('',(1.938937569324,6.65,-1.737927405784));
#468 = CARTESIAN_POINT('',(2.0013430335,6.586632427234,-1.701342120589)
  );
#469 = CARTESIAN_POINT('',(1.999982446289,6.497705265805,-1.65));
#470 = PLANE('',#471);
#471 = AXIS2_PLACEMENT_3D('',#472,#473,#474);
#472 = CARTESIAN_POINT('',(2.5,6.497705265805,-1.65));
#473 = DIRECTION('',(-0.,0.5,0.866025403784));
#474 = DIRECTION('',(1.,0.,0.));
#475 = ADVANCED_FACE('',(#476),#504,.T.);
#476 = FACE_BOUND('',#477,.T.);
#477 = EDGE_LOOP('',(#478,#479,#480,#489,#497));
#478 = ORIENTED_EDGE('',*,*,#321,.F.);
#479 = ORIENTED_EDGE('',*,*,#464,.T.);
#480 = ORIENTED_EDGE('',*,*,#481,.T.);
#481 = EDGE_CURVE('',#457,#482,#484,.T.);
#482 = VERTEX_POINT('',#483);
#483 = CARTESIAN_POINT('',(1.85,6.35,-1.65));
#484 = CIRCLE('',#485,0.15);
#485 = AXIS2_PLACEMENT_3D('',#486,#487,#488);
#486 = CARTESIAN_POINT('',(1.85,6.5,-1.65));
#487 = DIRECTION('',(-0.,0.,-1.));
#488 = DIRECTION('',(-1.,0.,0.));
#489 = ORIENTED_EDGE('',*,*,#490,.T.);
#490 = EDGE_CURVE('',#482,#491,#493,.T.);
#491 = VERTEX_POINT('',#492);
#492 = CARTESIAN_POINT('',(1.85,6.35,-2.35));
#493 = LINE('',#494,#495);
#494 = CARTESIAN_POINT('',(1.85,6.35,5.969556544854));
#495 = VECTOR('',#496,1.);
#496 = DIRECTION('',(-0.,-0.,-1.));
#497 = ORIENTED_EDGE('',*,*,#498,.F.);
#498 = EDGE_CURVE('',#322,#491,#499,.T.);
#499 = CIRCLE('',#500,0.15);
#500 = AXIS2_PLACEMENT_3D('',#501,#502,#503);
#501 = CARTESIAN_POINT('',(1.85,6.5,-2.35));
#502 = DIRECTION('',(0.,0.,-1.));
#503 = DIRECTION('',(-1.,0.,0.));
#504 = CYLINDRICAL_SURFACE('',#505,0.15);
#505 = AXIS2_PLACEMENT_3D('',#506,#507,#508);
#506 = CARTESIAN_POINT('',(1.85,6.5,5.969556544854));
#507 = DIRECTION('',(-0.,-0.,-1.));
#508 = DIRECTION('',(-1.,0.,0.));
#509 = ADVANCED_FACE('',(#510),#535,.T.);
#510 = FACE_BOUND('',#511,.T.);
#511 = EDGE_LOOP('',(#512,#520,#528,#534));
#512 = ORIENTED_EDGE('',*,*,#513,.T.);
#513 = EDGE_CURVE('',#482,#514,#516,.T.);
#514 = VERTEX_POINT('',#515);
#515 = CARTESIAN_POINT('',(1.85,4.65,-1.65));
#516 = LINE('',#517,#518);
#517 = CARTESIAN_POINT('',(1.85,1.2,-1.65));
#518 = VECTOR('',#519,1.);
#519 = DIRECTION('',(0.,-1.,0.));
#520 = ORIENTED_EDGE('',*,*,#521,.T.);
#521 = EDGE_CURVE('',#514,#522,#524,.T.);
#522 = VERTEX_POINT('',#523);
#523 = CARTESIAN_POINT('',(1.85,4.65,-2.35));
#524 = LINE('',#525,#526);
#525 = CARTESIAN_POINT('',(1.85,4.65,5.969556544854));
#526 = VECTOR('',#527,1.);
#527 = DIRECTION('',(-0.,-0.,-1.));
#528 = ORIENTED_EDGE('',*,*,#529,.F.);
#529 = EDGE_CURVE('',#491,#522,#530,.T.);
#530 = LINE('',#531,#532);
#531 = CARTESIAN_POINT('',(1.85,0.,-2.35));
#532 = VECTOR('',#533,1.);
#533 = DIRECTION('',(0.,-1.,0.));
#534 = ORIENTED_EDGE('',*,*,#490,.F.);
#535 = PLANE('',#536);
#536 = AXIS2_PLACEMENT_3D('',#537,#538,#539);
#537 = CARTESIAN_POINT('',(1.85,0.,5.969556544854));
#538 = DIRECTION('',(1.,0.,-0.));
#539 = DIRECTION('',(-0.,0.,-1.));
#540 = ADVANCED_FACE('',(#541),#568,.F.);
#541 = FACE_BOUND('',#542,.F.);
#542 = EDGE_LOOP('',(#543,#552,#553,#562));
#543 = ORIENTED_EDGE('',*,*,#544,.T.);
#544 = EDGE_CURVE('',#545,#514,#547,.T.);
#545 = VERTEX_POINT('',#546);
#546 = CARTESIAN_POINT('',(2.5,4.,-1.65));
#547 = CIRCLE('',#548,0.65);
#548 = AXIS2_PLACEMENT_3D('',#549,#550,#551);
#549 = CARTESIAN_POINT('',(2.5,4.65,-1.65));
#550 = DIRECTION('',(-0.,0.,-1.));
#551 = DIRECTION('',(-1.,0.,0.));
#552 = ORIENTED_EDGE('',*,*,#521,.T.);
#553 = ORIENTED_EDGE('',*,*,#554,.F.);
#554 = EDGE_CURVE('',#555,#522,#557,.T.);
#555 = VERTEX_POINT('',#556);
#556 = CARTESIAN_POINT('',(2.5,4.,-2.35));
#557 = CIRCLE('',#558,0.65);
#558 = AXIS2_PLACEMENT_3D('',#559,#560,#561);
#559 = CARTESIAN_POINT('',(2.5,4.65,-2.35));
#560 = DIRECTION('',(0.,0.,-1.));
#561 = DIRECTION('',(-1.,0.,0.));
#562 = ORIENTED_EDGE('',*,*,#563,.F.);
#563 = EDGE_CURVE('',#545,#555,#564,.T.);
#564 = LINE('',#565,#566);
#565 = CARTESIAN_POINT('',(2.5,4.,5.969556544854));
#566 = VECTOR('',#567,1.);
#567 = DIRECTION('',(-0.,-0.,-1.));
#568 = CYLINDRICAL_SURFACE('',#569,0.65);
#569 = AXIS2_PLACEMENT_3D('',#570,#571,#572);
#570 = CARTESIAN_POINT('',(2.5,4.65,5.969556544854));
#571 = DIRECTION('',(-0.,-0.,-1.));
#572 = DIRECTION('',(-1.,0.,0.));
#573 = ADVANCED_FACE('',(#574),#599,.F.);
#574 = FACE_BOUND('',#575,.T.);
#575 = EDGE_LOOP('',(#576,#584,#592,#598));
#576 = ORIENTED_EDGE('',*,*,#577,.F.);
#577 = EDGE_CURVE('',#578,#545,#580,.T.);
#578 = VERTEX_POINT('',#579);
#579 = CARTESIAN_POINT('',(5.,4.,-1.65));
#580 = LINE('',#581,#582);
#581 = CARTESIAN_POINT('',(2.5,4.,-1.65));
#582 = VECTOR('',#583,1.);
#583 = DIRECTION('',(-1.,1.334402673828E-15,0.));
#584 = ORIENTED_EDGE('',*,*,#585,.T.);
#585 = EDGE_CURVE('',#578,#586,#588,.T.);
#586 = VERTEX_POINT('',#587);
#587 = CARTESIAN_POINT('',(5.,4.,-2.35));
#588 = LINE('',#589,#590);
#589 = CARTESIAN_POINT('',(5.,4.,5.969556544854));
#590 = VECTOR('',#591,1.);
#591 = DIRECTION('',(-0.,-0.,-1.));
#592 = ORIENTED_EDGE('',*,*,#593,.T.);
#593 = EDGE_CURVE('',#586,#555,#594,.T.);
#594 = LINE('',#595,#596);
#595 = CARTESIAN_POINT('',(2.5,4.,-2.35));
#596 = VECTOR('',#597,1.);
#597 = DIRECTION('',(-1.,1.334402673828E-15,0.));
#598 = ORIENTED_EDGE('',*,*,#563,.F.);
#599 = PLANE('',#600);
#600 = AXIS2_PLACEMENT_3D('',#601,#602,#603);
#601 = CARTESIAN_POINT('',(2.5,4.,5.969556544854));
#602 = DIRECTION('',(-1.334402673828E-15,-1.,0.));
#603 = DIRECTION('',(1.,-1.334402673828E-15,0.));
#604 = ADVANCED_FACE('',(#605),#639,.T.);
#605 = FACE_BOUND('',#606,.T.);
#606 = EDGE_LOOP('',(#607,#617,#625,#633));
#607 = ORIENTED_EDGE('',*,*,#608,.T.);
#608 = EDGE_CURVE('',#609,#611,#613,.T.);
#609 = VERTEX_POINT('',#610);
#610 = CARTESIAN_POINT('',(1.85,0.8,2.7));
#611 = VERTEX_POINT('',#612);
#612 = CARTESIAN_POINT('',(3.15,0.8,2.7));
#613 = LINE('',#614,#615);
#614 = CARTESIAN_POINT('',(1.85,0.8,2.7));
#615 = VECTOR('',#616,1.);
#616 = DIRECTION('',(1.,0.,0.));
#617 = ORIENTED_EDGE('',*,*,#618,.T.);
#618 = EDGE_CURVE('',#611,#619,#621,.T.);
#619 = VERTEX_POINT('',#620);
#620 = CARTESIAN_POINT('',(3.15,0.8,3.4));
#621 = LINE('',#622,#623);
#622 = CARTESIAN_POINT('',(3.15,0.8,2.7));
#623 = VECTOR('',#624,1.);
#624 = DIRECTION('',(0.,0.,1.));
#625 = ORIENTED_EDGE('',*,*,#626,.T.);
#626 = EDGE_CURVE('',#619,#627,#629,.T.);
#627 = VERTEX_POINT('',#628);
#628 = CARTESIAN_POINT('',(1.85,0.8,3.4));
#629 = LINE('',#630,#631);
#630 = CARTESIAN_POINT('',(1.85,0.8,3.4));
#631 = VECTOR('',#632,1.);
#632 = DIRECTION('',(-1.,-0.,-0.));
#633 = ORIENTED_EDGE('',*,*,#634,.T.);
#634 = EDGE_CURVE('',#627,#609,#635,.T.);
#635 = LINE('',#636,#637);
#636 = CARTESIAN_POINT('',(1.85,0.8,2.7));
#637 = VECTOR('',#638,1.);
#638 = DIRECTION('',(4.956352788505E-15,-0.,-1.));
#639 = PLANE('',#640);
#640 = AXIS2_PLACEMENT_3D('',#641,#642,#643);
#641 = CARTESIAN_POINT('',(2.5,0.8,0.));
#642 = DIRECTION('',(0.,-1.,0.));
#643 = DIRECTION('',(0.,-0.,-1.));
#644 = ADVANCED_FACE('',(#645),#678,.F.);
#645 = FACE_BOUND('',#646,.T.);
#646 = EDGE_LOOP('',(#647,#657,#665,#671,#672));
#647 = ORIENTED_EDGE('',*,*,#648,.T.);
#648 = EDGE_CURVE('',#649,#651,#653,.T.);
#649 = VERTEX_POINT('',#650);
#650 = CARTESIAN_POINT('',(1.85,0.,3.4));
#651 = VERTEX_POINT('',#652);
#652 = CARTESIAN_POINT('',(1.85,0.,2.7));
#653 = LINE('',#654,#655);
#654 = CARTESIAN_POINT('',(1.85,0.,2.7));
#655 = VECTOR('',#656,1.);
#656 = DIRECTION('',(4.956352788505E-15,-0.,-1.));
#657 = ORIENTED_EDGE('',*,*,#658,.T.);
#658 = EDGE_CURVE('',#651,#659,#661,.T.);
#659 = VERTEX_POINT('',#660);
#660 = CARTESIAN_POINT('',(1.85,0.5,2.7));
#661 = LINE('',#662,#663);
#662 = CARTESIAN_POINT('',(1.85,0.8,2.7));
#663 = VECTOR('',#664,1.);
#664 = DIRECTION('',(0.,1.,0.));
#665 = ORIENTED_EDGE('',*,*,#666,.F.);
#666 = EDGE_CURVE('',#609,#659,#667,.T.);
#667 = LINE('',#668,#669);
#668 = CARTESIAN_POINT('',(1.85,0.8,2.7));
#669 = VECTOR('',#670,1.);
#670 = DIRECTION('',(-0.,-1.,-0.));
#671 = ORIENTED_EDGE('',*,*,#634,.F.);
#672 = ORIENTED_EDGE('',*,*,#673,.T.);
#673 = EDGE_CURVE('',#627,#649,#674,.T.);
#674 = LINE('',#675,#676);
#675 = CARTESIAN_POINT('',(1.85,0.8,3.4));
#676 = VECTOR('',#677,1.);
#677 = DIRECTION('',(-0.,-1.,-0.));
#678 = PLANE('',#679);
#679 = AXIS2_PLACEMENT_3D('',#680,#681,#682);
#680 = CARTESIAN_POINT('',(1.85,0.8,2.7));
#681 = DIRECTION('',(-1.,0.,-4.956352788505E-15));
#682 = DIRECTION('',(-4.956352788505E-15,0.,1.));
#683 = ADVANCED_FACE('',(#684),#732,.F.);
#684 = FACE_BOUND('',#685,.T.);
#685 = EDGE_LOOP('',(#686,#687,#695,#703,#709,#710,#718,#726));
#686 = ORIENTED_EDGE('',*,*,#374,.F.);
#687 = ORIENTED_EDGE('',*,*,#688,.F.);
#688 = EDGE_CURVE('',#689,#375,#691,.T.);
#689 = VERTEX_POINT('',#690);
#690 = CARTESIAN_POINT('',(0.75,0.,-1.65));
#691 = LINE('',#692,#693);
#692 = CARTESIAN_POINT('',(0.75,0.,-1.65));
#693 = VECTOR('',#694,1.);
#694 = DIRECTION('',(1.,0.,0.));
#695 = ORIENTED_EDGE('',*,*,#696,.F.);
#696 = EDGE_CURVE('',#697,#689,#699,.T.);
#697 = VERTEX_POINT('',#698);
#698 = CARTESIAN_POINT('',(0.75,0.,2.7));
#699 = LINE('',#700,#701);
#700 = CARTESIAN_POINT('',(0.75,0.,2.7));
#701 = VECTOR('',#702,1.);
#702 = DIRECTION('',(-1.993935029858E-16,0.,-1.));
#703 = ORIENTED_EDGE('',*,*,#704,.F.);
#704 = EDGE_CURVE('',#651,#697,#705,.T.);
#705 = LINE('',#706,#707);
#706 = CARTESIAN_POINT('',(9.25,0.,2.7));
#707 = VECTOR('',#708,1.);
#708 = DIRECTION('',(-1.,0.,0.));
#709 = ORIENTED_EDGE('',*,*,#648,.F.);
#710 = ORIENTED_EDGE('',*,*,#711,.F.);
#711 = EDGE_CURVE('',#712,#649,#714,.T.);
#712 = VERTEX_POINT('',#713);
#713 = CARTESIAN_POINT('',(5.E-02,0.,3.4));
#714 = LINE('',#715,#716);
#715 = CARTESIAN_POINT('',(2.5,0.,3.4));
#716 = VECTOR('',#717,1.);
#717 = DIRECTION('',(1.,-0.,0.));
#718 = ORIENTED_EDGE('',*,*,#719,.F.);
#719 = EDGE_CURVE('',#720,#712,#722,.T.);
#720 = VERTEX_POINT('',#721);
#721 = CARTESIAN_POINT('',(5.E-02,0.,-2.35));
#722 = LINE('',#723,#724);
#723 = CARTESIAN_POINT('',(5.E-02,0.,3.695715231429E-16));
#724 = VECTOR('',#725,1.);
#725 = DIRECTION('',(1.508455196502E-16,0.,1.));
#726 = ORIENTED_EDGE('',*,*,#727,.T.);
#727 = EDGE_CURVE('',#720,#377,#728,.T.);
#728 = LINE('',#729,#730);
#729 = CARTESIAN_POINT('',(2.5,0.,-2.35));
#730 = VECTOR('',#731,1.);
#731 = DIRECTION('',(1.,-0.,0.));
#732 = PLANE('',#733);
#733 = AXIS2_PLACEMENT_3D('',#734,#735,#736);
#734 = CARTESIAN_POINT('',(2.5,0.,0.));
#735 = DIRECTION('',(0.,1.,-0.));
#736 = DIRECTION('',(0.,0.,1.));
#737 = ADVANCED_FACE('',(#738),#773,.F.);
#738 = FACE_BOUND('',#739,.T.);
#739 = EDGE_LOOP('',(#740,#741,#742,#743,#749,#750,#758,#766,#772));
#740 = ORIENTED_EDGE('',*,*,#200,.F.);
#741 = ORIENTED_EDGE('',*,*,#257,.T.);
#742 = ORIENTED_EDGE('',*,*,#359,.F.);
#743 = ORIENTED_EDGE('',*,*,#744,.T.);
#744 = EDGE_CURVE('',#352,#720,#745,.T.);
#745 = LINE('',#746,#747);
#746 = CARTESIAN_POINT('',(5.E-02,7.,-2.35));
#747 = VECTOR('',#748,1.);
#748 = DIRECTION('',(-0.,-1.,-0.));
#749 = ORIENTED_EDGE('',*,*,#719,.T.);
#750 = ORIENTED_EDGE('',*,*,#751,.F.);
#751 = EDGE_CURVE('',#752,#712,#754,.T.);
#752 = VERTEX_POINT('',#753);
#753 = CARTESIAN_POINT('',(5.E-02,7.,3.4));
#754 = LINE('',#755,#756);
#755 = CARTESIAN_POINT('',(5.E-02,7.,3.4));
#756 = VECTOR('',#757,1.);
#757 = DIRECTION('',(-0.,-1.,-0.));
#758 = ORIENTED_EDGE('',*,*,#759,.F.);
#759 = EDGE_CURVE('',#760,#752,#762,.T.);
#760 = VERTEX_POINT('',#761);
#761 = CARTESIAN_POINT('',(5.E-02,7.,-0.125));
#762 = LINE('',#763,#764);
#763 = CARTESIAN_POINT('',(5.E-02,7.,3.695715231429E-16));
#764 = VECTOR('',#765,1.);
#765 = DIRECTION('',(1.508455196502E-16,0.,1.));
#766 = ORIENTED_EDGE('',*,*,#767,.T.);
#767 = EDGE_CURVE('',#760,#163,#768,.T.);
#768 = LINE('',#769,#770);
#769 = CARTESIAN_POINT('',(5.E-02,7.,-0.125));
#770 = VECTOR('',#771,1.);
#771 = DIRECTION('',(2.180627201525E-32,-1.,1.445602896647E-16));
#772 = ORIENTED_EDGE('',*,*,#186,.T.);
#773 = PLANE('',#774);
#774 = AXIS2_PLACEMENT_3D('',#775,#776,#777);
#775 = CARTESIAN_POINT('',(5.E-02,7.,3.695715231429E-16));
#776 = DIRECTION('',(1.,0.,-1.508455196502E-16));
#777 = DIRECTION('',(-1.508455196502E-16,0.,-1.));
#778 = ADVANCED_FACE('',(#779),#805,.F.);
#779 = FACE_BOUND('',#780,.T.);
#780 = EDGE_LOOP('',(#781,#789,#797,#803,#804));
#781 = ORIENTED_EDGE('',*,*,#782,.F.);
#782 = EDGE_CURVE('',#783,#760,#785,.T.);
#783 = VERTEX_POINT('',#784);
#784 = CARTESIAN_POINT('',(0.46,7.,-0.125));
#785 = LINE('',#786,#787);
#786 = CARTESIAN_POINT('',(9.95,7.,-0.125));
#787 = VECTOR('',#788,1.);
#788 = DIRECTION('',(-1.,-0.,-0.));
#789 = ORIENTED_EDGE('',*,*,#790,.T.);
#790 = EDGE_CURVE('',#783,#791,#793,.T.);
#791 = VERTEX_POINT('',#792);
#792 = CARTESIAN_POINT('',(0.75,6.497705265805,-0.125));
#793 = LINE('',#794,#795);
#794 = CARTESIAN_POINT('',(0.75,6.497705265805,-0.125));
#795 = VECTOR('',#796,1.);
#796 = DIRECTION('',(0.5,-0.866025403784,1.251928832281E-16));
#797 = ORIENTED_EDGE('',*,*,#798,.F.);
#798 = EDGE_CURVE('',#161,#791,#799,.T.);
#799 = LINE('',#800,#801);
#800 = CARTESIAN_POINT('',(0.75,1.2,-0.125));
#801 = VECTOR('',#802,1.);
#802 = DIRECTION('',(-2.88243825489E-32,1.,-1.445602896647E-16));
#803 = ORIENTED_EDGE('',*,*,#160,.T.);
#804 = ORIENTED_EDGE('',*,*,#767,.F.);
#805 = PLANE('',#806);
#806 = AXIS2_PLACEMENT_3D('',#807,#808,#809);
#807 = CARTESIAN_POINT('',(9.95,7.,-0.125));
#808 = DIRECTION('',(-0.,1.445602896647E-16,1.));
#809 = DIRECTION('',(0.,-1.,1.445602896647E-16));
#810 = ADVANCED_FACE('',(#811),#848,.F.);
#811 = FACE_BOUND('',#812,.T.);
#812 = EDGE_LOOP('',(#813,#821,#822,#823,#824,#825,#826,#834,#842));
#813 = ORIENTED_EDGE('',*,*,#814,.T.);
#814 = EDGE_CURVE('',#815,#274,#817,.T.);
#815 = VERTEX_POINT('',#816);
#816 = CARTESIAN_POINT('',(0.75,1.2,-1.65));
#817 = LINE('',#818,#819);
#818 = CARTESIAN_POINT('',(0.75,1.2,-1.65));
#819 = VECTOR('',#820,1.);
#820 = DIRECTION('',(-0.,1.,-0.));
#821 = ORIENTED_EDGE('',*,*,#273,.T.);
#822 = ORIENTED_EDGE('',*,*,#233,.T.);
#823 = ORIENTED_EDGE('',*,*,#217,.T.);
#824 = ORIENTED_EDGE('',*,*,#170,.T.);
#825 = ORIENTED_EDGE('',*,*,#798,.T.);
#826 = ORIENTED_EDGE('',*,*,#827,.T.);
#827 = EDGE_CURVE('',#791,#828,#830,.T.);
#828 = VERTEX_POINT('',#829);
#829 = CARTESIAN_POINT('',(0.75,6.497705265805,2.7));
#830 = LINE('',#831,#832);
#831 = CARTESIAN_POINT('',(0.75,6.497705265805,2.7));
#832 = VECTOR('',#833,1.);
#833 = DIRECTION('',(1.993935029858E-16,0.,1.));
#834 = ORIENTED_EDGE('',*,*,#835,.F.);
#835 = EDGE_CURVE('',#836,#828,#838,.T.);
#836 = VERTEX_POINT('',#837);
#837 = CARTESIAN_POINT('',(0.75,1.2,2.7));
#838 = LINE('',#839,#840);
#839 = CARTESIAN_POINT('',(0.75,1.2,2.7));
#840 = VECTOR('',#841,1.);
#841 = DIRECTION('',(-0.,1.,-0.));
#842 = ORIENTED_EDGE('',*,*,#843,.F.);
#843 = EDGE_CURVE('',#815,#836,#844,.T.);
#844 = LINE('',#845,#846);
#845 = CARTESIAN_POINT('',(0.75,1.2,3.489386302252E-16));
#846 = VECTOR('',#847,1.);
#847 = DIRECTION('',(1.993935029858E-16,0.,1.));
#848 = PLANE('',#849);
#849 = AXIS2_PLACEMENT_3D('',#850,#851,#852);
#850 = CARTESIAN_POINT('',(0.75,1.2,3.489386302252E-16));
#851 = DIRECTION('',(-1.,0.,1.993935029858E-16));
#852 = DIRECTION('',(1.993935029858E-16,0.,1.));
#853 = ADVANCED_FACE('',(#854),#887,.F.);
#854 = FACE_BOUND('',#855,.T.);
#855 = EDGE_LOOP('',(#856,#866,#872,#873,#881));
#856 = ORIENTED_EDGE('',*,*,#857,.T.);
#857 = EDGE_CURVE('',#858,#860,#862,.T.);
#858 = VERTEX_POINT('',#859);
#859 = CARTESIAN_POINT('',(3.15,0.,2.7));
#860 = VERTEX_POINT('',#861);
#861 = CARTESIAN_POINT('',(3.15,0.,3.4));
#862 = LINE('',#863,#864);
#863 = CARTESIAN_POINT('',(3.15,0.,2.7));
#864 = VECTOR('',#865,1.);
#865 = DIRECTION('',(0.,0.,1.));
#866 = ORIENTED_EDGE('',*,*,#867,.F.);
#867 = EDGE_CURVE('',#619,#860,#868,.T.);
#868 = LINE('',#869,#870);
#869 = CARTESIAN_POINT('',(3.15,0.8,3.4));
#870 = VECTOR('',#871,1.);
#871 = DIRECTION('',(-0.,-1.,-0.));
#872 = ORIENTED_EDGE('',*,*,#618,.F.);
#873 = ORIENTED_EDGE('',*,*,#874,.T.);
#874 = EDGE_CURVE('',#611,#875,#877,.T.);
#875 = VERTEX_POINT('',#876);
#876 = CARTESIAN_POINT('',(3.15,0.5,2.7));
#877 = LINE('',#878,#879);
#878 = CARTESIAN_POINT('',(3.15,0.8,2.7));
#879 = VECTOR('',#880,1.);
#880 = DIRECTION('',(-0.,-1.,-0.));
#881 = ORIENTED_EDGE('',*,*,#882,.T.);
#882 = EDGE_CURVE('',#875,#858,#883,.T.);
#883 = LINE('',#884,#885);
#884 = CARTESIAN_POINT('',(3.15,0.8,2.7));
#885 = VECTOR('',#886,1.);
#886 = DIRECTION('',(0.,-1.,-0.));
#887 = PLANE('',#888);
#888 = AXIS2_PLACEMENT_3D('',#889,#890,#891);
#889 = CARTESIAN_POINT('',(3.15,0.8,2.7));
#890 = DIRECTION('',(1.,0.,0.));
#891 = DIRECTION('',(0.,0.,-1.));
#892 = ADVANCED_FACE('',(#893),#926,.F.);
#893 = FACE_BOUND('',#894,.T.);
#894 = EDGE_LOOP('',(#895,#905,#913,#919,#920));
#895 = ORIENTED_EDGE('',*,*,#896,.T.);
#896 = EDGE_CURVE('',#897,#899,#901,.T.);
#897 = VERTEX_POINT('',#898);
#898 = CARTESIAN_POINT('',(3.15,0.,-2.35));
#899 = VERTEX_POINT('',#900);
#900 = CARTESIAN_POINT('',(3.15,0.,-1.65));
#901 = LINE('',#902,#903);
#902 = CARTESIAN_POINT('',(3.15,0.,-2.35));
#903 = VECTOR('',#904,1.);
#904 = DIRECTION('',(0.,0.,1.));
#905 = ORIENTED_EDGE('',*,*,#906,.F.);
#906 = EDGE_CURVE('',#907,#899,#909,.T.);
#907 = VERTEX_POINT('',#908);
#908 = CARTESIAN_POINT('',(3.15,0.5,-1.65));
#909 = LINE('',#910,#911);
#910 = CARTESIAN_POINT('',(3.15,0.8,-1.65));
#911 = VECTOR('',#912,1.);
#912 = DIRECTION('',(-0.,-1.,-0.));
#913 = ORIENTED_EDGE('',*,*,#914,.F.);
#914 = EDGE_CURVE('',#431,#907,#915,.T.);
#915 = LINE('',#916,#917);
#916 = CARTESIAN_POINT('',(3.15,0.8,-1.65));
#917 = VECTOR('',#918,1.);
#918 = DIRECTION('',(-0.,-1.,-0.));
#919 = ORIENTED_EDGE('',*,*,#430,.F.);
#920 = ORIENTED_EDGE('',*,*,#921,.T.);
#921 = EDGE_CURVE('',#423,#897,#922,.T.);
#922 = LINE('',#923,#924);
#923 = CARTESIAN_POINT('',(3.15,0.8,-2.35));
#924 = VECTOR('',#925,1.);
#925 = DIRECTION('',(-0.,-1.,-0.));
#926 = PLANE('',#927);
#927 = AXIS2_PLACEMENT_3D('',#928,#929,#930);
#928 = CARTESIAN_POINT('',(3.15,0.8,-2.35));
#929 = DIRECTION('',(1.,0.,0.));
#930 = DIRECTION('',(0.,0.,-1.));
#931 = ADVANCED_FACE('',(#932),#966,.F.);
#932 = FACE_BOUND('',#933,.T.);
#933 = EDGE_LOOP('',(#934,#944,#952,#960));
#934 = ORIENTED_EDGE('',*,*,#935,.T.);
#935 = EDGE_CURVE('',#936,#938,#940,.T.);
#936 = VERTEX_POINT('',#937);
#937 = CARTESIAN_POINT('',(2.18,1.2,0.32));
#938 = VERTEX_POINT('',#939);
#939 = CARTESIAN_POINT('',(2.82,1.2,0.32));
#940 = LINE('',#941,#942);
#941 = CARTESIAN_POINT('',(2.5,1.2,0.32));
#942 = VECTOR('',#943,1.);
#943 = DIRECTION('',(1.,-0.,0.));
#944 = ORIENTED_EDGE('',*,*,#945,.F.);
#945 = EDGE_CURVE('',#946,#938,#948,.T.);
#946 = VERTEX_POINT('',#947);
#947 = CARTESIAN_POINT('',(2.82,0.5,0.32));
#948 = LINE('',#949,#950);
#949 = CARTESIAN_POINT('',(2.82,0.,0.32));
#950 = VECTOR('',#951,1.);
#951 = DIRECTION('',(-0.,1.,-0.));
#952 = ORIENTED_EDGE('',*,*,#953,.T.);
#953 = EDGE_CURVE('',#946,#954,#956,.T.);
#954 = VERTEX_POINT('',#955);
#955 = CARTESIAN_POINT('',(2.18,0.5,0.32));
#956 = LINE('',#957,#958);
#957 = CARTESIAN_POINT('',(2.5,0.5,0.32));
#958 = VECTOR('',#959,1.);
#959 = DIRECTION('',(-1.,0.,0.));
#960 = ORIENTED_EDGE('',*,*,#961,.T.);
#961 = EDGE_CURVE('',#954,#936,#962,.T.);
#962 = LINE('',#963,#964);
#963 = CARTESIAN_POINT('',(2.18,0.,0.32));
#964 = VECTOR('',#965,1.);
#965 = DIRECTION('',(-0.,1.,-0.));
#966 = PLANE('',#967);
#967 = AXIS2_PLACEMENT_3D('',#968,#969,#970);
#968 = CARTESIAN_POINT('',(2.82,0.,0.32));
#969 = DIRECTION('',(0.,0.,1.));
#970 = DIRECTION('',(1.,0.,-0.));
#971 = ADVANCED_FACE('',(#972),#997,.F.);
#972 = FACE_BOUND('',#973,.T.);
#973 = EDGE_LOOP('',(#974,#982,#983,#991));
#974 = ORIENTED_EDGE('',*,*,#975,.T.);
#975 = EDGE_CURVE('',#976,#936,#978,.T.);
#976 = VERTEX_POINT('',#977);
#977 = CARTESIAN_POINT('',(2.18,1.2,-0.32));
#978 = LINE('',#979,#980);
#979 = CARTESIAN_POINT('',(2.18,1.2,0.));
#980 = VECTOR('',#981,1.);
#981 = DIRECTION('',(0.,0.,1.));
#982 = ORIENTED_EDGE('',*,*,#961,.F.);
#983 = ORIENTED_EDGE('',*,*,#984,.T.);
#984 = EDGE_CURVE('',#954,#985,#987,.T.);
#985 = VERTEX_POINT('',#986);
#986 = CARTESIAN_POINT('',(2.18,0.5,-0.32));
#987 = LINE('',#988,#989);
#988 = CARTESIAN_POINT('',(2.18,0.5,0.));
#989 = VECTOR('',#990,1.);
#990 = DIRECTION('',(0.,0.,-1.));
#991 = ORIENTED_EDGE('',*,*,#992,.T.);
#992 = EDGE_CURVE('',#985,#976,#993,.T.);
#993 = LINE('',#994,#995);
#994 = CARTESIAN_POINT('',(2.18,0.,-0.32));
#995 = VECTOR('',#996,1.);
#996 = DIRECTION('',(-0.,1.,-0.));
#997 = PLANE('',#998);
#998 = AXIS2_PLACEMENT_3D('',#999,#1000,#1001);
#999 = CARTESIAN_POINT('',(2.18,0.,0.32));
#1000 = DIRECTION('',(-1.,0.,-0.));
#1001 = DIRECTION('',(0.,0.,1.));
#1002 = ADVANCED_FACE('',(#1003),#1028,.F.);
#1003 = FACE_BOUND('',#1004,.T.);
#1004 = EDGE_LOOP('',(#1005,#1013,#1014,#1022));
#1005 = ORIENTED_EDGE('',*,*,#1006,.T.);
#1006 = EDGE_CURVE('',#1007,#976,#1009,.T.);
#1007 = VERTEX_POINT('',#1008);
#1008 = CARTESIAN_POINT('',(2.82,1.2,-0.32));
#1009 = LINE('',#1010,#1011);
#1010 = CARTESIAN_POINT('',(2.5,1.2,-0.32));
#1011 = VECTOR('',#1012,1.);
#1012 = DIRECTION('',(-1.,0.,0.));
#1013 = ORIENTED_EDGE('',*,*,#992,.F.);
#1014 = ORIENTED_EDGE('',*,*,#1015,.T.);
#1015 = EDGE_CURVE('',#985,#1016,#1018,.T.);
#1016 = VERTEX_POINT('',#1017);
#1017 = CARTESIAN_POINT('',(2.82,0.5,-0.32));
#1018 = LINE('',#1019,#1020);
#1019 = CARTESIAN_POINT('',(2.5,0.5,-0.32));
#1020 = VECTOR('',#1021,1.);
#1021 = DIRECTION('',(1.,0.,0.));
#1022 = ORIENTED_EDGE('',*,*,#1023,.T.);
#1023 = EDGE_CURVE('',#1016,#1007,#1024,.T.);
#1024 = LINE('',#1025,#1026);
#1025 = CARTESIAN_POINT('',(2.82,0.,-0.32));
#1026 = VECTOR('',#1027,1.);
#1027 = DIRECTION('',(-0.,1.,-0.));
#1028 = PLANE('',#1029);
#1029 = AXIS2_PLACEMENT_3D('',#1030,#1031,#1032);
#1030 = CARTESIAN_POINT('',(2.82,0.,-0.32));
#1031 = DIRECTION('',(-0.,0.,-1.));
#1032 = DIRECTION('',(-1.,0.,0.));
#1033 = ADVANCED_FACE('',(#1034),#1050,.F.);
#1034 = FACE_BOUND('',#1035,.T.);
#1035 = EDGE_LOOP('',(#1036,#1042,#1043,#1049));
#1036 = ORIENTED_EDGE('',*,*,#1037,.T.);
#1037 = EDGE_CURVE('',#938,#1007,#1038,.T.);
#1038 = LINE('',#1039,#1040);
#1039 = CARTESIAN_POINT('',(2.82,1.2,0.));
#1040 = VECTOR('',#1041,1.);
#1041 = DIRECTION('',(0.,-0.,-1.));
#1042 = ORIENTED_EDGE('',*,*,#1023,.F.);
#1043 = ORIENTED_EDGE('',*,*,#1044,.T.);
#1044 = EDGE_CURVE('',#1016,#946,#1045,.T.);
#1045 = LINE('',#1046,#1047);
#1046 = CARTESIAN_POINT('',(2.82,0.5,0.));
#1047 = VECTOR('',#1048,1.);
#1048 = DIRECTION('',(-0.,0.,1.));
#1049 = ORIENTED_EDGE('',*,*,#945,.T.);
#1050 = PLANE('',#1051);
#1051 = AXIS2_PLACEMENT_3D('',#1052,#1053,#1054);
#1052 = CARTESIAN_POINT('',(2.82,0.,0.32));
#1053 = DIRECTION('',(1.,0.,0.));
#1054 = DIRECTION('',(0.,0.,-1.));
#1055 = ADVANCED_FACE('',(#1056),#1067,.F.);
#1056 = FACE_BOUND('',#1057,.T.);
#1057 = EDGE_LOOP('',(#1058,#1064,#1065,#1066));
#1058 = ORIENTED_EDGE('',*,*,#1059,.F.);
#1059 = EDGE_CURVE('',#401,#907,#1060,.T.);
#1060 = LINE('',#1061,#1062);
#1061 = CARTESIAN_POINT('',(0.75,0.5,-1.65));
#1062 = VECTOR('',#1063,1.);
#1063 = DIRECTION('',(1.,0.,0.));
#1064 = ORIENTED_EDGE('',*,*,#400,.F.);
#1065 = ORIENTED_EDGE('',*,*,#438,.F.);
#1066 = ORIENTED_EDGE('',*,*,#914,.T.);
#1067 = PLANE('',#1068);
#1068 = AXIS2_PLACEMENT_3D('',#1069,#1070,#1071);
#1069 = CARTESIAN_POINT('',(1.85,0.8,-1.65));
#1070 = DIRECTION('',(0.,0.,1.));
#1071 = DIRECTION('',(1.,0.,-0.));
#1072 = ADVANCED_FACE('',(#1073),#1091,.F.);
#1073 = FACE_BOUND('',#1074,.T.);
#1074 = EDGE_LOOP('',(#1075,#1083,#1089,#1090));
#1075 = ORIENTED_EDGE('',*,*,#1076,.F.);
#1076 = EDGE_CURVE('',#1077,#401,#1079,.T.);
#1077 = VERTEX_POINT('',#1078);
#1078 = CARTESIAN_POINT('',(0.75,0.5,-1.65));
#1079 = LINE('',#1080,#1081);
#1080 = CARTESIAN_POINT('',(0.75,0.5,-1.65));
#1081 = VECTOR('',#1082,1.);
#1082 = DIRECTION('',(1.,0.,0.));
#1083 = ORIENTED_EDGE('',*,*,#1084,.T.);
#1084 = EDGE_CURVE('',#1077,#689,#1085,.T.);
#1085 = LINE('',#1086,#1087);
#1086 = CARTESIAN_POINT('',(0.75,0.5,-1.65));
#1087 = VECTOR('',#1088,1.);
#1088 = DIRECTION('',(-0.,-1.,-0.));
#1089 = ORIENTED_EDGE('',*,*,#688,.T.);
#1090 = ORIENTED_EDGE('',*,*,#408,.F.);
#1091 = PLANE('',#1092);
#1092 = AXIS2_PLACEMENT_3D('',#1093,#1094,#1095);
#1093 = CARTESIAN_POINT('',(0.75,0.5,-1.65));
#1094 = DIRECTION('',(0.,0.,-1.));
#1095 = DIRECTION('',(-1.,0.,-0.));
#1096 = ADVANCED_FACE('',(#1097),#1115,.F.);
#1097 = FACE_BOUND('',#1098,.T.);
#1098 = EDGE_LOOP('',(#1099,#1100,#1101,#1109));
#1099 = ORIENTED_EDGE('',*,*,#696,.T.);
#1100 = ORIENTED_EDGE('',*,*,#1084,.F.);
#1101 = ORIENTED_EDGE('',*,*,#1102,.F.);
#1102 = EDGE_CURVE('',#1103,#1077,#1105,.T.);
#1103 = VERTEX_POINT('',#1104);
#1104 = CARTESIAN_POINT('',(0.75,0.5,2.7));
#1105 = LINE('',#1106,#1107);
#1106 = CARTESIAN_POINT('',(0.75,0.5,2.7));
#1107 = VECTOR('',#1108,1.);
#1108 = DIRECTION('',(-1.993935029858E-16,0.,-1.));
#1109 = ORIENTED_EDGE('',*,*,#1110,.T.);
#1110 = EDGE_CURVE('',#1103,#697,#1111,.T.);
#1111 = LINE('',#1112,#1113);
#1112 = CARTESIAN_POINT('',(0.75,0.5,2.7));
#1113 = VECTOR('',#1114,1.);
#1114 = DIRECTION('',(-0.,-1.,-0.));
#1115 = PLANE('',#1116);
#1116 = AXIS2_PLACEMENT_3D('',#1117,#1118,#1119);
#1117 = CARTESIAN_POINT('',(0.75,0.5,2.7));
#1118 = DIRECTION('',(-1.,0.,1.993935029858E-16));
#1119 = DIRECTION('',(1.993935029858E-16,0.,1.));
#1120 = ADVANCED_FACE('',(#1121),#1132,.F.);
#1121 = FACE_BOUND('',#1122,.T.);
#1122 = EDGE_LOOP('',(#1123,#1124,#1125,#1131));
#1123 = ORIENTED_EDGE('',*,*,#704,.T.);
#1124 = ORIENTED_EDGE('',*,*,#1110,.F.);
#1125 = ORIENTED_EDGE('',*,*,#1126,.F.);
#1126 = EDGE_CURVE('',#659,#1103,#1127,.T.);
#1127 = LINE('',#1128,#1129);
#1128 = CARTESIAN_POINT('',(9.25,0.5,2.7));
#1129 = VECTOR('',#1130,1.);
#1130 = DIRECTION('',(-1.,0.,0.));
#1131 = ORIENTED_EDGE('',*,*,#658,.F.);
#1132 = PLANE('',#1133);
#1133 = AXIS2_PLACEMENT_3D('',#1134,#1135,#1136);
#1134 = CARTESIAN_POINT('',(9.25,0.5,2.7));
#1135 = DIRECTION('',(0.,-0.,1.));
#1136 = DIRECTION('',(1.,0.,0.));
#1137 = ADVANCED_FACE('',(#1138),#1149,.F.);
#1138 = FACE_BOUND('',#1139,.T.);
#1139 = EDGE_LOOP('',(#1140,#1146,#1147,#1148));
#1140 = ORIENTED_EDGE('',*,*,#1141,.F.);
#1141 = EDGE_CURVE('',#875,#659,#1142,.T.);
#1142 = LINE('',#1143,#1144);
#1143 = CARTESIAN_POINT('',(9.25,0.5,2.7));
#1144 = VECTOR('',#1145,1.);
#1145 = DIRECTION('',(-1.,0.,0.));
#1146 = ORIENTED_EDGE('',*,*,#874,.F.);
#1147 = ORIENTED_EDGE('',*,*,#608,.F.);
#1148 = ORIENTED_EDGE('',*,*,#666,.T.);
#1149 = PLANE('',#1150);
#1150 = AXIS2_PLACEMENT_3D('',#1151,#1152,#1153);
#1151 = CARTESIAN_POINT('',(1.85,0.8,2.7));
#1152 = DIRECTION('',(0.,0.,-1.));
#1153 = DIRECTION('',(-1.,0.,-0.));
#1154 = ADVANCED_FACE('',(#1155),#1173,.T.);
#1155 = FACE_BOUND('',#1156,.T.);
#1156 = EDGE_LOOP('',(#1157,#1158,#1166,#1172));
#1157 = ORIENTED_EDGE('',*,*,#790,.F.);
#1158 = ORIENTED_EDGE('',*,*,#1159,.F.);
#1159 = EDGE_CURVE('',#1160,#783,#1162,.T.);
#1160 = VERTEX_POINT('',#1161);
#1161 = CARTESIAN_POINT('',(0.46,7.,2.99));
#1162 = LINE('',#1163,#1164);
#1163 = CARTESIAN_POINT('',(0.46,7.,-0.125));
#1164 = VECTOR('',#1165,1.);
#1165 = DIRECTION('',(-1.993935029858E-16,0.,-1.));
#1166 = ORIENTED_EDGE('',*,*,#1167,.T.);
#1167 = EDGE_CURVE('',#1160,#828,#1168,.T.);
#1168 = LINE('',#1169,#1170);
#1169 = CARTESIAN_POINT('',(1.29,5.562397829718,2.16));
#1170 = VECTOR('',#1171,1.);
#1171 = DIRECTION('',(0.4472135955,-0.774596669241,-0.4472135955));
#1172 = ORIENTED_EDGE('',*,*,#827,.F.);
#1173 = PLANE('',#1174);
#1174 = AXIS2_PLACEMENT_3D('',#1175,#1176,#1177);
#1175 = CARTESIAN_POINT('',(0.75,6.497705265805,3.489386302252E-16));
#1176 = DIRECTION('',(0.866025403784,0.5,-1.726798389353E-16));
#1177 = DIRECTION('',(-1.993935029858E-16,1.232595164408E-32,-1.));
#1178 = ADVANCED_FACE('',(#1179,#1204,#1210),#1244,.T.);
#1179 = FACE_BOUND('',#1180,.T.);
#1180 = EDGE_LOOP('',(#1181,#1189,#1197,#1203));
#1181 = ORIENTED_EDGE('',*,*,#1182,.T.);
#1182 = EDGE_CURVE('',#836,#1183,#1185,.T.);
#1183 = VERTEX_POINT('',#1184);
#1184 = CARTESIAN_POINT('',(6.75,1.2,2.7));
#1185 = LINE('',#1186,#1187);
#1186 = CARTESIAN_POINT('',(2.5,1.2,2.7));
#1187 = VECTOR('',#1188,1.);
#1188 = DIRECTION('',(1.,-0.,0.));
#1189 = ORIENTED_EDGE('',*,*,#1190,.T.);
#1190 = EDGE_CURVE('',#1183,#1191,#1193,.T.);
#1191 = VERTEX_POINT('',#1192);
#1192 = CARTESIAN_POINT('',(6.75,1.2,-1.65));
#1193 = LINE('',#1194,#1195);
#1194 = CARTESIAN_POINT('',(6.75,1.2,0.));
#1195 = VECTOR('',#1196,1.);
#1196 = DIRECTION('',(0.,0.,-1.));
#1197 = ORIENTED_EDGE('',*,*,#1198,.T.);
#1198 = EDGE_CURVE('',#1191,#815,#1199,.T.);
#1199 = LINE('',#1200,#1201);
#1200 = CARTESIAN_POINT('',(2.5,1.2,-1.65));
#1201 = VECTOR('',#1202,1.);
#1202 = DIRECTION('',(-1.,0.,0.));
#1203 = ORIENTED_EDGE('',*,*,#843,.T.);
#1204 = FACE_BOUND('',#1205,.T.);
#1205 = EDGE_LOOP('',(#1206,#1207,#1208,#1209));
#1206 = ORIENTED_EDGE('',*,*,#1037,.F.);
#1207 = ORIENTED_EDGE('',*,*,#935,.F.);
#1208 = ORIENTED_EDGE('',*,*,#975,.F.);
#1209 = ORIENTED_EDGE('',*,*,#1006,.F.);
#1210 = FACE_BOUND('',#1211,.T.);
#1211 = EDGE_LOOP('',(#1212,#1222,#1230,#1238));
#1212 = ORIENTED_EDGE('',*,*,#1213,.F.);
#1213 = EDGE_CURVE('',#1214,#1216,#1218,.T.);
#1214 = VERTEX_POINT('',#1215);
#1215 = CARTESIAN_POINT('',(5.32,1.2,0.32));
#1216 = VERTEX_POINT('',#1217);
#1217 = CARTESIAN_POINT('',(5.32,1.2,-0.32));
#1218 = LINE('',#1219,#1220);
#1219 = CARTESIAN_POINT('',(5.32,1.2,0.));
#1220 = VECTOR('',#1221,1.);
#1221 = DIRECTION('',(0.,-0.,-1.));
#1222 = ORIENTED_EDGE('',*,*,#1223,.F.);
#1223 = EDGE_CURVE('',#1224,#1214,#1226,.T.);
#1224 = VERTEX_POINT('',#1225);
#1225 = CARTESIAN_POINT('',(4.68,1.2,0.32));
#1226 = LINE('',#1227,#1228);
#1227 = CARTESIAN_POINT('',(0.,1.2,0.32));
#1228 = VECTOR('',#1229,1.);
#1229 = DIRECTION('',(1.,-0.,0.));
#1230 = ORIENTED_EDGE('',*,*,#1231,.F.);
#1231 = EDGE_CURVE('',#1232,#1224,#1234,.T.);
#1232 = VERTEX_POINT('',#1233);
#1233 = CARTESIAN_POINT('',(4.68,1.2,-0.32));
#1234 = LINE('',#1235,#1236);
#1235 = CARTESIAN_POINT('',(4.68,1.2,0.));
#1236 = VECTOR('',#1237,1.);
#1237 = DIRECTION('',(0.,0.,1.));
#1238 = ORIENTED_EDGE('',*,*,#1239,.F.);
#1239 = EDGE_CURVE('',#1216,#1232,#1240,.T.);
#1240 = LINE('',#1241,#1242);
#1241 = CARTESIAN_POINT('',(0.,1.2,-0.32));
#1242 = VECTOR('',#1243,1.);
#1243 = DIRECTION('',(-1.,0.,0.));
#1244 = PLANE('',#1245);
#1245 = AXIS2_PLACEMENT_3D('',#1246,#1247,#1248);
#1246 = CARTESIAN_POINT('',(2.5,1.2,0.));
#1247 = DIRECTION('',(0.,1.,-0.));
#1248 = DIRECTION('',(0.,0.,1.));
#1249 = ADVANCED_FACE('',(#1250),#1275,.T.);
#1250 = FACE_BOUND('',#1251,.T.);
#1251 = EDGE_LOOP('',(#1252,#1260,#1268,#1274));
#1252 = ORIENTED_EDGE('',*,*,#1253,.F.);
#1253 = EDGE_CURVE('',#1254,#1160,#1256,.T.);
#1254 = VERTEX_POINT('',#1255);
#1255 = CARTESIAN_POINT('',(7.04,7.,2.99));
#1256 = LINE('',#1257,#1258);
#1257 = CARTESIAN_POINT('',(0.75,7.,2.99));
#1258 = VECTOR('',#1259,1.);
#1259 = DIRECTION('',(-1.,0.,0.));
#1260 = ORIENTED_EDGE('',*,*,#1261,.T.);
#1261 = EDGE_CURVE('',#1254,#1262,#1264,.T.);
#1262 = VERTEX_POINT('',#1263);
#1263 = CARTESIAN_POINT('',(6.75,6.497705265805,2.7));
#1264 = LINE('',#1265,#1266);
#1265 = CARTESIAN_POINT('',(6.21,5.562397829718,2.16));
#1266 = VECTOR('',#1267,1.);
#1267 = DIRECTION('',(-0.4472135955,-0.774596669241,-0.4472135955));
#1268 = ORIENTED_EDGE('',*,*,#1269,.F.);
#1269 = EDGE_CURVE('',#828,#1262,#1270,.T.);
#1270 = LINE('',#1271,#1272);
#1271 = CARTESIAN_POINT('',(9.25,6.497705265805,2.7));
#1272 = VECTOR('',#1273,1.);
#1273 = DIRECTION('',(1.,0.,0.));
#1274 = ORIENTED_EDGE('',*,*,#1167,.F.);
#1275 = PLANE('',#1276);
#1276 = AXIS2_PLACEMENT_3D('',#1277,#1278,#1279);
#1277 = CARTESIAN_POINT('',(2.5,6.497705265805,2.7));
#1278 = DIRECTION('',(0.,0.5,-0.866025403784));
#1279 = DIRECTION('',(-1.,0.,0.));
#1280 = ADVANCED_FACE('',(#1281),#1292,.F.);
#1281 = FACE_BOUND('',#1282,.T.);
#1282 = EDGE_LOOP('',(#1283,#1284,#1290,#1291));
#1283 = ORIENTED_EDGE('',*,*,#1269,.T.);
#1284 = ORIENTED_EDGE('',*,*,#1285,.F.);
#1285 = EDGE_CURVE('',#1183,#1262,#1286,.T.);
#1286 = LINE('',#1287,#1288);
#1287 = CARTESIAN_POINT('',(6.75,1.2,2.7));
#1288 = VECTOR('',#1289,1.);
#1289 = DIRECTION('',(-0.,1.,-0.));
#1290 = ORIENTED_EDGE('',*,*,#1182,.F.);
#1291 = ORIENTED_EDGE('',*,*,#835,.T.);
#1292 = PLANE('',#1293);
#1293 = AXIS2_PLACEMENT_3D('',#1294,#1295,#1296);
#1294 = CARTESIAN_POINT('',(2.5,1.2,2.7));
#1295 = DIRECTION('',(0.,0.,1.));
#1296 = DIRECTION('',(1.,0.,-0.));
#1297 = ADVANCED_FACE('',(#1298),#1334,.T.);
#1298 = FACE_BOUND('',#1299,.T.);
#1299 = EDGE_LOOP('',(#1300,#1308,#1316,#1324,#1330,#1331,#1332,#1333));
#1300 = ORIENTED_EDGE('',*,*,#1301,.T.);
#1301 = EDGE_CURVE('',#752,#1302,#1304,.T.);
#1302 = VERTEX_POINT('',#1303);
#1303 = CARTESIAN_POINT('',(7.45,7.,3.4));
#1304 = LINE('',#1305,#1306);
#1305 = CARTESIAN_POINT('',(2.5,7.,3.4));
#1306 = VECTOR('',#1307,1.);
#1307 = DIRECTION('',(1.,-0.,0.));
#1308 = ORIENTED_EDGE('',*,*,#1309,.F.);
#1309 = EDGE_CURVE('',#1310,#1302,#1312,.T.);
#1310 = VERTEX_POINT('',#1311);
#1311 = CARTESIAN_POINT('',(7.45,7.,-0.125));
#1312 = LINE('',#1313,#1314);
#1313 = CARTESIAN_POINT('',(7.45,7.,0.));
#1314 = VECTOR('',#1315,1.);
#1315 = DIRECTION('',(0.,0.,1.));
#1316 = ORIENTED_EDGE('',*,*,#1317,.T.);
#1317 = EDGE_CURVE('',#1310,#1318,#1320,.T.);
#1318 = VERTEX_POINT('',#1319);
#1319 = CARTESIAN_POINT('',(7.04,7.,-0.125));
#1320 = LINE('',#1321,#1322);
#1321 = CARTESIAN_POINT('',(7.45,7.,-0.125));
#1322 = VECTOR('',#1323,1.);
#1323 = DIRECTION('',(-1.,-0.,-0.));
#1324 = ORIENTED_EDGE('',*,*,#1325,.T.);
#1325 = EDGE_CURVE('',#1318,#1254,#1326,.T.);
#1326 = LINE('',#1327,#1328);
#1327 = CARTESIAN_POINT('',(7.04,7.,2.7));
#1328 = VECTOR('',#1329,1.);
#1329 = DIRECTION('',(0.,0.,1.));
#1330 = ORIENTED_EDGE('',*,*,#1253,.T.);
#1331 = ORIENTED_EDGE('',*,*,#1159,.T.);
#1332 = ORIENTED_EDGE('',*,*,#782,.T.);
#1333 = ORIENTED_EDGE('',*,*,#759,.T.);
#1334 = PLANE('',#1335);
#1335 = AXIS2_PLACEMENT_3D('',#1336,#1337,#1338);
#1336 = CARTESIAN_POINT('',(2.5,7.,0.));
#1337 = DIRECTION('',(0.,1.,-0.));
#1338 = DIRECTION('',(0.,0.,1.));
#1339 = ADVANCED_FACE('',(#1340),#1394,.F.);
#1340 = FACE_BOUND('',#1341,.T.);
#1341 = EDGE_LOOP('',(#1342,#1350,#1358,#1366,#1374,#1382,#1388,#1389,
    #1390,#1391,#1392,#1393));
#1342 = ORIENTED_EDGE('',*,*,#1343,.T.);
#1343 = EDGE_CURVE('',#860,#1344,#1346,.T.);
#1344 = VERTEX_POINT('',#1345);
#1345 = CARTESIAN_POINT('',(4.35,0.,3.4));
#1346 = LINE('',#1347,#1348);
#1347 = CARTESIAN_POINT('',(2.5,0.,3.4));
#1348 = VECTOR('',#1349,1.);
#1349 = DIRECTION('',(1.,-0.,0.));
#1350 = ORIENTED_EDGE('',*,*,#1351,.F.);
#1351 = EDGE_CURVE('',#1352,#1344,#1354,.T.);
#1352 = VERTEX_POINT('',#1353);
#1353 = CARTESIAN_POINT('',(4.35,0.8,3.4));
#1354 = LINE('',#1355,#1356);
#1355 = CARTESIAN_POINT('',(4.35,0.8,3.4));
#1356 = VECTOR('',#1357,1.);
#1357 = DIRECTION('',(-0.,-1.,-0.));
#1358 = ORIENTED_EDGE('',*,*,#1359,.F.);
#1359 = EDGE_CURVE('',#1360,#1352,#1362,.T.);
#1360 = VERTEX_POINT('',#1361);
#1361 = CARTESIAN_POINT('',(5.65,0.8,3.4));
#1362 = LINE('',#1363,#1364);
#1363 = CARTESIAN_POINT('',(4.35,0.8,3.4));
#1364 = VECTOR('',#1365,1.);
#1365 = DIRECTION('',(-1.,-0.,-5.004010026856E-15));
#1366 = ORIENTED_EDGE('',*,*,#1367,.T.);
#1367 = EDGE_CURVE('',#1360,#1368,#1370,.T.);
#1368 = VERTEX_POINT('',#1369);
#1369 = CARTESIAN_POINT('',(5.65,0.,3.4));
#1370 = LINE('',#1371,#1372);
#1371 = CARTESIAN_POINT('',(5.65,0.8,3.4));
#1372 = VECTOR('',#1373,1.);
#1373 = DIRECTION('',(-0.,-1.,-0.));
#1374 = ORIENTED_EDGE('',*,*,#1375,.T.);
#1375 = EDGE_CURVE('',#1368,#1376,#1378,.T.);
#1376 = VERTEX_POINT('',#1377);
#1377 = CARTESIAN_POINT('',(7.45,0.,3.4));
#1378 = LINE('',#1379,#1380);
#1379 = CARTESIAN_POINT('',(0.,0.,3.4));
#1380 = VECTOR('',#1381,1.);
#1381 = DIRECTION('',(1.,-0.,0.));
#1382 = ORIENTED_EDGE('',*,*,#1383,.F.);
#1383 = EDGE_CURVE('',#1302,#1376,#1384,.T.);
#1384 = LINE('',#1385,#1386);
#1385 = CARTESIAN_POINT('',(7.45,7.,3.4));
#1386 = VECTOR('',#1387,1.);
#1387 = DIRECTION('',(-0.,-1.,-0.));
#1388 = ORIENTED_EDGE('',*,*,#1301,.F.);
#1389 = ORIENTED_EDGE('',*,*,#751,.T.);
#1390 = ORIENTED_EDGE('',*,*,#711,.T.);
#1391 = ORIENTED_EDGE('',*,*,#673,.F.);
#1392 = ORIENTED_EDGE('',*,*,#626,.F.);
#1393 = ORIENTED_EDGE('',*,*,#867,.T.);
#1394 = PLANE('',#1395);
#1395 = AXIS2_PLACEMENT_3D('',#1396,#1397,#1398);
#1396 = CARTESIAN_POINT('',(2.5,7.,3.4));
#1397 = DIRECTION('',(0.,0.,-1.));
#1398 = DIRECTION('',(-1.,0.,-0.));
#1399 = ADVANCED_FACE('',(#1400,#1461,#1467),#1501,.T.);
#1400 = FACE_BOUND('',#1401,.T.);
#1401 = EDGE_LOOP('',(#1402,#1410,#1418,#1426,#1434,#1442,#1450,#1456,
    #1457,#1458,#1459,#1460));
#1402 = ORIENTED_EDGE('',*,*,#1403,.T.);
#1403 = EDGE_CURVE('',#907,#1404,#1406,.T.);
#1404 = VERTEX_POINT('',#1405);
#1405 = CARTESIAN_POINT('',(4.35,0.5,-1.65));
#1406 = LINE('',#1407,#1408);
#1407 = CARTESIAN_POINT('',(0.75,0.5,-1.65));
#1408 = VECTOR('',#1409,1.);
#1409 = DIRECTION('',(1.,0.,0.));
#1410 = ORIENTED_EDGE('',*,*,#1411,.T.);
#1411 = EDGE_CURVE('',#1404,#1412,#1414,.T.);
#1412 = VERTEX_POINT('',#1413);
#1413 = CARTESIAN_POINT('',(5.65,0.5,-1.65));
#1414 = LINE('',#1415,#1416);
#1415 = CARTESIAN_POINT('',(-1.75,0.5,-1.65));
#1416 = VECTOR('',#1417,1.);
#1417 = DIRECTION('',(1.,0.,0.));
#1418 = ORIENTED_EDGE('',*,*,#1419,.T.);
#1419 = EDGE_CURVE('',#1412,#1420,#1422,.T.);
#1420 = VERTEX_POINT('',#1421);
#1421 = CARTESIAN_POINT('',(6.75,0.5,-1.65));
#1422 = LINE('',#1423,#1424);
#1423 = CARTESIAN_POINT('',(-1.75,0.5,-1.65));
#1424 = VECTOR('',#1425,1.);
#1425 = DIRECTION('',(1.,0.,0.));
#1426 = ORIENTED_EDGE('',*,*,#1427,.T.);
#1427 = EDGE_CURVE('',#1420,#1428,#1430,.T.);
#1428 = VERTEX_POINT('',#1429);
#1429 = CARTESIAN_POINT('',(6.75,0.5,2.7));
#1430 = LINE('',#1431,#1432);
#1431 = CARTESIAN_POINT('',(6.75,0.5,-1.65));
#1432 = VECTOR('',#1433,1.);
#1433 = DIRECTION('',(0.,0.,1.));
#1434 = ORIENTED_EDGE('',*,*,#1435,.T.);
#1435 = EDGE_CURVE('',#1428,#1436,#1438,.T.);
#1436 = VERTEX_POINT('',#1437);
#1437 = CARTESIAN_POINT('',(5.65,0.5,2.7));
#1438 = LINE('',#1439,#1440);
#1439 = CARTESIAN_POINT('',(6.75,0.5,2.7));
#1440 = VECTOR('',#1441,1.);
#1441 = DIRECTION('',(-1.,0.,0.));
#1442 = ORIENTED_EDGE('',*,*,#1443,.T.);
#1443 = EDGE_CURVE('',#1436,#1444,#1446,.T.);
#1444 = VERTEX_POINT('',#1445);
#1445 = CARTESIAN_POINT('',(4.35,0.5,2.7));
#1446 = LINE('',#1447,#1448);
#1447 = CARTESIAN_POINT('',(6.75,0.5,2.7));
#1448 = VECTOR('',#1449,1.);
#1449 = DIRECTION('',(-1.,0.,0.));
#1450 = ORIENTED_EDGE('',*,*,#1451,.T.);
#1451 = EDGE_CURVE('',#1444,#875,#1452,.T.);
#1452 = LINE('',#1453,#1454);
#1453 = CARTESIAN_POINT('',(9.25,0.5,2.7));
#1454 = VECTOR('',#1455,1.);
#1455 = DIRECTION('',(-1.,0.,0.));
#1456 = ORIENTED_EDGE('',*,*,#1141,.T.);
#1457 = ORIENTED_EDGE('',*,*,#1126,.T.);
#1458 = ORIENTED_EDGE('',*,*,#1102,.T.);
#1459 = ORIENTED_EDGE('',*,*,#1076,.T.);
#1460 = ORIENTED_EDGE('',*,*,#1059,.T.);
#1461 = FACE_BOUND('',#1462,.T.);
#1462 = EDGE_LOOP('',(#1463,#1464,#1465,#1466));
#1463 = ORIENTED_EDGE('',*,*,#1044,.F.);
#1464 = ORIENTED_EDGE('',*,*,#1015,.F.);
#1465 = ORIENTED_EDGE('',*,*,#984,.F.);
#1466 = ORIENTED_EDGE('',*,*,#953,.F.);
#1467 = FACE_BOUND('',#1468,.T.);
#1468 = EDGE_LOOP('',(#1469,#1479,#1487,#1495));
#1469 = ORIENTED_EDGE('',*,*,#1470,.F.);
#1470 = EDGE_CURVE('',#1471,#1473,#1475,.T.);
#1471 = VERTEX_POINT('',#1472);
#1472 = CARTESIAN_POINT('',(5.32,0.5,-0.32));
#1473 = VERTEX_POINT('',#1474);
#1474 = CARTESIAN_POINT('',(5.32,0.5,0.32));
#1475 = LINE('',#1476,#1477);
#1476 = CARTESIAN_POINT('',(5.32,0.5,0.));
#1477 = VECTOR('',#1478,1.);
#1478 = DIRECTION('',(-0.,0.,1.));
#1479 = ORIENTED_EDGE('',*,*,#1480,.F.);
#1480 = EDGE_CURVE('',#1481,#1471,#1483,.T.);
#1481 = VERTEX_POINT('',#1482);
#1482 = CARTESIAN_POINT('',(4.68,0.5,-0.32));
#1483 = LINE('',#1484,#1485);
#1484 = CARTESIAN_POINT('',(0.,0.5,-0.32));
#1485 = VECTOR('',#1486,1.);
#1486 = DIRECTION('',(1.,0.,0.));
#1487 = ORIENTED_EDGE('',*,*,#1488,.F.);
#1488 = EDGE_CURVE('',#1489,#1481,#1491,.T.);
#1489 = VERTEX_POINT('',#1490);
#1490 = CARTESIAN_POINT('',(4.68,0.5,0.32));
#1491 = LINE('',#1492,#1493);
#1492 = CARTESIAN_POINT('',(4.68,0.5,0.));
#1493 = VECTOR('',#1494,1.);
#1494 = DIRECTION('',(0.,0.,-1.));
#1495 = ORIENTED_EDGE('',*,*,#1496,.F.);
#1496 = EDGE_CURVE('',#1473,#1489,#1497,.T.);
#1497 = LINE('',#1498,#1499);
#1498 = CARTESIAN_POINT('',(0.,0.5,0.32));
#1499 = VECTOR('',#1500,1.);
#1500 = DIRECTION('',(-1.,0.,0.));
#1501 = PLANE('',#1502);
#1502 = AXIS2_PLACEMENT_3D('',#1503,#1504,#1505);
#1503 = CARTESIAN_POINT('',(2.5,0.5,0.));
#1504 = DIRECTION('',(0.,-1.,0.));
#1505 = DIRECTION('',(0.,-0.,-1.));
#1506 = ADVANCED_FACE('',(#1507),#1525,.F.);
#1507 = FACE_BOUND('',#1508,.T.);
#1508 = EDGE_LOOP('',(#1509,#1517,#1523,#1524));
#1509 = ORIENTED_EDGE('',*,*,#1510,.T.);
#1510 = EDGE_CURVE('',#899,#1511,#1513,.T.);
#1511 = VERTEX_POINT('',#1512);
#1512 = CARTESIAN_POINT('',(4.35,0.,-1.65));
#1513 = LINE('',#1514,#1515);
#1514 = CARTESIAN_POINT('',(0.75,0.,-1.65));
#1515 = VECTOR('',#1516,1.);
#1516 = DIRECTION('',(1.,0.,0.));
#1517 = ORIENTED_EDGE('',*,*,#1518,.F.);
#1518 = EDGE_CURVE('',#1404,#1511,#1519,.T.);
#1519 = LINE('',#1520,#1521);
#1520 = CARTESIAN_POINT('',(4.35,0.8,-1.65));
#1521 = VECTOR('',#1522,1.);
#1522 = DIRECTION('',(0.,-1.,0.));
#1523 = ORIENTED_EDGE('',*,*,#1403,.F.);
#1524 = ORIENTED_EDGE('',*,*,#906,.T.);
#1525 = PLANE('',#1526);
#1526 = AXIS2_PLACEMENT_3D('',#1527,#1528,#1529);
#1527 = CARTESIAN_POINT('',(0.75,0.5,-1.65));
#1528 = DIRECTION('',(0.,0.,-1.));
#1529 = DIRECTION('',(-1.,0.,-0.));
#1530 = ADVANCED_FACE('',(#1531),#1549,.F.);
#1531 = FACE_BOUND('',#1532,.T.);
#1532 = EDGE_LOOP('',(#1533,#1534,#1542,#1548));
#1533 = ORIENTED_EDGE('',*,*,#1451,.F.);
#1534 = ORIENTED_EDGE('',*,*,#1535,.F.);
#1535 = EDGE_CURVE('',#1536,#1444,#1538,.T.);
#1536 = VERTEX_POINT('',#1537);
#1537 = CARTESIAN_POINT('',(4.35,0.,2.7));
#1538 = LINE('',#1539,#1540);
#1539 = CARTESIAN_POINT('',(4.35,0.8,2.7));
#1540 = VECTOR('',#1541,1.);
#1541 = DIRECTION('',(0.,1.,0.));
#1542 = ORIENTED_EDGE('',*,*,#1543,.T.);
#1543 = EDGE_CURVE('',#1536,#858,#1544,.T.);
#1544 = LINE('',#1545,#1546);
#1545 = CARTESIAN_POINT('',(9.25,0.,2.7));
#1546 = VECTOR('',#1547,1.);
#1547 = DIRECTION('',(-1.,0.,0.));
#1548 = ORIENTED_EDGE('',*,*,#882,.F.);
#1549 = PLANE('',#1550);
#1550 = AXIS2_PLACEMENT_3D('',#1551,#1552,#1553);
#1551 = CARTESIAN_POINT('',(9.25,0.5,2.7));
#1552 = DIRECTION('',(0.,-0.,1.));
#1553 = DIRECTION('',(1.,0.,0.));
#1554 = ADVANCED_FACE('',(#1555),#1566,.F.);
#1555 = FACE_BOUND('',#1556,.T.);
#1556 = EDGE_LOOP('',(#1557,#1558,#1564,#1565));
#1557 = ORIENTED_EDGE('',*,*,#1543,.F.);
#1558 = ORIENTED_EDGE('',*,*,#1559,.F.);
#1559 = EDGE_CURVE('',#1344,#1536,#1560,.T.);
#1560 = LINE('',#1561,#1562);
#1561 = CARTESIAN_POINT('',(4.35,0.,2.7));
#1562 = VECTOR('',#1563,1.);
#1563 = DIRECTION('',(4.956352788505E-15,-0.,-1.));
#1564 = ORIENTED_EDGE('',*,*,#1343,.F.);
#1565 = ORIENTED_EDGE('',*,*,#857,.F.);
#1566 = PLANE('',#1567);
#1567 = AXIS2_PLACEMENT_3D('',#1568,#1569,#1570);
#1568 = CARTESIAN_POINT('',(2.5,0.,0.));
#1569 = DIRECTION('',(0.,1.,-0.));
#1570 = DIRECTION('',(0.,0.,1.));
#1571 = ADVANCED_FACE('',(#1572),#1590,.F.);
#1572 = FACE_BOUND('',#1573,.T.);
#1573 = EDGE_LOOP('',(#1574,#1582,#1588,#1589));
#1574 = ORIENTED_EDGE('',*,*,#1575,.T.);
#1575 = EDGE_CURVE('',#897,#1576,#1578,.T.);
#1576 = VERTEX_POINT('',#1577);
#1577 = CARTESIAN_POINT('',(4.35,0.,-2.35));
#1578 = LINE('',#1579,#1580);
#1579 = CARTESIAN_POINT('',(2.5,0.,-2.35));
#1580 = VECTOR('',#1581,1.);
#1581 = DIRECTION('',(1.,-0.,0.));
#1582 = ORIENTED_EDGE('',*,*,#1583,.F.);
#1583 = EDGE_CURVE('',#1511,#1576,#1584,.T.);
#1584 = LINE('',#1585,#1586);
#1585 = CARTESIAN_POINT('',(4.35,0.,-2.35));
#1586 = VECTOR('',#1587,1.);
#1587 = DIRECTION('',(4.956352788505E-15,-0.,-1.));
#1588 = ORIENTED_EDGE('',*,*,#1510,.F.);
#1589 = ORIENTED_EDGE('',*,*,#896,.F.);
#1590 = PLANE('',#1591);
#1591 = AXIS2_PLACEMENT_3D('',#1592,#1593,#1594);
#1592 = CARTESIAN_POINT('',(2.5,0.,0.));
#1593 = DIRECTION('',(0.,1.,-0.));
#1594 = DIRECTION('',(0.,0.,1.));
#1595 = ADVANCED_FACE('',(#1596),#1635,.F.);
#1596 = FACE_BOUND('',#1597,.T.);
#1597 = EDGE_LOOP('',(#1598,#1607,#1608,#1609,#1610,#1611,#1612,#1613,
    #1614,#1622,#1628,#1629));
#1598 = ORIENTED_EDGE('',*,*,#1599,.F.);
#1599 = EDGE_CURVE('',#578,#1600,#1602,.T.);
#1600 = VERTEX_POINT('',#1601);
#1601 = CARTESIAN_POINT('',(5.65,4.65,-1.65));
#1602 = CIRCLE('',#1603,0.65);
#1603 = AXIS2_PLACEMENT_3D('',#1604,#1605,#1606);
#1604 = CARTESIAN_POINT('',(5.,4.65,-1.65));
#1605 = DIRECTION('',(0.,0.,1.));
#1606 = DIRECTION('',(-1.,0.,0.));
#1607 = ORIENTED_EDGE('',*,*,#577,.T.);
#1608 = ORIENTED_EDGE('',*,*,#544,.T.);
#1609 = ORIENTED_EDGE('',*,*,#513,.F.);
#1610 = ORIENTED_EDGE('',*,*,#481,.F.);
#1611 = ORIENTED_EDGE('',*,*,#456,.T.);
#1612 = ORIENTED_EDGE('',*,*,#814,.F.);
#1613 = ORIENTED_EDGE('',*,*,#1198,.F.);
#1614 = ORIENTED_EDGE('',*,*,#1615,.T.);
#1615 = EDGE_CURVE('',#1191,#1616,#1618,.T.);
#1616 = VERTEX_POINT('',#1617);
#1617 = CARTESIAN_POINT('',(6.75,6.497705265805,-1.65));
#1618 = LINE('',#1619,#1620);
#1619 = CARTESIAN_POINT('',(6.75,1.2,-1.65));
#1620 = VECTOR('',#1621,1.);
#1621 = DIRECTION('',(-0.,1.,-0.));
#1622 = ORIENTED_EDGE('',*,*,#1623,.T.);
#1623 = EDGE_CURVE('',#1616,#110,#1624,.T.);
#1624 = LINE('',#1625,#1626);
#1625 = CARTESIAN_POINT('',(5.65,6.497705265805,-1.65));
#1626 = VECTOR('',#1627,1.);
#1627 = DIRECTION('',(-1.,0.,0.));
#1628 = ORIENTED_EDGE('',*,*,#145,.F.);
#1629 = ORIENTED_EDGE('',*,*,#1630,.T.);
#1630 = EDGE_CURVE('',#138,#1600,#1631,.T.);
#1631 = LINE('',#1632,#1633);
#1632 = CARTESIAN_POINT('',(5.65,1.2,-1.65));
#1633 = VECTOR('',#1634,1.);
#1634 = DIRECTION('',(-2.040851148208E-15,-1.,0.));
#1635 = PLANE('',#1636);
#1636 = AXIS2_PLACEMENT_3D('',#1637,#1638,#1639);
#1637 = CARTESIAN_POINT('',(2.5,1.2,-1.65));
#1638 = DIRECTION('',(-0.,0.,-1.));
#1639 = DIRECTION('',(-1.,0.,0.));
#1640 = ADVANCED_FACE('',(#1641),#1734,.T.);
#1641 = FACE_BOUND('',#1642,.T.);
#1642 = EDGE_LOOP('',(#1643,#1644,#1653,#1659,#1660,#1669,#1677,#1685,
    #1693,#1701,#1709,#1717,#1723,#1724,#1725,#1726,#1727,#1728,#1729,
    #1730,#1731,#1732,#1733));
#1643 = ORIENTED_EDGE('',*,*,#593,.F.);
#1644 = ORIENTED_EDGE('',*,*,#1645,.T.);
#1645 = EDGE_CURVE('',#586,#1646,#1648,.T.);
#1646 = VERTEX_POINT('',#1647);
#1647 = CARTESIAN_POINT('',(5.65,4.65,-2.35));
#1648 = CIRCLE('',#1649,0.65);
#1649 = AXIS2_PLACEMENT_3D('',#1650,#1651,#1652);
#1650 = CARTESIAN_POINT('',(5.,4.65,-2.35));
#1651 = DIRECTION('',(0.,-0.,1.));
#1652 = DIRECTION('',(-1.,0.,0.));
#1653 = ORIENTED_EDGE('',*,*,#1654,.F.);
#1654 = EDGE_CURVE('',#129,#1646,#1655,.T.);
#1655 = LINE('',#1656,#1657);
#1656 = CARTESIAN_POINT('',(5.65,-1.153080898738E-14,-2.35));
#1657 = VECTOR('',#1658,1.);
#1658 = DIRECTION('',(-2.040851148208E-15,-1.,0.));
#1659 = ORIENTED_EDGE('',*,*,#128,.T.);
#1660 = ORIENTED_EDGE('',*,*,#1661,.T.);
#1661 = EDGE_CURVE('',#121,#1662,#1664,.T.);
#1662 = VERTEX_POINT('',#1663);
#1663 = CARTESIAN_POINT('',(5.65,6.65,-2.35));
#1664 = CIRCLE('',#1665,0.15);
#1665 = AXIS2_PLACEMENT_3D('',#1666,#1667,#1668);
#1666 = CARTESIAN_POINT('',(5.65,6.5,-2.35));
#1667 = DIRECTION('',(0.,0.,-1.));
#1668 = DIRECTION('',(-1.,0.,0.));
#1669 = ORIENTED_EDGE('',*,*,#1670,.F.);
#1670 = EDGE_CURVE('',#1671,#1662,#1673,.T.);
#1671 = VERTEX_POINT('',#1672);
#1672 = CARTESIAN_POINT('',(5.65,7.,-2.35));
#1673 = LINE('',#1674,#1675);
#1674 = CARTESIAN_POINT('',(5.65,0.,-2.35));
#1675 = VECTOR('',#1676,1.);
#1676 = DIRECTION('',(0.,-1.,0.));
#1677 = ORIENTED_EDGE('',*,*,#1678,.T.);
#1678 = EDGE_CURVE('',#1671,#1679,#1681,.T.);
#1679 = VERTEX_POINT('',#1680);
#1680 = CARTESIAN_POINT('',(7.45,7.,-2.35));
#1681 = LINE('',#1682,#1683);
#1682 = CARTESIAN_POINT('',(0.,7.,-2.35));
#1683 = VECTOR('',#1684,1.);
#1684 = DIRECTION('',(1.,-0.,0.));
#1685 = ORIENTED_EDGE('',*,*,#1686,.T.);
#1686 = EDGE_CURVE('',#1679,#1687,#1689,.T.);
#1687 = VERTEX_POINT('',#1688);
#1688 = CARTESIAN_POINT('',(7.45,0.,-2.35));
#1689 = LINE('',#1690,#1691);
#1690 = CARTESIAN_POINT('',(7.45,7.,-2.35));
#1691 = VECTOR('',#1692,1.);
#1692 = DIRECTION('',(-0.,-1.,-0.));
#1693 = ORIENTED_EDGE('',*,*,#1694,.F.);
#1694 = EDGE_CURVE('',#1695,#1687,#1697,.T.);
#1695 = VERTEX_POINT('',#1696);
#1696 = CARTESIAN_POINT('',(5.65,0.,-2.35));
#1697 = LINE('',#1698,#1699);
#1698 = CARTESIAN_POINT('',(0.,0.,-2.35));
#1699 = VECTOR('',#1700,1.);
#1700 = DIRECTION('',(1.,-0.,0.));
#1701 = ORIENTED_EDGE('',*,*,#1702,.F.);
#1702 = EDGE_CURVE('',#1703,#1695,#1705,.T.);
#1703 = VERTEX_POINT('',#1704);
#1704 = CARTESIAN_POINT('',(5.65,0.8,-2.35));
#1705 = LINE('',#1706,#1707);
#1706 = CARTESIAN_POINT('',(5.65,0.8,-2.35));
#1707 = VECTOR('',#1708,1.);
#1708 = DIRECTION('',(-0.,-1.,-0.));
#1709 = ORIENTED_EDGE('',*,*,#1710,.F.);
#1710 = EDGE_CURVE('',#1711,#1703,#1713,.T.);
#1711 = VERTEX_POINT('',#1712);
#1712 = CARTESIAN_POINT('',(4.35,0.8,-2.35));
#1713 = LINE('',#1714,#1715);
#1714 = CARTESIAN_POINT('',(4.35,0.8,-2.35));
#1715 = VECTOR('',#1716,1.);
#1716 = DIRECTION('',(1.,0.,0.));
#1717 = ORIENTED_EDGE('',*,*,#1718,.T.);
#1718 = EDGE_CURVE('',#1711,#1576,#1719,.T.);
#1719 = LINE('',#1720,#1721);
#1720 = CARTESIAN_POINT('',(4.35,0.8,-2.35));
#1721 = VECTOR('',#1722,1.);
#1722 = DIRECTION('',(-0.,-1.,-0.));
#1723 = ORIENTED_EDGE('',*,*,#1575,.F.);
#1724 = ORIENTED_EDGE('',*,*,#921,.F.);
#1725 = ORIENTED_EDGE('',*,*,#422,.F.);
#1726 = ORIENTED_EDGE('',*,*,#384,.T.);
#1727 = ORIENTED_EDGE('',*,*,#727,.F.);
#1728 = ORIENTED_EDGE('',*,*,#744,.F.);
#1729 = ORIENTED_EDGE('',*,*,#351,.T.);
#1730 = ORIENTED_EDGE('',*,*,#329,.T.);
#1731 = ORIENTED_EDGE('',*,*,#498,.T.);
#1732 = ORIENTED_EDGE('',*,*,#529,.T.);
#1733 = ORIENTED_EDGE('',*,*,#554,.F.);
#1734 = PLANE('',#1735);
#1735 = AXIS2_PLACEMENT_3D('',#1736,#1737,#1738);
#1736 = CARTESIAN_POINT('',(2.5,7.,-2.35));
#1737 = DIRECTION('',(0.,0.,-1.));
#1738 = DIRECTION('',(-1.,0.,-0.));
#1739 = ADVANCED_FACE('',(#1740),#1781,.T.);
#1740 = FACE_BOUND('',#1741,.T.);
#1741 = EDGE_LOOP('',(#1742,#1752,#1760,#1768,#1774,#1775));
#1742 = ORIENTED_EDGE('',*,*,#1743,.T.);
#1743 = EDGE_CURVE('',#1744,#1746,#1748,.T.);
#1744 = VERTEX_POINT('',#1745);
#1745 = CARTESIAN_POINT('',(5.65,7.,-1.94));
#1746 = VERTEX_POINT('',#1747);
#1747 = CARTESIAN_POINT('',(7.04,7.,-1.94));
#1748 = LINE('',#1749,#1750);
#1749 = CARTESIAN_POINT('',(6.75,7.,-1.94));
#1750 = VECTOR('',#1751,1.);
#1751 = DIRECTION('',(1.,0.,0.));
#1752 = ORIENTED_EDGE('',*,*,#1753,.T.);
#1753 = EDGE_CURVE('',#1746,#1754,#1756,.T.);
#1754 = VERTEX_POINT('',#1755);
#1755 = CARTESIAN_POINT('',(7.04,7.,-1.125));
#1756 = LINE('',#1757,#1758);
#1757 = CARTESIAN_POINT('',(7.04,7.,-1.125));
#1758 = VECTOR('',#1759,1.);
#1759 = DIRECTION('',(0.,0.,1.));
#1760 = ORIENTED_EDGE('',*,*,#1761,.F.);
#1761 = EDGE_CURVE('',#1762,#1754,#1764,.T.);
#1762 = VERTEX_POINT('',#1763);
#1763 = CARTESIAN_POINT('',(7.45,7.,-1.125));
#1764 = LINE('',#1765,#1766);
#1765 = CARTESIAN_POINT('',(7.45,7.,-1.125));
#1766 = VECTOR('',#1767,1.);
#1767 = DIRECTION('',(-1.,-0.,-0.));
#1768 = ORIENTED_EDGE('',*,*,#1769,.F.);
#1769 = EDGE_CURVE('',#1679,#1762,#1770,.T.);
#1770 = LINE('',#1771,#1772);
#1771 = CARTESIAN_POINT('',(7.45,7.,0.));
#1772 = VECTOR('',#1773,1.);
#1773 = DIRECTION('',(0.,0.,1.));
#1774 = ORIENTED_EDGE('',*,*,#1678,.F.);
#1775 = ORIENTED_EDGE('',*,*,#1776,.F.);
#1776 = EDGE_CURVE('',#1744,#1671,#1777,.T.);
#1777 = LINE('',#1778,#1779);
#1778 = CARTESIAN_POINT('',(5.65,7.,5.969556544854));
#1779 = VECTOR('',#1780,1.);
#1780 = DIRECTION('',(-0.,-0.,-1.));
#1781 = PLANE('',#1782);
#1782 = AXIS2_PLACEMENT_3D('',#1783,#1784,#1785);
#1783 = CARTESIAN_POINT('',(0.,7.,0.));
#1784 = DIRECTION('',(0.,1.,-0.));
#1785 = DIRECTION('',(0.,0.,1.));
#1786 = ADVANCED_FACE('',(#1787),#1812,.F.);
#1787 = FACE_BOUND('',#1788,.T.);
#1788 = EDGE_LOOP('',(#1789,#1790,#1798,#1806));
#1789 = ORIENTED_EDGE('',*,*,#1443,.F.);
#1790 = ORIENTED_EDGE('',*,*,#1791,.F.);
#1791 = EDGE_CURVE('',#1792,#1436,#1794,.T.);
#1792 = VERTEX_POINT('',#1793);
#1793 = CARTESIAN_POINT('',(5.65,0.8,2.7));
#1794 = LINE('',#1795,#1796);
#1795 = CARTESIAN_POINT('',(5.65,0.8,2.7));
#1796 = VECTOR('',#1797,1.);
#1797 = DIRECTION('',(-0.,-1.,-0.));
#1798 = ORIENTED_EDGE('',*,*,#1799,.F.);
#1799 = EDGE_CURVE('',#1800,#1792,#1802,.T.);
#1800 = VERTEX_POINT('',#1801);
#1801 = CARTESIAN_POINT('',(4.35,0.8,2.7));
#1802 = LINE('',#1803,#1804);
#1803 = CARTESIAN_POINT('',(4.35,0.8,2.7));
#1804 = VECTOR('',#1805,1.);
#1805 = DIRECTION('',(1.,0.,0.));
#1806 = ORIENTED_EDGE('',*,*,#1807,.T.);
#1807 = EDGE_CURVE('',#1800,#1444,#1808,.T.);
#1808 = LINE('',#1809,#1810);
#1809 = CARTESIAN_POINT('',(4.35,0.8,2.7));
#1810 = VECTOR('',#1811,1.);
#1811 = DIRECTION('',(-0.,-1.,-0.));
#1812 = PLANE('',#1813);
#1813 = AXIS2_PLACEMENT_3D('',#1814,#1815,#1816);
#1814 = CARTESIAN_POINT('',(4.35,0.8,2.7));
#1815 = DIRECTION('',(0.,0.,-1.));
#1816 = DIRECTION('',(-1.,0.,-0.));
#1817 = ADVANCED_FACE('',(#1818),#1843,.F.);
#1818 = FACE_BOUND('',#1819,.T.);
#1819 = EDGE_LOOP('',(#1820,#1821,#1829,#1837));
#1820 = ORIENTED_EDGE('',*,*,#1411,.F.);
#1821 = ORIENTED_EDGE('',*,*,#1822,.F.);
#1822 = EDGE_CURVE('',#1823,#1404,#1825,.T.);
#1823 = VERTEX_POINT('',#1824);
#1824 = CARTESIAN_POINT('',(4.35,0.8,-1.65));
#1825 = LINE('',#1826,#1827);
#1826 = CARTESIAN_POINT('',(4.35,0.8,-1.65));
#1827 = VECTOR('',#1828,1.);
#1828 = DIRECTION('',(-0.,-1.,-0.));
#1829 = ORIENTED_EDGE('',*,*,#1830,.F.);
#1830 = EDGE_CURVE('',#1831,#1823,#1833,.T.);
#1831 = VERTEX_POINT('',#1832);
#1832 = CARTESIAN_POINT('',(5.65,0.8,-1.65));
#1833 = LINE('',#1834,#1835);
#1834 = CARTESIAN_POINT('',(4.35,0.8,-1.65));
#1835 = VECTOR('',#1836,1.);
#1836 = DIRECTION('',(-1.,-0.,-0.));
#1837 = ORIENTED_EDGE('',*,*,#1838,.T.);
#1838 = EDGE_CURVE('',#1831,#1412,#1839,.T.);
#1839 = LINE('',#1840,#1841);
#1840 = CARTESIAN_POINT('',(5.65,0.8,-1.65));
#1841 = VECTOR('',#1842,1.);
#1842 = DIRECTION('',(-0.,-1.,-0.));
#1843 = PLANE('',#1844);
#1844 = AXIS2_PLACEMENT_3D('',#1845,#1846,#1847);
#1845 = CARTESIAN_POINT('',(4.35,0.8,-1.65));
#1846 = DIRECTION('',(0.,0.,1.));
#1847 = DIRECTION('',(1.,0.,-0.));
#1848 = ADVANCED_FACE('',(#1849),#1892,.T.);
#1849 = FACE_BOUND('',#1850,.T.);
#1850 = EDGE_LOOP('',(#1851,#1859,#1868,#1876,#1882,#1883,#1884,#1890,
    #1891));
#1851 = ORIENTED_EDGE('',*,*,#1852,.T.);
#1852 = EDGE_CURVE('',#1762,#1853,#1855,.T.);
#1853 = VERTEX_POINT('',#1854);
#1854 = CARTESIAN_POINT('',(7.45,5.25,-1.125));
#1855 = LINE('',#1856,#1857);
#1856 = CARTESIAN_POINT('',(7.45,7.,-1.125));
#1857 = VECTOR('',#1858,1.);
#1858 = DIRECTION('',(0.,-1.,2.478176394253E-16));
#1859 = ORIENTED_EDGE('',*,*,#1860,.T.);
#1860 = EDGE_CURVE('',#1853,#1861,#1863,.T.);
#1861 = VERTEX_POINT('',#1862);
#1862 = CARTESIAN_POINT('',(7.45,4.75,-0.625));
#1863 = CIRCLE('',#1864,0.5);
#1864 = AXIS2_PLACEMENT_3D('',#1865,#1866,#1867);
#1865 = CARTESIAN_POINT('',(7.45,5.25,-0.625));
#1866 = DIRECTION('',(-1.,0.,0.));
#1867 = DIRECTION('',(0.,0.,1.));
#1868 = ORIENTED_EDGE('',*,*,#1869,.T.);
#1869 = EDGE_CURVE('',#1861,#1870,#1872,.T.);
#1870 = VERTEX_POINT('',#1871);
#1871 = CARTESIAN_POINT('',(7.45,4.75,-0.125));
#1872 = LINE('',#1873,#1874);
#1873 = CARTESIAN_POINT('',(7.45,4.75,-0.625));
#1874 = VECTOR('',#1875,1.);
#1875 = DIRECTION('',(0.,0.,1.));
#1876 = ORIENTED_EDGE('',*,*,#1877,.T.);
#1877 = EDGE_CURVE('',#1870,#1310,#1878,.T.);
#1878 = LINE('',#1879,#1880);
#1879 = CARTESIAN_POINT('',(7.45,7.,-0.125));
#1880 = VECTOR('',#1881,1.);
#1881 = DIRECTION('',(-0.,1.,-1.445602896647E-16));
#1882 = ORIENTED_EDGE('',*,*,#1309,.T.);
#1883 = ORIENTED_EDGE('',*,*,#1383,.T.);
#1884 = ORIENTED_EDGE('',*,*,#1885,.F.);
#1885 = EDGE_CURVE('',#1687,#1376,#1886,.T.);
#1886 = LINE('',#1887,#1888);
#1887 = CARTESIAN_POINT('',(7.45,0.,-0.));
#1888 = VECTOR('',#1889,1.);
#1889 = DIRECTION('',(0.,0.,1.));
#1890 = ORIENTED_EDGE('',*,*,#1686,.F.);
#1891 = ORIENTED_EDGE('',*,*,#1769,.T.);
#1892 = PLANE('',#1893);
#1893 = AXIS2_PLACEMENT_3D('',#1894,#1895,#1896);
#1894 = CARTESIAN_POINT('',(7.45,7.,0.));
#1895 = DIRECTION('',(1.,0.,0.));
#1896 = DIRECTION('',(0.,0.,-1.));
#1897 = ADVANCED_FACE('',(#1898),#1941,.F.);
#1898 = FACE_BOUND('',#1899,.T.);
#1899 = EDGE_LOOP('',(#1900,#1910,#1918,#1924,#1925,#1926,#1927,#1935));
#1900 = ORIENTED_EDGE('',*,*,#1901,.F.);
#1901 = EDGE_CURVE('',#1902,#1904,#1906,.T.);
#1902 = VERTEX_POINT('',#1903);
#1903 = CARTESIAN_POINT('',(6.75,0.,-1.65));
#1904 = VERTEX_POINT('',#1905);
#1905 = CARTESIAN_POINT('',(6.75,0.,2.7));
#1906 = LINE('',#1907,#1908);
#1907 = CARTESIAN_POINT('',(6.75,0.,-1.65));
#1908 = VECTOR('',#1909,1.);
#1909 = DIRECTION('',(0.,0.,1.));
#1910 = ORIENTED_EDGE('',*,*,#1911,.F.);
#1911 = EDGE_CURVE('',#1912,#1902,#1914,.T.);
#1912 = VERTEX_POINT('',#1913);
#1913 = CARTESIAN_POINT('',(5.65,0.,-1.65));
#1914 = LINE('',#1915,#1916);
#1915 = CARTESIAN_POINT('',(-1.75,0.,-1.65));
#1916 = VECTOR('',#1917,1.);
#1917 = DIRECTION('',(1.,0.,0.));
#1918 = ORIENTED_EDGE('',*,*,#1919,.F.);
#1919 = EDGE_CURVE('',#1695,#1912,#1920,.T.);
#1920 = LINE('',#1921,#1922);
#1921 = CARTESIAN_POINT('',(5.65,0.,-2.35));
#1922 = VECTOR('',#1923,1.);
#1923 = DIRECTION('',(0.,0.,1.));
#1924 = ORIENTED_EDGE('',*,*,#1694,.T.);
#1925 = ORIENTED_EDGE('',*,*,#1885,.T.);
#1926 = ORIENTED_EDGE('',*,*,#1375,.F.);
#1927 = ORIENTED_EDGE('',*,*,#1928,.F.);
#1928 = EDGE_CURVE('',#1929,#1368,#1931,.T.);
#1929 = VERTEX_POINT('',#1930);
#1930 = CARTESIAN_POINT('',(5.65,0.,2.7));
#1931 = LINE('',#1932,#1933);
#1932 = CARTESIAN_POINT('',(5.65,0.,2.7));
#1933 = VECTOR('',#1934,1.);
#1934 = DIRECTION('',(0.,0.,1.));
#1935 = ORIENTED_EDGE('',*,*,#1936,.F.);
#1936 = EDGE_CURVE('',#1904,#1929,#1937,.T.);
#1937 = LINE('',#1938,#1939);
#1938 = CARTESIAN_POINT('',(6.75,0.,2.7));
#1939 = VECTOR('',#1940,1.);
#1940 = DIRECTION('',(-1.,0.,0.));
#1941 = PLANE('',#1942);
#1942 = AXIS2_PLACEMENT_3D('',#1943,#1944,#1945);
#1943 = CARTESIAN_POINT('',(0.,0.,0.));
#1944 = DIRECTION('',(0.,1.,-0.));
#1945 = DIRECTION('',(0.,0.,1.));
#1946 = ADVANCED_FACE('',(#1947),#1959,.F.);
#1947 = FACE_BOUND('',#1948,.T.);
#1948 = EDGE_LOOP('',(#1949,#1950,#1951,#1952,#1958));
#1949 = ORIENTED_EDGE('',*,*,#1559,.T.);
#1950 = ORIENTED_EDGE('',*,*,#1535,.T.);
#1951 = ORIENTED_EDGE('',*,*,#1807,.F.);
#1952 = ORIENTED_EDGE('',*,*,#1953,.F.);
#1953 = EDGE_CURVE('',#1352,#1800,#1954,.T.);
#1954 = LINE('',#1955,#1956);
#1955 = CARTESIAN_POINT('',(4.35,0.8,2.7));
#1956 = VECTOR('',#1957,1.);
#1957 = DIRECTION('',(4.956352788505E-15,-0.,-1.));
#1958 = ORIENTED_EDGE('',*,*,#1351,.T.);
#1959 = PLANE('',#1960);
#1960 = AXIS2_PLACEMENT_3D('',#1961,#1962,#1963);
#1961 = CARTESIAN_POINT('',(4.35,0.8,2.7));
#1962 = DIRECTION('',(-1.,0.,-4.956352788505E-15));
#1963 = DIRECTION('',(-4.956352788505E-15,0.,1.));
#1964 = ADVANCED_FACE('',(#1965),#1982,.F.);
#1965 = FACE_BOUND('',#1966,.T.);
#1966 = EDGE_LOOP('',(#1967,#1968,#1969,#1975,#1976));
#1967 = ORIENTED_EDGE('',*,*,#1928,.T.);
#1968 = ORIENTED_EDGE('',*,*,#1367,.F.);
#1969 = ORIENTED_EDGE('',*,*,#1970,.F.);
#1970 = EDGE_CURVE('',#1792,#1360,#1971,.T.);
#1971 = LINE('',#1972,#1973);
#1972 = CARTESIAN_POINT('',(5.65,0.8,2.7));
#1973 = VECTOR('',#1974,1.);
#1974 = DIRECTION('',(0.,0.,1.));
#1975 = ORIENTED_EDGE('',*,*,#1791,.T.);
#1976 = ORIENTED_EDGE('',*,*,#1977,.T.);
#1977 = EDGE_CURVE('',#1436,#1929,#1978,.T.);
#1978 = LINE('',#1979,#1980);
#1979 = CARTESIAN_POINT('',(5.65,0.8,2.7));
#1980 = VECTOR('',#1981,1.);
#1981 = DIRECTION('',(-0.,-1.,-0.));
#1982 = PLANE('',#1983);
#1983 = AXIS2_PLACEMENT_3D('',#1984,#1985,#1986);
#1984 = CARTESIAN_POINT('',(5.65,0.8,2.7));
#1985 = DIRECTION('',(1.,0.,0.));
#1986 = DIRECTION('',(0.,0.,-1.));
#1987 = ADVANCED_FACE('',(#1988),#1994,.T.);
#1988 = FACE_BOUND('',#1989,.T.);
#1989 = EDGE_LOOP('',(#1990,#1991,#1992,#1993));
#1990 = ORIENTED_EDGE('',*,*,#1799,.T.);
#1991 = ORIENTED_EDGE('',*,*,#1970,.T.);
#1992 = ORIENTED_EDGE('',*,*,#1359,.T.);
#1993 = ORIENTED_EDGE('',*,*,#1953,.T.);
#1994 = PLANE('',#1995);
#1995 = AXIS2_PLACEMENT_3D('',#1996,#1997,#1998);
#1996 = CARTESIAN_POINT('',(0.,0.8,0.));
#1997 = DIRECTION('',(0.,-1.,0.));
#1998 = DIRECTION('',(0.,-0.,-1.));
#1999 = ADVANCED_FACE('',(#2000),#2012,.F.);
#2000 = FACE_BOUND('',#2001,.T.);
#2001 = EDGE_LOOP('',(#2002,#2003,#2004,#2010,#2011));
#2002 = ORIENTED_EDGE('',*,*,#1583,.T.);
#2003 = ORIENTED_EDGE('',*,*,#1718,.F.);
#2004 = ORIENTED_EDGE('',*,*,#2005,.F.);
#2005 = EDGE_CURVE('',#1823,#1711,#2006,.T.);
#2006 = LINE('',#2007,#2008);
#2007 = CARTESIAN_POINT('',(4.35,0.8,-2.35));
#2008 = VECTOR('',#2009,1.);
#2009 = DIRECTION('',(4.956352788505E-15,-0.,-1.));
#2010 = ORIENTED_EDGE('',*,*,#1822,.T.);
#2011 = ORIENTED_EDGE('',*,*,#1518,.T.);
#2012 = PLANE('',#2013);
#2013 = AXIS2_PLACEMENT_3D('',#2014,#2015,#2016);
#2014 = CARTESIAN_POINT('',(4.35,0.8,-2.35));
#2015 = DIRECTION('',(-1.,0.,-4.956352788505E-15));
#2016 = DIRECTION('',(-4.956352788505E-15,0.,1.));
#2017 = ADVANCED_FACE('',(#2018),#2035,.F.);
#2018 = FACE_BOUND('',#2019,.T.);
#2019 = EDGE_LOOP('',(#2020,#2021,#2027,#2028,#2034));
#2020 = ORIENTED_EDGE('',*,*,#1919,.T.);
#2021 = ORIENTED_EDGE('',*,*,#2022,.T.);
#2022 = EDGE_CURVE('',#1912,#1412,#2023,.T.);
#2023 = LINE('',#2024,#2025);
#2024 = CARTESIAN_POINT('',(5.65,0.8,-1.65));
#2025 = VECTOR('',#2026,1.);
#2026 = DIRECTION('',(-0.,1.,0.));
#2027 = ORIENTED_EDGE('',*,*,#1838,.F.);
#2028 = ORIENTED_EDGE('',*,*,#2029,.F.);
#2029 = EDGE_CURVE('',#1703,#1831,#2030,.T.);
#2030 = LINE('',#2031,#2032);
#2031 = CARTESIAN_POINT('',(5.65,0.8,-2.35));
#2032 = VECTOR('',#2033,1.);
#2033 = DIRECTION('',(0.,0.,1.));
#2034 = ORIENTED_EDGE('',*,*,#1702,.T.);
#2035 = PLANE('',#2036);
#2036 = AXIS2_PLACEMENT_3D('',#2037,#2038,#2039);
#2037 = CARTESIAN_POINT('',(5.65,0.8,-2.35));
#2038 = DIRECTION('',(1.,0.,0.));
#2039 = DIRECTION('',(0.,0.,-1.));
#2040 = ADVANCED_FACE('',(#2041),#2047,.T.);
#2041 = FACE_BOUND('',#2042,.T.);
#2042 = EDGE_LOOP('',(#2043,#2044,#2045,#2046));
#2043 = ORIENTED_EDGE('',*,*,#1710,.T.);
#2044 = ORIENTED_EDGE('',*,*,#2029,.T.);
#2045 = ORIENTED_EDGE('',*,*,#1830,.T.);
#2046 = ORIENTED_EDGE('',*,*,#2005,.T.);
#2047 = PLANE('',#2048);
#2048 = AXIS2_PLACEMENT_3D('',#2049,#2050,#2051);
#2049 = CARTESIAN_POINT('',(0.,0.8,0.));
#2050 = DIRECTION('',(0.,-1.,0.));
#2051 = DIRECTION('',(0.,-0.,-1.));
#2052 = ADVANCED_FACE('',(#2053),#2105,.F.);
#2053 = FACE_BOUND('',#2054,.T.);
#2054 = EDGE_LOOP('',(#2055,#2065,#2071,#2072,#2073,#2074,#2082,#2090,
    #2098));
#2055 = ORIENTED_EDGE('',*,*,#2056,.T.);
#2056 = EDGE_CURVE('',#2057,#2059,#2061,.T.);
#2057 = VERTEX_POINT('',#2058);
#2058 = CARTESIAN_POINT('',(6.75,5.25,-1.125));
#2059 = VERTEX_POINT('',#2060);
#2060 = CARTESIAN_POINT('',(6.75,6.497705265805,-1.125));
#2061 = LINE('',#2062,#2063);
#2062 = CARTESIAN_POINT('',(6.75,1.2,-1.125));
#2063 = VECTOR('',#2064,1.);
#2064 = DIRECTION('',(0.,1.,-2.478176394253E-16));
#2065 = ORIENTED_EDGE('',*,*,#2066,.T.);
#2066 = EDGE_CURVE('',#2059,#1616,#2067,.T.);
#2067 = LINE('',#2068,#2069);
#2068 = CARTESIAN_POINT('',(6.75,6.497705265805,-1.65));
#2069 = VECTOR('',#2070,1.);
#2070 = DIRECTION('',(0.,0.,-1.));
#2071 = ORIENTED_EDGE('',*,*,#1615,.F.);
#2072 = ORIENTED_EDGE('',*,*,#1190,.F.);
#2073 = ORIENTED_EDGE('',*,*,#1285,.T.);
#2074 = ORIENTED_EDGE('',*,*,#2075,.T.);
#2075 = EDGE_CURVE('',#1262,#2076,#2078,.T.);
#2076 = VERTEX_POINT('',#2077);
#2077 = CARTESIAN_POINT('',(6.75,6.497705265805,-0.125));
#2078 = LINE('',#2079,#2080);
#2079 = CARTESIAN_POINT('',(6.75,6.497705265805,-0.125));
#2080 = VECTOR('',#2081,1.);
#2081 = DIRECTION('',(0.,0.,-1.));
#2082 = ORIENTED_EDGE('',*,*,#2083,.T.);
#2083 = EDGE_CURVE('',#2076,#2084,#2086,.T.);
#2084 = VERTEX_POINT('',#2085);
#2085 = CARTESIAN_POINT('',(6.75,4.75,-0.125));
#2086 = LINE('',#2087,#2088);
#2087 = CARTESIAN_POINT('',(6.75,1.2,-0.125));
#2088 = VECTOR('',#2089,1.);
#2089 = DIRECTION('',(0.,-1.,1.445602896647E-16));
#2090 = ORIENTED_EDGE('',*,*,#2091,.T.);
#2091 = EDGE_CURVE('',#2084,#2092,#2094,.T.);
#2092 = VERTEX_POINT('',#2093);
#2093 = CARTESIAN_POINT('',(6.75,4.75,-0.625));
#2094 = LINE('',#2095,#2096);
#2095 = CARTESIAN_POINT('',(6.75,4.75,0.));
#2096 = VECTOR('',#2097,1.);
#2097 = DIRECTION('',(0.,0.,-1.));
#2098 = ORIENTED_EDGE('',*,*,#2099,.T.);
#2099 = EDGE_CURVE('',#2092,#2057,#2100,.T.);
#2100 = CIRCLE('',#2101,0.5);
#2101 = AXIS2_PLACEMENT_3D('',#2102,#2103,#2104);
#2102 = CARTESIAN_POINT('',(6.75,5.25,-0.625));
#2103 = DIRECTION('',(1.,0.,0.));
#2104 = DIRECTION('',(0.,0.,-1.));
#2105 = PLANE('',#2106);
#2106 = AXIS2_PLACEMENT_3D('',#2107,#2108,#2109);
#2107 = CARTESIAN_POINT('',(6.75,1.2,0.));
#2108 = DIRECTION('',(1.,0.,0.));
#2109 = DIRECTION('',(0.,0.,-1.));
#2110 = ADVANCED_FACE('',(#2111),#2122,.F.);
#2111 = FACE_BOUND('',#2112,.T.);
#2112 = EDGE_LOOP('',(#2113,#2114,#2120,#2121));
#2113 = ORIENTED_EDGE('',*,*,#1435,.F.);
#2114 = ORIENTED_EDGE('',*,*,#2115,.T.);
#2115 = EDGE_CURVE('',#1428,#1904,#2116,.T.);
#2116 = LINE('',#2117,#2118);
#2117 = CARTESIAN_POINT('',(6.75,0.5,2.7));
#2118 = VECTOR('',#2119,1.);
#2119 = DIRECTION('',(-0.,-1.,-0.));
#2120 = ORIENTED_EDGE('',*,*,#1936,.T.);
#2121 = ORIENTED_EDGE('',*,*,#1977,.F.);
#2122 = PLANE('',#2123);
#2123 = AXIS2_PLACEMENT_3D('',#2124,#2125,#2126);
#2124 = CARTESIAN_POINT('',(6.75,0.5,2.7));
#2125 = DIRECTION('',(0.,-0.,1.));
#2126 = DIRECTION('',(1.,0.,0.));
#2127 = ADVANCED_FACE('',(#2128),#2139,.F.);
#2128 = FACE_BOUND('',#2129,.T.);
#2129 = EDGE_LOOP('',(#2130,#2131,#2137,#2138));
#2130 = ORIENTED_EDGE('',*,*,#1911,.T.);
#2131 = ORIENTED_EDGE('',*,*,#2132,.F.);
#2132 = EDGE_CURVE('',#1420,#1902,#2133,.T.);
#2133 = LINE('',#2134,#2135);
#2134 = CARTESIAN_POINT('',(6.75,0.5,-1.65));
#2135 = VECTOR('',#2136,1.);
#2136 = DIRECTION('',(-0.,-1.,-0.));
#2137 = ORIENTED_EDGE('',*,*,#1419,.F.);
#2138 = ORIENTED_EDGE('',*,*,#2022,.F.);
#2139 = PLANE('',#2140);
#2140 = AXIS2_PLACEMENT_3D('',#2141,#2142,#2143);
#2141 = CARTESIAN_POINT('',(-1.75,0.5,-1.65));
#2142 = DIRECTION('',(0.,0.,-1.));
#2143 = DIRECTION('',(-1.,0.,-0.));
#2144 = ADVANCED_FACE('',(#2145),#2151,.F.);
#2145 = FACE_BOUND('',#2146,.T.);
#2146 = EDGE_LOOP('',(#2147,#2148,#2149,#2150));
#2147 = ORIENTED_EDGE('',*,*,#1901,.T.);
#2148 = ORIENTED_EDGE('',*,*,#2115,.F.);
#2149 = ORIENTED_EDGE('',*,*,#1427,.F.);
#2150 = ORIENTED_EDGE('',*,*,#2132,.T.);
#2151 = PLANE('',#2152);
#2152 = AXIS2_PLACEMENT_3D('',#2153,#2154,#2155);
#2153 = CARTESIAN_POINT('',(6.75,0.5,-1.65));
#2154 = DIRECTION('',(1.,0.,0.));
#2155 = DIRECTION('',(0.,0.,-1.));
#2156 = ADVANCED_FACE('',(#2157),#2174,.F.);
#2157 = FACE_BOUND('',#2158,.T.);
#2158 = EDGE_LOOP('',(#2159,#2160,#2166,#2167,#2173));
#2159 = ORIENTED_EDGE('',*,*,#1761,.T.);
#2160 = ORIENTED_EDGE('',*,*,#2161,.T.);
#2161 = EDGE_CURVE('',#1754,#2059,#2162,.T.);
#2162 = LINE('',#2163,#2164);
#2163 = CARTESIAN_POINT('',(6.75,6.497705265805,-1.125));
#2164 = VECTOR('',#2165,1.);
#2165 = DIRECTION('',(-0.5,-0.866025403784,2.146163712482E-16));
#2166 = ORIENTED_EDGE('',*,*,#2056,.F.);
#2167 = ORIENTED_EDGE('',*,*,#2168,.F.);
#2168 = EDGE_CURVE('',#1853,#2057,#2169,.T.);
#2169 = LINE('',#2170,#2171);
#2170 = CARTESIAN_POINT('',(7.45,5.25,-1.125));
#2171 = VECTOR('',#2172,1.);
#2172 = DIRECTION('',(-1.,-0.,-0.));
#2173 = ORIENTED_EDGE('',*,*,#1852,.F.);
#2174 = PLANE('',#2175);
#2175 = AXIS2_PLACEMENT_3D('',#2176,#2177,#2178);
#2176 = CARTESIAN_POINT('',(7.45,7.,-1.125));
#2177 = DIRECTION('',(0.,-2.478176394253E-16,-1.));
#2178 = DIRECTION('',(0.,1.,-2.478176394253E-16));
#2179 = ADVANCED_FACE('',(#2180),#2197,.F.);
#2180 = FACE_BOUND('',#2181,.T.);
#2181 = EDGE_LOOP('',(#2182,#2183,#2189,#2190,#2191));
#2182 = ORIENTED_EDGE('',*,*,#2083,.F.);
#2183 = ORIENTED_EDGE('',*,*,#2184,.T.);
#2184 = EDGE_CURVE('',#2076,#1318,#2185,.T.);
#2185 = LINE('',#2186,#2187);
#2186 = CARTESIAN_POINT('',(6.75,6.497705265805,-0.125));
#2187 = VECTOR('',#2188,1.);
#2188 = DIRECTION('',(0.5,0.866025403784,-1.251928832281E-16));
#2189 = ORIENTED_EDGE('',*,*,#1317,.F.);
#2190 = ORIENTED_EDGE('',*,*,#1877,.F.);
#2191 = ORIENTED_EDGE('',*,*,#2192,.T.);
#2192 = EDGE_CURVE('',#1870,#2084,#2193,.T.);
#2193 = LINE('',#2194,#2195);
#2194 = CARTESIAN_POINT('',(7.45,4.75,-0.125));
#2195 = VECTOR('',#2196,1.);
#2196 = DIRECTION('',(-1.,-0.,-0.));
#2197 = PLANE('',#2198);
#2198 = AXIS2_PLACEMENT_3D('',#2199,#2200,#2201);
#2199 = CARTESIAN_POINT('',(7.45,7.,-0.125));
#2200 = DIRECTION('',(-0.,1.445602896647E-16,1.));
#2201 = DIRECTION('',(0.,-1.,1.445602896647E-16));
#2202 = ADVANCED_FACE('',(#2203),#2214,.F.);
#2203 = FACE_BOUND('',#2204,.T.);
#2204 = EDGE_LOOP('',(#2205,#2206,#2207,#2213));
#2205 = ORIENTED_EDGE('',*,*,#2192,.F.);
#2206 = ORIENTED_EDGE('',*,*,#1869,.F.);
#2207 = ORIENTED_EDGE('',*,*,#2208,.T.);
#2208 = EDGE_CURVE('',#1861,#2092,#2209,.T.);
#2209 = LINE('',#2210,#2211);
#2210 = CARTESIAN_POINT('',(7.45,4.75,-0.625));
#2211 = VECTOR('',#2212,1.);
#2212 = DIRECTION('',(-1.,-0.,-0.));
#2213 = ORIENTED_EDGE('',*,*,#2091,.F.);
#2214 = PLANE('',#2215);
#2215 = AXIS2_PLACEMENT_3D('',#2216,#2217,#2218);
#2216 = CARTESIAN_POINT('',(7.45,4.75,-0.625));
#2217 = DIRECTION('',(0.,-1.,0.));
#2218 = DIRECTION('',(0.,-0.,-1.));
#2219 = ADVANCED_FACE('',(#2220),#2226,.F.);
#2220 = FACE_BOUND('',#2221,.F.);
#2221 = EDGE_LOOP('',(#2222,#2223,#2224,#2225));
#2222 = ORIENTED_EDGE('',*,*,#2099,.T.);
#2223 = ORIENTED_EDGE('',*,*,#2168,.F.);
#2224 = ORIENTED_EDGE('',*,*,#1860,.T.);
#2225 = ORIENTED_EDGE('',*,*,#2208,.T.);
#2226 = CYLINDRICAL_SURFACE('',#2227,0.5);
#2227 = AXIS2_PLACEMENT_3D('',#2228,#2229,#2230);
#2228 = CARTESIAN_POINT('',(7.45,5.25,-0.625));
#2229 = DIRECTION('',(-1.,-0.,-0.));
#2230 = DIRECTION('',(-0.,0.,1.));
#2231 = ADVANCED_FACE('',(#2232),#2243,.F.);
#2232 = FACE_BOUND('',#2233,.T.);
#2233 = EDGE_LOOP('',(#2234,#2235,#2236,#2242));
#2234 = ORIENTED_EDGE('',*,*,#137,.T.);
#2235 = ORIENTED_EDGE('',*,*,#1654,.T.);
#2236 = ORIENTED_EDGE('',*,*,#2237,.F.);
#2237 = EDGE_CURVE('',#1600,#1646,#2238,.T.);
#2238 = LINE('',#2239,#2240);
#2239 = CARTESIAN_POINT('',(5.65,4.65,5.969556544854));
#2240 = VECTOR('',#2241,1.);
#2241 = DIRECTION('',(-0.,-0.,-1.));
#2242 = ORIENTED_EDGE('',*,*,#1630,.F.);
#2243 = PLANE('',#2244);
#2244 = AXIS2_PLACEMENT_3D('',#2245,#2246,#2247);
#2245 = CARTESIAN_POINT('',(5.65,-1.153080898738E-14,5.969556544854));
#2246 = DIRECTION('',(1.,-2.040851148208E-15,0.));
#2247 = DIRECTION('',(2.040851148208E-15,1.,0.));
#2248 = ADVANCED_FACE('',(#2249),#2255,.F.);
#2249 = FACE_BOUND('',#2250,.F.);
#2250 = EDGE_LOOP('',(#2251,#2252,#2253,#2254));
#2251 = ORIENTED_EDGE('',*,*,#585,.T.);
#2252 = ORIENTED_EDGE('',*,*,#1645,.T.);
#2253 = ORIENTED_EDGE('',*,*,#2237,.F.);
#2254 = ORIENTED_EDGE('',*,*,#1599,.F.);
#2255 = CYLINDRICAL_SURFACE('',#2256,0.65);
#2256 = AXIS2_PLACEMENT_3D('',#2257,#2258,#2259);
#2257 = CARTESIAN_POINT('',(5.,4.65,5.969556544854));
#2258 = DIRECTION('',(-0.,-0.,-1.));
#2259 = DIRECTION('',(-1.,0.,0.));
#2260 = ADVANCED_FACE('',(#2261),#2279,.F.);
#2261 = FACE_BOUND('',#2262,.T.);
#2262 = EDGE_LOOP('',(#2263,#2271,#2277,#2278));
#2263 = ORIENTED_EDGE('',*,*,#2264,.F.);
#2264 = EDGE_CURVE('',#2265,#1662,#2267,.T.);
#2265 = VERTEX_POINT('',#2266);
#2266 = CARTESIAN_POINT('',(5.65,6.65,-1.737927405784));
#2267 = LINE('',#2268,#2269);
#2268 = CARTESIAN_POINT('',(5.65,6.65,5.969556544854));
#2269 = VECTOR('',#2270,1.);
#2270 = DIRECTION('',(-0.,-0.,-1.));
#2271 = ORIENTED_EDGE('',*,*,#2272,.T.);
#2272 = EDGE_CURVE('',#2265,#1744,#2273,.T.);
#2273 = LINE('',#2274,#2275);
#2274 = CARTESIAN_POINT('',(5.65,6.497705265805,-1.65));
#2275 = VECTOR('',#2276,1.);
#2276 = DIRECTION('',(0.,0.866025403784,-0.5));
#2277 = ORIENTED_EDGE('',*,*,#1776,.T.);
#2278 = ORIENTED_EDGE('',*,*,#1670,.T.);
#2279 = PLANE('',#2280);
#2280 = AXIS2_PLACEMENT_3D('',#2281,#2282,#2283);
#2281 = CARTESIAN_POINT('',(5.65,0.,5.969556544854));
#2282 = DIRECTION('',(1.,0.,-0.));
#2283 = DIRECTION('',(-0.,0.,-1.));
#2284 = ADVANCED_FACE('',(#2285),#2297,.T.);
#2285 = FACE_BOUND('',#2286,.T.);
#2286 = EDGE_LOOP('',(#2287,#2288,#2295,#2296));
#2287 = ORIENTED_EDGE('',*,*,#120,.F.);
#2288 = ORIENTED_EDGE('',*,*,#2289,.T.);
#2289 = EDGE_CURVE('',#112,#2265,#2290,.T.);
#2290 = ( BOUNDED_CURVE() B_SPLINE_CURVE(3,(#2291,#2292,#2293,#2294),
.UNSPECIFIED.,.F.,.F.) B_SPLINE_CURVE_WITH_KNOTS((4,4),(4.712388980385,
6.28318530718),.PIECEWISE_BEZIER_KNOTS.) CURVE() 
GEOMETRIC_REPRESENTATION_ITEM() RATIONAL_B_SPLINE_CURVE((1.,
0.804737854124,0.804737854124,1.)) REPRESENTATION_ITEM('') );
#2291 = CARTESIAN_POINT('',(5.5,6.5,-1.651324865405));
#2292 = CARTESIAN_POINT('',(5.5,6.587867965644,-1.702055459023));
#2293 = CARTESIAN_POINT('',(5.562132034356,6.65,-1.737927405784));
#2294 = CARTESIAN_POINT('',(5.65,6.65,-1.737927405784));
#2295 = ORIENTED_EDGE('',*,*,#2264,.T.);
#2296 = ORIENTED_EDGE('',*,*,#1661,.F.);
#2297 = CYLINDRICAL_SURFACE('',#2298,0.15);
#2298 = AXIS2_PLACEMENT_3D('',#2299,#2300,#2301);
#2299 = CARTESIAN_POINT('',(5.65,6.5,5.969556544854));
#2300 = DIRECTION('',(-0.,-0.,-1.));
#2301 = DIRECTION('',(-1.,0.,0.));
#2302 = ADVANCED_FACE('',(#2303),#2319,.F.);
#2303 = FACE_BOUND('',#2304,.T.);
#2304 = EDGE_LOOP('',(#2305,#2306,#2312,#2313));
#2305 = ORIENTED_EDGE('',*,*,#1213,.T.);
#2306 = ORIENTED_EDGE('',*,*,#2307,.F.);
#2307 = EDGE_CURVE('',#1471,#1216,#2308,.T.);
#2308 = LINE('',#2309,#2310);
#2309 = CARTESIAN_POINT('',(5.32,0.,-0.32));
#2310 = VECTOR('',#2311,1.);
#2311 = DIRECTION('',(-0.,1.,-0.));
#2312 = ORIENTED_EDGE('',*,*,#1470,.T.);
#2313 = ORIENTED_EDGE('',*,*,#2314,.T.);
#2314 = EDGE_CURVE('',#1473,#1214,#2315,.T.);
#2315 = LINE('',#2316,#2317);
#2316 = CARTESIAN_POINT('',(5.32,0.,0.32));
#2317 = VECTOR('',#2318,1.);
#2318 = DIRECTION('',(-0.,1.,-0.));
#2319 = PLANE('',#2320);
#2320 = AXIS2_PLACEMENT_3D('',#2321,#2322,#2323);
#2321 = CARTESIAN_POINT('',(5.32,0.,0.32));
#2322 = DIRECTION('',(1.,0.,0.));
#2323 = DIRECTION('',(0.,0.,-1.));
#2324 = ADVANCED_FACE('',(#2325),#2336,.F.);
#2325 = FACE_BOUND('',#2326,.T.);
#2326 = EDGE_LOOP('',(#2327,#2328,#2329,#2330));
#2327 = ORIENTED_EDGE('',*,*,#1223,.T.);
#2328 = ORIENTED_EDGE('',*,*,#2314,.F.);
#2329 = ORIENTED_EDGE('',*,*,#1496,.T.);
#2330 = ORIENTED_EDGE('',*,*,#2331,.T.);
#2331 = EDGE_CURVE('',#1489,#1224,#2332,.T.);
#2332 = LINE('',#2333,#2334);
#2333 = CARTESIAN_POINT('',(4.68,0.,0.32));
#2334 = VECTOR('',#2335,1.);
#2335 = DIRECTION('',(-0.,1.,-0.));
#2336 = PLANE('',#2337);
#2337 = AXIS2_PLACEMENT_3D('',#2338,#2339,#2340);
#2338 = CARTESIAN_POINT('',(5.32,0.,0.32));
#2339 = DIRECTION('',(0.,0.,1.));
#2340 = DIRECTION('',(1.,0.,-0.));
#2341 = ADVANCED_FACE('',(#2342),#2353,.F.);
#2342 = FACE_BOUND('',#2343,.T.);
#2343 = EDGE_LOOP('',(#2344,#2345,#2346,#2347));
#2344 = ORIENTED_EDGE('',*,*,#1231,.T.);
#2345 = ORIENTED_EDGE('',*,*,#2331,.F.);
#2346 = ORIENTED_EDGE('',*,*,#1488,.T.);
#2347 = ORIENTED_EDGE('',*,*,#2348,.T.);
#2348 = EDGE_CURVE('',#1481,#1232,#2349,.T.);
#2349 = LINE('',#2350,#2351);
#2350 = CARTESIAN_POINT('',(4.68,0.,-0.32));
#2351 = VECTOR('',#2352,1.);
#2352 = DIRECTION('',(-0.,1.,-0.));
#2353 = PLANE('',#2354);
#2354 = AXIS2_PLACEMENT_3D('',#2355,#2356,#2357);
#2355 = CARTESIAN_POINT('',(4.68,0.,0.32));
#2356 = DIRECTION('',(-1.,0.,-0.));
#2357 = DIRECTION('',(0.,0.,1.));
#2358 = ADVANCED_FACE('',(#2359),#2365,.F.);
#2359 = FACE_BOUND('',#2360,.T.);
#2360 = EDGE_LOOP('',(#2361,#2362,#2363,#2364));
#2361 = ORIENTED_EDGE('',*,*,#1239,.T.);
#2362 = ORIENTED_EDGE('',*,*,#2348,.F.);
#2363 = ORIENTED_EDGE('',*,*,#1480,.T.);
#2364 = ORIENTED_EDGE('',*,*,#2307,.T.);
#2365 = PLANE('',#2366);
#2366 = AXIS2_PLACEMENT_3D('',#2367,#2368,#2369);
#2367 = CARTESIAN_POINT('',(5.32,0.,-0.32));
#2368 = DIRECTION('',(-0.,0.,-1.));
#2369 = DIRECTION('',(-1.,0.,0.));
#2370 = ADVANCED_FACE('',(#2371),#2384,.T.);
#2371 = FACE_BOUND('',#2372,.T.);
#2372 = EDGE_LOOP('',(#2373,#2374,#2375,#2381,#2382,#2383));
#2373 = ORIENTED_EDGE('',*,*,#109,.F.);
#2374 = ORIENTED_EDGE('',*,*,#1623,.F.);
#2375 = ORIENTED_EDGE('',*,*,#2376,.F.);
#2376 = EDGE_CURVE('',#1746,#1616,#2377,.T.);
#2377 = LINE('',#2378,#2379);
#2378 = CARTESIAN_POINT('',(6.42,5.926128499307,-1.32));
#2379 = VECTOR('',#2380,1.);
#2380 = DIRECTION('',(-0.4472135955,-0.774596669241,0.4472135955));
#2381 = ORIENTED_EDGE('',*,*,#1743,.F.);
#2382 = ORIENTED_EDGE('',*,*,#2272,.F.);
#2383 = ORIENTED_EDGE('',*,*,#2289,.F.);
#2384 = PLANE('',#2385);
#2385 = AXIS2_PLACEMENT_3D('',#2386,#2387,#2388);
#2386 = CARTESIAN_POINT('',(0.,6.497705265805,-1.65));
#2387 = DIRECTION('',(-0.,0.5,0.866025403784));
#2388 = DIRECTION('',(1.,0.,0.));
#2389 = ADVANCED_FACE('',(#2390),#2396,.T.);
#2390 = FACE_BOUND('',#2391,.T.);
#2391 = EDGE_LOOP('',(#2392,#2393,#2394,#2395));
#2392 = ORIENTED_EDGE('',*,*,#2161,.F.);
#2393 = ORIENTED_EDGE('',*,*,#1753,.F.);
#2394 = ORIENTED_EDGE('',*,*,#2376,.T.);
#2395 = ORIENTED_EDGE('',*,*,#2066,.F.);
#2396 = PLANE('',#2397);
#2397 = AXIS2_PLACEMENT_3D('',#2398,#2399,#2400);
#2398 = CARTESIAN_POINT('',(6.75,6.497705265805,0.));
#2399 = DIRECTION('',(-0.866025403784,0.5,-0.));
#2400 = DIRECTION('',(0.,0.,1.));
#2401 = ADVANCED_FACE('',(#2402),#2408,.T.);
#2402 = FACE_BOUND('',#2403,.T.);
#2403 = EDGE_LOOP('',(#2404,#2405,#2406,#2407));
#2404 = ORIENTED_EDGE('',*,*,#2184,.F.);
#2405 = ORIENTED_EDGE('',*,*,#2075,.F.);
#2406 = ORIENTED_EDGE('',*,*,#1261,.F.);
#2407 = ORIENTED_EDGE('',*,*,#1325,.F.);
#2408 = PLANE('',#2409);
#2409 = AXIS2_PLACEMENT_3D('',#2410,#2411,#2412);
#2410 = CARTESIAN_POINT('',(6.75,6.497705265805,0.));
#2411 = DIRECTION('',(-0.866025403784,0.5,-0.));
#2412 = DIRECTION('',(0.,0.,1.));
#2413 = MANIFOLD_SOLID_BREP('',#2414);
#2414 = CLOSED_SHELL('',(#2415,#2455,#2495,#2533,#2564,#2593,#2633,#2673
    ,#2695,#2712,#2729,#2741,#2763,#2780,#2797,#2809,#2849,#2871,#2888,
    #2905));
#2415 = ADVANCED_FACE('',(#2416),#2450,.T.);
#2416 = FACE_BOUND('',#2417,.T.);
#2417 = EDGE_LOOP('',(#2418,#2428,#2436,#2444));
#2418 = ORIENTED_EDGE('',*,*,#2419,.T.);
#2419 = EDGE_CURVE('',#2420,#2422,#2424,.T.);
#2420 = VERTEX_POINT('',#2421);
#2421 = CARTESIAN_POINT('',(2.18,-3.1,0.32));
#2422 = VERTEX_POINT('',#2423);
#2423 = CARTESIAN_POINT('',(2.18,-1.9,0.32));
#2424 = LINE('',#2425,#2426);
#2425 = CARTESIAN_POINT('',(2.18,-4.305096679919,0.32));
#2426 = VECTOR('',#2427,1.);
#2427 = DIRECTION('',(0.,1.,0.));
#2428 = ORIENTED_EDGE('',*,*,#2429,.T.);
#2429 = EDGE_CURVE('',#2422,#2430,#2432,.T.);
#2430 = VERTEX_POINT('',#2431);
#2431 = CARTESIAN_POINT('',(2.18,-1.9,-0.32));
#2432 = LINE('',#2433,#2434);
#2433 = CARTESIAN_POINT('',(2.18,-1.9,1.751782106328));
#2434 = VECTOR('',#2435,1.);
#2435 = DIRECTION('',(-1.400992494759E-13,0.,-1.));
#2436 = ORIENTED_EDGE('',*,*,#2437,.F.);
#2437 = EDGE_CURVE('',#2438,#2430,#2440,.T.);
#2438 = VERTEX_POINT('',#2439);
#2439 = CARTESIAN_POINT('',(2.18,-3.1,-0.32));
#2440 = LINE('',#2441,#2442);
#2441 = CARTESIAN_POINT('',(2.18,-4.305096679919,-0.32));
#2442 = VECTOR('',#2443,1.);
#2443 = DIRECTION('',(0.,1.,0.));
#2444 = ORIENTED_EDGE('',*,*,#2445,.T.);
#2445 = EDGE_CURVE('',#2438,#2420,#2446,.T.);
#2446 = LINE('',#2447,#2448);
#2447 = CARTESIAN_POINT('',(2.18,-3.1,0.32));
#2448 = VECTOR('',#2449,1.);
#2449 = DIRECTION('',(0.,-0.,1.));
#2450 = PLANE('',#2451);
#2451 = AXIS2_PLACEMENT_3D('',#2452,#2453,#2454);
#2452 = CARTESIAN_POINT('',(2.18,-4.305096679919,0.32));
#2453 = DIRECTION('',(-1.,0.,0.));
#2454 = DIRECTION('',(0.,0.,1.));
#2455 = ADVANCED_FACE('',(#2456),#2490,.T.);
#2456 = FACE_BOUND('',#2457,.T.);
#2457 = EDGE_LOOP('',(#2458,#2468,#2476,#2484));
#2458 = ORIENTED_EDGE('',*,*,#2459,.T.);
#2459 = EDGE_CURVE('',#2460,#2462,#2464,.T.);
#2460 = VERTEX_POINT('',#2461);
#2461 = CARTESIAN_POINT('',(2.82,-3.1,-0.32));
#2462 = VERTEX_POINT('',#2463);
#2463 = CARTESIAN_POINT('',(2.82,6.5,-0.32));
#2464 = LINE('',#2465,#2466);
#2465 = CARTESIAN_POINT('',(2.82,-4.305096679919,-0.32));
#2466 = VECTOR('',#2467,1.);
#2467 = DIRECTION('',(0.,1.,0.));
#2468 = ORIENTED_EDGE('',*,*,#2469,.T.);
#2469 = EDGE_CURVE('',#2462,#2470,#2472,.T.);
#2470 = VERTEX_POINT('',#2471);
#2471 = CARTESIAN_POINT('',(2.82,6.5,0.32));
#2472 = LINE('',#2473,#2474);
#2473 = CARTESIAN_POINT('',(2.82,6.5,0.32));
#2474 = VECTOR('',#2475,1.);
#2475 = DIRECTION('',(0.,0.,1.));
#2476 = ORIENTED_EDGE('',*,*,#2477,.F.);
#2477 = EDGE_CURVE('',#2478,#2470,#2480,.T.);
#2478 = VERTEX_POINT('',#2479);
#2479 = CARTESIAN_POINT('',(2.82,-3.1,0.32));
#2480 = LINE('',#2481,#2482);
#2481 = CARTESIAN_POINT('',(2.82,-4.305096679919,0.32));
#2482 = VECTOR('',#2483,1.);
#2483 = DIRECTION('',(0.,1.,0.));
#2484 = ORIENTED_EDGE('',*,*,#2485,.T.);
#2485 = EDGE_CURVE('',#2478,#2460,#2486,.T.);
#2486 = LINE('',#2487,#2488);
#2487 = CARTESIAN_POINT('',(2.82,-3.1,-0.32));
#2488 = VECTOR('',#2489,1.);
#2489 = DIRECTION('',(0.,0.,-1.));
#2490 = PLANE('',#2491);
#2491 = AXIS2_PLACEMENT_3D('',#2492,#2493,#2494);
#2492 = CARTESIAN_POINT('',(2.82,-4.305096679919,0.32));
#2493 = DIRECTION('',(1.,-0.,0.));
#2494 = DIRECTION('',(0.,0.,-1.));
#2495 = ADVANCED_FACE('',(#2496),#2528,.T.);
#2496 = FACE_BOUND('',#2497,.T.);
#2497 = EDGE_LOOP('',(#2498,#2508,#2514,#2515,#2521,#2522));
#2498 = ORIENTED_EDGE('',*,*,#2499,.F.);
#2499 = EDGE_CURVE('',#2500,#2502,#2504,.T.);
#2500 = VERTEX_POINT('',#2501);
#2501 = CARTESIAN_POINT('',(2.18,-0.5,0.32));
#2502 = VERTEX_POINT('',#2503);
#2503 = CARTESIAN_POINT('',(2.18,6.5,0.32));
#2504 = LINE('',#2505,#2506);
#2505 = CARTESIAN_POINT('',(2.18,-4.305096679919,0.32));
#2506 = VECTOR('',#2507,1.);
#2507 = DIRECTION('',(0.,1.,0.));
#2508 = ORIENTED_EDGE('',*,*,#2509,.T.);
#2509 = EDGE_CURVE('',#2500,#2422,#2510,.T.);
#2510 = LINE('',#2511,#2512);
#2511 = CARTESIAN_POINT('',(2.18,-4.305096679919,0.32));
#2512 = VECTOR('',#2513,1.);
#2513 = DIRECTION('',(-3.097720492816E-16,-1.,0.));
#2514 = ORIENTED_EDGE('',*,*,#2419,.F.);
#2515 = ORIENTED_EDGE('',*,*,#2516,.T.);
#2516 = EDGE_CURVE('',#2420,#2478,#2517,.T.);
#2517 = LINE('',#2518,#2519);
#2518 = CARTESIAN_POINT('',(2.82,-3.1,0.32));
#2519 = VECTOR('',#2520,1.);
#2520 = DIRECTION('',(1.,0.,0.));
#2521 = ORIENTED_EDGE('',*,*,#2477,.T.);
#2522 = ORIENTED_EDGE('',*,*,#2523,.T.);
#2523 = EDGE_CURVE('',#2470,#2502,#2524,.T.);
#2524 = LINE('',#2525,#2526);
#2525 = CARTESIAN_POINT('',(2.82,6.5,0.32));
#2526 = VECTOR('',#2527,1.);
#2527 = DIRECTION('',(-1.,0.,0.));
#2528 = PLANE('',#2529);
#2529 = AXIS2_PLACEMENT_3D('',#2530,#2531,#2532);
#2530 = CARTESIAN_POINT('',(2.82,-4.305096679919,0.32));
#2531 = DIRECTION('',(0.,-0.,1.));
#2532 = DIRECTION('',(1.,0.,0.));
#2533 = ADVANCED_FACE('',(#2534),#2559,.T.);
#2534 = FACE_BOUND('',#2535,.T.);
#2535 = EDGE_LOOP('',(#2536,#2544,#2545,#2553));
#2536 = ORIENTED_EDGE('',*,*,#2537,.F.);
#2537 = EDGE_CURVE('',#2500,#2538,#2540,.T.);
#2538 = VERTEX_POINT('',#2539);
#2539 = CARTESIAN_POINT('',(2.18,-0.5,-0.32));
#2540 = LINE('',#2541,#2542);
#2541 = CARTESIAN_POINT('',(2.18,-0.5,1.751782106328));
#2542 = VECTOR('',#2543,1.);
#2543 = DIRECTION('',(-1.400992494759E-13,0.,-1.));
#2544 = ORIENTED_EDGE('',*,*,#2499,.T.);
#2545 = ORIENTED_EDGE('',*,*,#2546,.T.);
#2546 = EDGE_CURVE('',#2502,#2547,#2549,.T.);
#2547 = VERTEX_POINT('',#2548);
#2548 = CARTESIAN_POINT('',(2.18,6.5,-0.32));
#2549 = LINE('',#2550,#2551);
#2550 = CARTESIAN_POINT('',(2.18,6.5,0.32));
#2551 = VECTOR('',#2552,1.);
#2552 = DIRECTION('',(0.,0.,-1.));
#2553 = ORIENTED_EDGE('',*,*,#2554,.F.);
#2554 = EDGE_CURVE('',#2538,#2547,#2555,.T.);
#2555 = LINE('',#2556,#2557);
#2556 = CARTESIAN_POINT('',(2.18,-4.305096679919,-0.32));
#2557 = VECTOR('',#2558,1.);
#2558 = DIRECTION('',(0.,1.,0.));
#2559 = PLANE('',#2560);
#2560 = AXIS2_PLACEMENT_3D('',#2561,#2562,#2563);
#2561 = CARTESIAN_POINT('',(2.18,-4.305096679919,0.32));
#2562 = DIRECTION('',(-1.,0.,0.));
#2563 = DIRECTION('',(0.,0.,1.));
#2564 = ADVANCED_FACE('',(#2565),#2588,.T.);
#2565 = FACE_BOUND('',#2566,.T.);
#2566 = EDGE_LOOP('',(#2567,#2568,#2574,#2575,#2581,#2582));
#2567 = ORIENTED_EDGE('',*,*,#2437,.T.);
#2568 = ORIENTED_EDGE('',*,*,#2569,.T.);
#2569 = EDGE_CURVE('',#2430,#2538,#2570,.T.);
#2570 = LINE('',#2571,#2572);
#2571 = CARTESIAN_POINT('',(2.18,-4.305096679919,-0.32));
#2572 = VECTOR('',#2573,1.);
#2573 = DIRECTION('',(3.097720492816E-16,1.,-4.339883161295E-29));
#2574 = ORIENTED_EDGE('',*,*,#2554,.T.);
#2575 = ORIENTED_EDGE('',*,*,#2576,.T.);
#2576 = EDGE_CURVE('',#2547,#2462,#2577,.T.);
#2577 = LINE('',#2578,#2579);
#2578 = CARTESIAN_POINT('',(2.82,6.5,-0.32));
#2579 = VECTOR('',#2580,1.);
#2580 = DIRECTION('',(1.,0.,-1.400992494759E-13));
#2581 = ORIENTED_EDGE('',*,*,#2459,.F.);
#2582 = ORIENTED_EDGE('',*,*,#2583,.T.);
#2583 = EDGE_CURVE('',#2460,#2438,#2584,.T.);
#2584 = LINE('',#2585,#2586);
#2585 = CARTESIAN_POINT('',(2.18,-3.1,-0.32));
#2586 = VECTOR('',#2587,1.);
#2587 = DIRECTION('',(-1.,-0.,1.400992494759E-13));
#2588 = PLANE('',#2589);
#2589 = AXIS2_PLACEMENT_3D('',#2590,#2591,#2592);
#2590 = CARTESIAN_POINT('',(2.82,-4.305096679919,-0.32));
#2591 = DIRECTION('',(-1.400992494759E-13,0.,-1.));
#2592 = DIRECTION('',(-1.,0.,1.400992494759E-13));
#2593 = ADVANCED_FACE('',(#2594),#2628,.T.);
#2594 = FACE_BOUND('',#2595,.T.);
#2595 = EDGE_LOOP('',(#2596,#2606,#2614,#2622));
#2596 = ORIENTED_EDGE('',*,*,#2597,.T.);
#2597 = EDGE_CURVE('',#2598,#2600,#2602,.T.);
#2598 = VERTEX_POINT('',#2599);
#2599 = CARTESIAN_POINT('',(2.28919107028,6.8,-0.21080892972));
#2600 = VERTEX_POINT('',#2601);
#2601 = CARTESIAN_POINT('',(2.28919107028,6.8,0.21080892972));
#2602 = LINE('',#2603,#2604);
#2603 = CARTESIAN_POINT('',(2.28919107028,6.8,0.));
#2604 = VECTOR('',#2605,1.);
#2605 = DIRECTION('',(0.,0.,1.));
#2606 = ORIENTED_EDGE('',*,*,#2607,.T.);
#2607 = EDGE_CURVE('',#2600,#2608,#2610,.T.);
#2608 = VERTEX_POINT('',#2609);
#2609 = CARTESIAN_POINT('',(2.71080892972,6.8,0.21080892972));
#2610 = LINE('',#2611,#2612);
#2611 = CARTESIAN_POINT('',(0.,6.8,0.21080892972));
#2612 = VECTOR('',#2613,1.);
#2613 = DIRECTION('',(1.,0.,-0.));
#2614 = ORIENTED_EDGE('',*,*,#2615,.T.);
#2615 = EDGE_CURVE('',#2608,#2616,#2618,.T.);
#2616 = VERTEX_POINT('',#2617);
#2617 = CARTESIAN_POINT('',(2.71080892972,6.8,-0.21080892972));
#2618 = LINE('',#2619,#2620);
#2619 = CARTESIAN_POINT('',(2.71080892972,6.8,0.));
#2620 = VECTOR('',#2621,1.);
#2621 = DIRECTION('',(0.,0.,-1.));
#2622 = ORIENTED_EDGE('',*,*,#2623,.T.);
#2623 = EDGE_CURVE('',#2616,#2598,#2624,.T.);
#2624 = LINE('',#2625,#2626);
#2625 = CARTESIAN_POINT('',(-2.953417283655E-14,6.8,-0.21080892972));
#2626 = VECTOR('',#2627,1.);
#2627 = DIRECTION('',(-1.,0.,1.400992494759E-13));
#2628 = PLANE('',#2629);
#2629 = AXIS2_PLACEMENT_3D('',#2630,#2631,#2632);
#2630 = CARTESIAN_POINT('',(0.,6.8,0.));
#2631 = DIRECTION('',(0.,1.,0.));
#2632 = DIRECTION('',(0.,-0.,1.));
#2633 = ADVANCED_FACE('',(#2634),#2668,.F.);
#2634 = FACE_BOUND('',#2635,.T.);
#2635 = EDGE_LOOP('',(#2636,#2646,#2654,#2662));
#2636 = ORIENTED_EDGE('',*,*,#2637,.T.);
#2637 = EDGE_CURVE('',#2638,#2640,#2642,.T.);
#2638 = VERTEX_POINT('',#2639);
#2639 = CARTESIAN_POINT('',(2.28919107028,-3.4,0.21080892972));
#2640 = VERTEX_POINT('',#2641);
#2641 = CARTESIAN_POINT('',(2.28919107028,-3.4,-0.21080892972));
#2642 = LINE('',#2643,#2644);
#2643 = CARTESIAN_POINT('',(2.28919107028,-3.4,-0.32));
#2644 = VECTOR('',#2645,1.);
#2645 = DIRECTION('',(0.,0.,-1.));
#2646 = ORIENTED_EDGE('',*,*,#2647,.T.);
#2647 = EDGE_CURVE('',#2640,#2648,#2650,.T.);
#2648 = VERTEX_POINT('',#2649);
#2649 = CARTESIAN_POINT('',(2.71080892972,-3.4,-0.21080892972));
#2650 = LINE('',#2651,#2652);
#2651 = CARTESIAN_POINT('',(2.82,-3.4,-0.21080892972));
#2652 = VECTOR('',#2653,1.);
#2653 = DIRECTION('',(1.,0.,-1.400992494759E-13));
#2654 = ORIENTED_EDGE('',*,*,#2655,.T.);
#2655 = EDGE_CURVE('',#2648,#2656,#2658,.T.);
#2656 = VERTEX_POINT('',#2657);
#2657 = CARTESIAN_POINT('',(2.71080892972,-3.4,0.21080892972));
#2658 = LINE('',#2659,#2660);
#2659 = CARTESIAN_POINT('',(2.71080892972,-3.4,0.32));
#2660 = VECTOR('',#2661,1.);
#2661 = DIRECTION('',(0.,0.,1.));
#2662 = ORIENTED_EDGE('',*,*,#2663,.T.);
#2663 = EDGE_CURVE('',#2656,#2638,#2664,.T.);
#2664 = LINE('',#2665,#2666);
#2665 = CARTESIAN_POINT('',(2.18,-3.4,0.21080892972));
#2666 = VECTOR('',#2667,1.);
#2667 = DIRECTION('',(-1.,0.,0.));
#2668 = PLANE('',#2669);
#2669 = AXIS2_PLACEMENT_3D('',#2670,#2671,#2672);
#2670 = CARTESIAN_POINT('',(0.32,-3.4,-0.32));
#2671 = DIRECTION('',(0.,1.,0.));
#2672 = DIRECTION('',(0.,-0.,1.));
#2673 = ADVANCED_FACE('',(#2674),#2690,.F.);
#2674 = FACE_BOUND('',#2675,.T.);
#2675 = EDGE_LOOP('',(#2676,#2682,#2683,#2689));
#2676 = ORIENTED_EDGE('',*,*,#2677,.F.);
#2677 = EDGE_CURVE('',#2462,#2616,#2678,.T.);
#2678 = LINE('',#2679,#2680);
#2679 = CARTESIAN_POINT('',(2.688731534135,6.86065714585,-0.188731534135
    ));
#2680 = VECTOR('',#2681,1.);
#2681 = DIRECTION('',(-0.323615577118,0.889126490716,0.323615577118));
#2682 = ORIENTED_EDGE('',*,*,#2576,.F.);
#2683 = ORIENTED_EDGE('',*,*,#2684,.F.);
#2684 = EDGE_CURVE('',#2598,#2547,#2685,.T.);
#2685 = LINE('',#2686,#2687);
#2686 = CARTESIAN_POINT('',(2.049450861481,6.141319189789,
    -0.450549138519));
#2687 = VECTOR('',#2688,1.);
#2688 = DIRECTION('',(-0.323615577118,-0.889126490716,-0.323615577118));
#2689 = ORIENTED_EDGE('',*,*,#2623,.F.);
#2690 = PLANE('',#2691);
#2691 = AXIS2_PLACEMENT_3D('',#2692,#2693,#2694);
#2692 = CARTESIAN_POINT('',(-2.953417283655E-14,6.8,-0.21080892972));
#2693 = DIRECTION('',(1.316502309101E-13,-0.342020143326,0.939692620786)
  );
#2694 = DIRECTION('',(-1.,0.,1.400992494759E-13));
#2695 = ADVANCED_FACE('',(#2696),#2707,.F.);
#2696 = FACE_BOUND('',#2697,.T.);
#2697 = EDGE_LOOP('',(#2698,#2699,#2700,#2706));
#2698 = ORIENTED_EDGE('',*,*,#2684,.T.);
#2699 = ORIENTED_EDGE('',*,*,#2546,.F.);
#2700 = ORIENTED_EDGE('',*,*,#2701,.F.);
#2701 = EDGE_CURVE('',#2600,#2502,#2702,.T.);
#2702 = LINE('',#2703,#2704);
#2703 = CARTESIAN_POINT('',(2.311268465865,6.86065714585,0.188731534135)
  );
#2704 = VECTOR('',#2705,1.);
#2705 = DIRECTION('',(-0.323615577118,-0.889126490716,0.323615577118));
#2706 = ORIENTED_EDGE('',*,*,#2597,.F.);
#2707 = PLANE('',#2708);
#2708 = AXIS2_PLACEMENT_3D('',#2709,#2710,#2711);
#2709 = CARTESIAN_POINT('',(2.28919107028,6.8,0.));
#2710 = DIRECTION('',(0.939692620786,-0.342020143326,-0.));
#2711 = DIRECTION('',(0.,-0.,1.));
#2712 = ADVANCED_FACE('',(#2713),#2724,.F.);
#2713 = FACE_BOUND('',#2714,.T.);
#2714 = EDGE_LOOP('',(#2715,#2716,#2717,#2723));
#2715 = ORIENTED_EDGE('',*,*,#2677,.T.);
#2716 = ORIENTED_EDGE('',*,*,#2615,.F.);
#2717 = ORIENTED_EDGE('',*,*,#2718,.F.);
#2718 = EDGE_CURVE('',#2470,#2608,#2719,.T.);
#2719 = LINE('',#2720,#2721);
#2720 = CARTESIAN_POINT('',(2.688731534135,6.86065714585,0.188731534135)
  );
#2721 = VECTOR('',#2722,1.);
#2722 = DIRECTION('',(-0.323615577118,0.889126490716,-0.323615577118));
#2723 = ORIENTED_EDGE('',*,*,#2469,.F.);
#2724 = PLANE('',#2725);
#2725 = AXIS2_PLACEMENT_3D('',#2726,#2727,#2728);
#2726 = CARTESIAN_POINT('',(2.71080892972,6.8,0.));
#2727 = DIRECTION('',(-0.939692620786,-0.342020143326,-0.));
#2728 = DIRECTION('',(0.,0.,-1.));
#2729 = ADVANCED_FACE('',(#2730),#2736,.F.);
#2730 = FACE_BOUND('',#2731,.T.);
#2731 = EDGE_LOOP('',(#2732,#2733,#2734,#2735));
#2732 = ORIENTED_EDGE('',*,*,#2701,.T.);
#2733 = ORIENTED_EDGE('',*,*,#2523,.F.);
#2734 = ORIENTED_EDGE('',*,*,#2718,.T.);
#2735 = ORIENTED_EDGE('',*,*,#2607,.F.);
#2736 = PLANE('',#2737);
#2737 = AXIS2_PLACEMENT_3D('',#2738,#2739,#2740);
#2738 = CARTESIAN_POINT('',(0.,6.8,0.21080892972));
#2739 = DIRECTION('',(0.,-0.342020143326,-0.939692620786));
#2740 = DIRECTION('',(1.,0.,0.));
#2741 = ADVANCED_FACE('',(#2742),#2758,.T.);
#2742 = FACE_BOUND('',#2743,.T.);
#2743 = EDGE_LOOP('',(#2744,#2750,#2751,#2757));
#2744 = ORIENTED_EDGE('',*,*,#2745,.F.);
#2745 = EDGE_CURVE('',#2478,#2656,#2746,.T.);
#2746 = LINE('',#2747,#2748);
#2747 = CARTESIAN_POINT('',(2.655218880774,-3.552732404225,
    0.155218880774));
#2748 = VECTOR('',#2749,1.);
#2749 = DIRECTION('',(-0.323615577118,-0.889126490716,-0.323615577118));
#2750 = ORIENTED_EDGE('',*,*,#2516,.F.);
#2751 = ORIENTED_EDGE('',*,*,#2752,.F.);
#2752 = EDGE_CURVE('',#2638,#2420,#2753,.T.);
#2753 = LINE('',#2754,#2755);
#2754 = CARTESIAN_POINT('',(2.082963514842,-2.833394448165,
    0.417036485158));
#2755 = VECTOR('',#2756,1.);
#2756 = DIRECTION('',(-0.323615577118,0.889126490716,0.323615577118));
#2757 = ORIENTED_EDGE('',*,*,#2663,.F.);
#2758 = PLANE('',#2759);
#2759 = AXIS2_PLACEMENT_3D('',#2760,#2761,#2762);
#2760 = CARTESIAN_POINT('',(0.32,-3.4,0.21080892972));
#2761 = DIRECTION('',(0.,-0.342020143326,0.939692620786));
#2762 = DIRECTION('',(1.,0.,0.));
#2763 = ADVANCED_FACE('',(#2764),#2775,.T.);
#2764 = FACE_BOUND('',#2765,.T.);
#2765 = EDGE_LOOP('',(#2766,#2767,#2768,#2774));
#2766 = ORIENTED_EDGE('',*,*,#2752,.T.);
#2767 = ORIENTED_EDGE('',*,*,#2445,.F.);
#2768 = ORIENTED_EDGE('',*,*,#2769,.F.);
#2769 = EDGE_CURVE('',#2640,#2438,#2770,.T.);
#2770 = LINE('',#2771,#2772);
#2771 = CARTESIAN_POINT('',(2.277755812504,-3.368581887474,
    -0.222244187496));
#2772 = VECTOR('',#2773,1.);
#2773 = DIRECTION('',(-0.323615577118,0.889126490716,-0.323615577118));
#2774 = ORIENTED_EDGE('',*,*,#2637,.F.);
#2775 = PLANE('',#2776);
#2776 = AXIS2_PLACEMENT_3D('',#2777,#2778,#2779);
#2777 = CARTESIAN_POINT('',(2.28919107028,-3.4,-0.32));
#2778 = DIRECTION('',(-0.939692620786,-0.342020143326,0.));
#2779 = DIRECTION('',(0.,0.,1.));
#2780 = ADVANCED_FACE('',(#2781),#2792,.T.);
#2781 = FACE_BOUND('',#2782,.T.);
#2782 = EDGE_LOOP('',(#2783,#2784,#2785,#2791));
#2783 = ORIENTED_EDGE('',*,*,#2745,.T.);
#2784 = ORIENTED_EDGE('',*,*,#2655,.F.);
#2785 = ORIENTED_EDGE('',*,*,#2786,.F.);
#2786 = EDGE_CURVE('',#2460,#2648,#2787,.T.);
#2787 = LINE('',#2788,#2789);
#2788 = CARTESIAN_POINT('',(2.722244187496,-3.368581887474,
    -0.222244187496));
#2789 = VECTOR('',#2790,1.);
#2790 = DIRECTION('',(-0.323615577118,-0.889126490716,0.323615577118));
#2791 = ORIENTED_EDGE('',*,*,#2485,.F.);
#2792 = PLANE('',#2793);
#2793 = AXIS2_PLACEMENT_3D('',#2794,#2795,#2796);
#2794 = CARTESIAN_POINT('',(2.71080892972,-3.4,-0.32));
#2795 = DIRECTION('',(0.939692620786,-0.342020143326,0.));
#2796 = DIRECTION('',(0.,0.,-1.));
#2797 = ADVANCED_FACE('',(#2798),#2804,.T.);
#2798 = FACE_BOUND('',#2799,.T.);
#2799 = EDGE_LOOP('',(#2800,#2801,#2802,#2803));
#2800 = ORIENTED_EDGE('',*,*,#2769,.T.);
#2801 = ORIENTED_EDGE('',*,*,#2583,.F.);
#2802 = ORIENTED_EDGE('',*,*,#2786,.T.);
#2803 = ORIENTED_EDGE('',*,*,#2647,.F.);
#2804 = PLANE('',#2805);
#2805 = AXIS2_PLACEMENT_3D('',#2806,#2807,#2808);
#2806 = CARTESIAN_POINT('',(0.32,-3.4,-0.21080892972));
#2807 = DIRECTION('',(-1.316502309101E-13,-0.342020143326,
    -0.939692620786));
#2808 = DIRECTION('',(-1.,0.,1.400992494759E-13));
#2809 = ADVANCED_FACE('',(#2810),#2844,.T.);
#2810 = FACE_BOUND('',#2811,.T.);
#2811 = EDGE_LOOP('',(#2812,#2822,#2830,#2838));
#2812 = ORIENTED_EDGE('',*,*,#2813,.T.);
#2813 = EDGE_CURVE('',#2814,#2816,#2818,.T.);
#2814 = VERTEX_POINT('',#2815);
#2815 = CARTESIAN_POINT('',(1.88,-0.717962758402,0.102037241598));
#2816 = VERTEX_POINT('',#2817);
#2817 = CARTESIAN_POINT('',(1.88,-0.717962758402,-0.102037241598));
#2818 = LINE('',#2819,#2820);
#2819 = CARTESIAN_POINT('',(1.88,-0.717962758402,1.751782106328));
#2820 = VECTOR('',#2821,1.);
#2821 = DIRECTION('',(-1.400992494759E-13,0.,-1.));
#2822 = ORIENTED_EDGE('',*,*,#2823,.T.);
#2823 = EDGE_CURVE('',#2816,#2824,#2826,.T.);
#2824 = VERTEX_POINT('',#2825);
#2825 = CARTESIAN_POINT('',(1.88,-1.682037241598,-0.102037241598));
#2826 = LINE('',#2827,#2828);
#2827 = CARTESIAN_POINT('',(1.88,-0.5,-0.102037241598));
#2828 = VECTOR('',#2829,1.);
#2829 = DIRECTION('',(-3.097720492816E-16,-1.,4.339883161295E-29));
#2830 = ORIENTED_EDGE('',*,*,#2831,.T.);
#2831 = EDGE_CURVE('',#2824,#2832,#2834,.T.);
#2832 = VERTEX_POINT('',#2833);
#2833 = CARTESIAN_POINT('',(1.88,-1.682037241598,0.102037241598));
#2834 = LINE('',#2835,#2836);
#2835 = CARTESIAN_POINT('',(1.88,-1.682037241598,1.751782106328));
#2836 = VECTOR('',#2837,1.);
#2837 = DIRECTION('',(1.400992494759E-13,-2.24207754292E-44,1.));
#2838 = ORIENTED_EDGE('',*,*,#2839,.T.);
#2839 = EDGE_CURVE('',#2832,#2814,#2840,.T.);
#2840 = LINE('',#2841,#2842);
#2841 = CARTESIAN_POINT('',(1.88,-0.5,0.102037241598));
#2842 = VECTOR('',#2843,1.);
#2843 = DIRECTION('',(3.097720492816E-16,1.,0.));
#2844 = PLANE('',#2845);
#2845 = AXIS2_PLACEMENT_3D('',#2846,#2847,#2848);
#2846 = CARTESIAN_POINT('',(1.88,-0.5,1.751782106328));
#2847 = DIRECTION('',(-1.,3.097720492816E-16,1.400992494759E-13));
#2848 = DIRECTION('',(1.400992494759E-13,0.,1.));
#2849 = ADVANCED_FACE('',(#2850),#2866,.F.);
#2850 = FACE_BOUND('',#2851,.T.);
#2851 = EDGE_LOOP('',(#2852,#2858,#2859,#2865));
#2852 = ORIENTED_EDGE('',*,*,#2853,.F.);
#2853 = EDGE_CURVE('',#2814,#2500,#2854,.T.);
#2854 = LINE('',#2855,#2856);
#2855 = CARTESIAN_POINT('',(1.957033151549,-0.661994897735,
    0.158005102265));
#2856 = VECTOR('',#2857,1.);
#2857 = DIRECTION('',(0.697456562333,0.506731853971,0.506731853971));
#2858 = ORIENTED_EDGE('',*,*,#2839,.F.);
#2859 = ORIENTED_EDGE('',*,*,#2860,.F.);
#2860 = EDGE_CURVE('',#2422,#2832,#2861,.T.);
#2861 = LINE('',#2862,#2863);
#2862 = CARTESIAN_POINT('',(2.68602538154,-2.267648959939,0.687648959939
    ));
#2863 = VECTOR('',#2864,1.);
#2864 = DIRECTION('',(-0.697456562333,0.506731853971,-0.506731853971));
#2865 = ORIENTED_EDGE('',*,*,#2509,.F.);
#2866 = PLANE('',#2867);
#2867 = AXIS2_PLACEMENT_3D('',#2868,#2869,#2870);
#2868 = CARTESIAN_POINT('',(1.88,-0.5,0.102037241598));
#2869 = DIRECTION('',(0.587785252292,-1.820794421401E-16,-0.809016994375
    ));
#2870 = DIRECTION('',(3.097720492816E-16,1.,0.));
#2871 = ADVANCED_FACE('',(#2872),#2883,.F.);
#2872 = FACE_BOUND('',#2873,.T.);
#2873 = EDGE_LOOP('',(#2874,#2875,#2876,#2882));
#2874 = ORIENTED_EDGE('',*,*,#2860,.T.);
#2875 = ORIENTED_EDGE('',*,*,#2831,.F.);
#2876 = ORIENTED_EDGE('',*,*,#2877,.F.);
#2877 = EDGE_CURVE('',#2430,#2824,#2878,.T.);
#2878 = LINE('',#2879,#2880);
#2879 = CARTESIAN_POINT('',(1.447783606047,-1.368013650091,
    0.211986349909));
#2880 = VECTOR('',#2881,1.);
#2881 = DIRECTION('',(-0.697456562333,0.506731853971,0.506731853971));
#2882 = ORIENTED_EDGE('',*,*,#2429,.F.);
#2883 = PLANE('',#2884);
#2884 = AXIS2_PLACEMENT_3D('',#2885,#2886,#2887);
#2885 = CARTESIAN_POINT('',(2.18,-1.9,1.751782106328));
#2886 = DIRECTION('',(0.587785252292,0.809016994375,-8.234827269915E-14)
  );
#2887 = DIRECTION('',(-1.400992494759E-13,0.,-1.));
#2888 = ADVANCED_FACE('',(#2889),#2900,.F.);
#2889 = FACE_BOUND('',#2890,.T.);
#2890 = EDGE_LOOP('',(#2891,#2892,#2893,#2899));
#2891 = ORIENTED_EDGE('',*,*,#2853,.T.);
#2892 = ORIENTED_EDGE('',*,*,#2537,.T.);
#2893 = ORIENTED_EDGE('',*,*,#2894,.F.);
#2894 = EDGE_CURVE('',#2816,#2538,#2895,.T.);
#2895 = LINE('',#2896,#2897);
#2896 = CARTESIAN_POINT('',(1.224816757596,-1.193981247644,
    0.373981247645));
#2897 = VECTOR('',#2898,1.);
#2898 = DIRECTION('',(0.697456562333,0.506731853971,-0.506731853971));
#2899 = ORIENTED_EDGE('',*,*,#2813,.F.);
#2900 = PLANE('',#2901);
#2901 = AXIS2_PLACEMENT_3D('',#2902,#2903,#2904);
#2902 = CARTESIAN_POINT('',(1.88,-0.717962758402,1.751782106328));
#2903 = DIRECTION('',(0.587785252292,-0.809016994375,-8.234827269915E-14
    ));
#2904 = DIRECTION('',(-1.400992494759E-13,0.,-1.));
#2905 = ADVANCED_FACE('',(#2906),#2912,.F.);
#2906 = FACE_BOUND('',#2907,.T.);
#2907 = EDGE_LOOP('',(#2908,#2909,#2910,#2911));
#2908 = ORIENTED_EDGE('',*,*,#2877,.T.);
#2909 = ORIENTED_EDGE('',*,*,#2823,.F.);
#2910 = ORIENTED_EDGE('',*,*,#2894,.T.);
#2911 = ORIENTED_EDGE('',*,*,#2569,.F.);
#2912 = PLANE('',#2913);
#2913 = AXIS2_PLACEMENT_3D('',#2914,#2915,#2916);
#2914 = CARTESIAN_POINT('',(2.18,-4.305096679919,-0.32));
#2915 = DIRECTION('',(0.587785252293,-1.820794421401E-16,0.809016994375)
  );
#2916 = DIRECTION('',(3.097720492816E-16,1.,-4.338734978716E-29));
#2917 = MANIFOLD_SOLID_BREP('',#2918);
#2918 = CLOSED_SHELL('',(#2919,#2959,#2999,#3037,#3068,#3097,#3137,#3177
    ,#3199,#3216,#3233,#3245,#3267,#3284,#3301,#3313,#3353,#3375,#3392,
    #3409));
#2919 = ADVANCED_FACE('',(#2920),#2954,.T.);
#2920 = FACE_BOUND('',#2921,.T.);
#2921 = EDGE_LOOP('',(#2922,#2932,#2940,#2948));
#2922 = ORIENTED_EDGE('',*,*,#2923,.F.);
#2923 = EDGE_CURVE('',#2924,#2926,#2928,.T.);
#2924 = VERTEX_POINT('',#2925);
#2925 = CARTESIAN_POINT('',(5.32,-3.1,0.32));
#2926 = VERTEX_POINT('',#2927);
#2927 = CARTESIAN_POINT('',(5.32,-1.9,0.32));
#2928 = LINE('',#2929,#2930);
#2929 = CARTESIAN_POINT('',(5.32,-4.305096679919,0.32));
#2930 = VECTOR('',#2931,1.);
#2931 = DIRECTION('',(0.,1.,0.));
#2932 = ORIENTED_EDGE('',*,*,#2933,.F.);
#2933 = EDGE_CURVE('',#2934,#2924,#2936,.T.);
#2934 = VERTEX_POINT('',#2935);
#2935 = CARTESIAN_POINT('',(5.32,-3.1,-0.32));
#2936 = LINE('',#2937,#2938);
#2937 = CARTESIAN_POINT('',(5.32,-3.1,0.32));
#2938 = VECTOR('',#2939,1.);
#2939 = DIRECTION('',(1.508455196502E-16,0.,1.));
#2940 = ORIENTED_EDGE('',*,*,#2941,.T.);
#2941 = EDGE_CURVE('',#2934,#2942,#2944,.T.);
#2942 = VERTEX_POINT('',#2943);
#2943 = CARTESIAN_POINT('',(5.32,-1.9,-0.32));
#2944 = LINE('',#2945,#2946);
#2945 = CARTESIAN_POINT('',(5.32,-4.305096679919,-0.32));
#2946 = VECTOR('',#2947,1.);
#2947 = DIRECTION('',(0.,1.,0.));
#2948 = ORIENTED_EDGE('',*,*,#2949,.F.);
#2949 = EDGE_CURVE('',#2926,#2942,#2950,.T.);
#2950 = LINE('',#2951,#2952);
#2951 = CARTESIAN_POINT('',(5.32,-1.9,1.751782106328));
#2952 = VECTOR('',#2953,1.);
#2953 = DIRECTION('',(1.399484039562E-13,0.,-1.));
#2954 = PLANE('',#2955);
#2955 = AXIS2_PLACEMENT_3D('',#2956,#2957,#2958);
#2956 = CARTESIAN_POINT('',(5.32,-4.305096679919,0.32));
#2957 = DIRECTION('',(1.,0.,-1.508455196502E-16));
#2958 = DIRECTION('',(1.508455196502E-16,0.,1.));
#2959 = ADVANCED_FACE('',(#2960),#2994,.T.);
#2960 = FACE_BOUND('',#2961,.T.);
#2961 = EDGE_LOOP('',(#2962,#2972,#2980,#2988));
#2962 = ORIENTED_EDGE('',*,*,#2963,.F.);
#2963 = EDGE_CURVE('',#2964,#2966,#2968,.T.);
#2964 = VERTEX_POINT('',#2965);
#2965 = CARTESIAN_POINT('',(4.68,-3.1,-0.32));
#2966 = VERTEX_POINT('',#2967);
#2967 = CARTESIAN_POINT('',(4.68,6.5,-0.32));
#2968 = LINE('',#2969,#2970);
#2969 = CARTESIAN_POINT('',(4.68,-4.305096679919,-0.32));
#2970 = VECTOR('',#2971,1.);
#2971 = DIRECTION('',(0.,1.,0.));
#2972 = ORIENTED_EDGE('',*,*,#2973,.F.);
#2973 = EDGE_CURVE('',#2974,#2964,#2976,.T.);
#2974 = VERTEX_POINT('',#2975);
#2975 = CARTESIAN_POINT('',(4.68,-3.1,0.32));
#2976 = LINE('',#2977,#2978);
#2977 = CARTESIAN_POINT('',(4.68,-3.1,-0.32));
#2978 = VECTOR('',#2979,1.);
#2979 = DIRECTION('',(-1.508455196502E-16,0.,-1.));
#2980 = ORIENTED_EDGE('',*,*,#2981,.T.);
#2981 = EDGE_CURVE('',#2974,#2982,#2984,.T.);
#2982 = VERTEX_POINT('',#2983);
#2983 = CARTESIAN_POINT('',(4.68,6.5,0.32));
#2984 = LINE('',#2985,#2986);
#2985 = CARTESIAN_POINT('',(4.68,-4.305096679919,0.32));
#2986 = VECTOR('',#2987,1.);
#2987 = DIRECTION('',(0.,1.,0.));
#2988 = ORIENTED_EDGE('',*,*,#2989,.F.);
#2989 = EDGE_CURVE('',#2966,#2982,#2990,.T.);
#2990 = LINE('',#2991,#2992);
#2991 = CARTESIAN_POINT('',(4.68,6.5,0.32));
#2992 = VECTOR('',#2993,1.);
#2993 = DIRECTION('',(1.508455196502E-16,0.,1.));
#2994 = PLANE('',#2995);
#2995 = AXIS2_PLACEMENT_3D('',#2996,#2997,#2998);
#2996 = CARTESIAN_POINT('',(4.68,-4.305096679919,0.32));
#2997 = DIRECTION('',(-1.,0.,1.508455196502E-16));
#2998 = DIRECTION('',(-1.508455196502E-16,0.,-1.));
#2999 = ADVANCED_FACE('',(#3000),#3032,.T.);
#3000 = FACE_BOUND('',#3001,.T.);
#3001 = EDGE_LOOP('',(#3002,#3012,#3018,#3019,#3025,#3026));
#3002 = ORIENTED_EDGE('',*,*,#3003,.T.);
#3003 = EDGE_CURVE('',#3004,#3006,#3008,.T.);
#3004 = VERTEX_POINT('',#3005);
#3005 = CARTESIAN_POINT('',(5.32,-0.5,0.32));
#3006 = VERTEX_POINT('',#3007);
#3007 = CARTESIAN_POINT('',(5.32,6.5,0.32));
#3008 = LINE('',#3009,#3010);
#3009 = CARTESIAN_POINT('',(5.32,-4.305096679919,0.32));
#3010 = VECTOR('',#3011,1.);
#3011 = DIRECTION('',(0.,1.,0.));
#3012 = ORIENTED_EDGE('',*,*,#3013,.F.);
#3013 = EDGE_CURVE('',#2982,#3006,#3014,.T.);
#3014 = LINE('',#3015,#3016);
#3015 = CARTESIAN_POINT('',(4.68,6.5,0.32));
#3016 = VECTOR('',#3017,1.);
#3017 = DIRECTION('',(1.,0.,-1.508455196502E-16));
#3018 = ORIENTED_EDGE('',*,*,#2981,.F.);
#3019 = ORIENTED_EDGE('',*,*,#3020,.F.);
#3020 = EDGE_CURVE('',#2924,#2974,#3021,.T.);
#3021 = LINE('',#3022,#3023);
#3022 = CARTESIAN_POINT('',(4.68,-3.1,0.32));
#3023 = VECTOR('',#3024,1.);
#3024 = DIRECTION('',(-1.,0.,1.508455196502E-16));
#3025 = ORIENTED_EDGE('',*,*,#2923,.T.);
#3026 = ORIENTED_EDGE('',*,*,#3027,.F.);
#3027 = EDGE_CURVE('',#3004,#2926,#3028,.T.);
#3028 = LINE('',#3029,#3030);
#3029 = CARTESIAN_POINT('',(5.32,-4.305096679919,0.32));
#3030 = VECTOR('',#3031,1.);
#3031 = DIRECTION('',(3.097720492816E-16,-1.,-4.672772574697E-32));
#3032 = PLANE('',#3033);
#3033 = AXIS2_PLACEMENT_3D('',#3034,#3035,#3036);
#3034 = CARTESIAN_POINT('',(4.68,-4.305096679919,0.32));
#3035 = DIRECTION('',(1.508455196502E-16,0.,1.));
#3036 = DIRECTION('',(-1.,0.,1.508455196502E-16));
#3037 = ADVANCED_FACE('',(#3038),#3063,.T.);
#3038 = FACE_BOUND('',#3039,.T.);
#3039 = EDGE_LOOP('',(#3040,#3048,#3056,#3062));
#3040 = ORIENTED_EDGE('',*,*,#3041,.T.);
#3041 = EDGE_CURVE('',#3004,#3042,#3044,.T.);
#3042 = VERTEX_POINT('',#3043);
#3043 = CARTESIAN_POINT('',(5.32,-0.5,-0.32));
#3044 = LINE('',#3045,#3046);
#3045 = CARTESIAN_POINT('',(5.32,-0.5,1.751782106328));
#3046 = VECTOR('',#3047,1.);
#3047 = DIRECTION('',(1.399484039562E-13,0.,-1.));
#3048 = ORIENTED_EDGE('',*,*,#3049,.T.);
#3049 = EDGE_CURVE('',#3042,#3050,#3052,.T.);
#3050 = VERTEX_POINT('',#3051);
#3051 = CARTESIAN_POINT('',(5.32,6.5,-0.32));
#3052 = LINE('',#3053,#3054);
#3053 = CARTESIAN_POINT('',(5.32,-4.305096679919,-0.32));
#3054 = VECTOR('',#3055,1.);
#3055 = DIRECTION('',(0.,1.,0.));
#3056 = ORIENTED_EDGE('',*,*,#3057,.F.);
#3057 = EDGE_CURVE('',#3006,#3050,#3058,.T.);
#3058 = LINE('',#3059,#3060);
#3059 = CARTESIAN_POINT('',(5.32,6.5,0.32));
#3060 = VECTOR('',#3061,1.);
#3061 = DIRECTION('',(-1.508455196502E-16,0.,-1.));
#3062 = ORIENTED_EDGE('',*,*,#3003,.F.);
#3063 = PLANE('',#3064);
#3064 = AXIS2_PLACEMENT_3D('',#3065,#3066,#3067);
#3065 = CARTESIAN_POINT('',(5.32,-4.305096679919,0.32));
#3066 = DIRECTION('',(1.,0.,-1.508455196502E-16));
#3067 = DIRECTION('',(1.508455196502E-16,0.,1.));
#3068 = ADVANCED_FACE('',(#3069),#3092,.T.);
#3069 = FACE_BOUND('',#3070,.T.);
#3070 = EDGE_LOOP('',(#3071,#3072,#3078,#3079,#3085,#3086));
#3071 = ORIENTED_EDGE('',*,*,#2941,.F.);
#3072 = ORIENTED_EDGE('',*,*,#3073,.F.);
#3073 = EDGE_CURVE('',#2964,#2934,#3074,.T.);
#3074 = LINE('',#3075,#3076);
#3075 = CARTESIAN_POINT('',(5.32,-3.1,-0.32));
#3076 = VECTOR('',#3077,1.);
#3077 = DIRECTION('',(1.,0.,1.399484039562E-13));
#3078 = ORIENTED_EDGE('',*,*,#2963,.T.);
#3079 = ORIENTED_EDGE('',*,*,#3080,.F.);
#3080 = EDGE_CURVE('',#3050,#2966,#3081,.T.);
#3081 = LINE('',#3082,#3083);
#3082 = CARTESIAN_POINT('',(4.68,6.5,-0.32));
#3083 = VECTOR('',#3084,1.);
#3084 = DIRECTION('',(-1.,0.,-1.399484039562E-13));
#3085 = ORIENTED_EDGE('',*,*,#3049,.F.);
#3086 = ORIENTED_EDGE('',*,*,#3087,.F.);
#3087 = EDGE_CURVE('',#2942,#3042,#3088,.T.);
#3088 = LINE('',#3089,#3090);
#3089 = CARTESIAN_POINT('',(5.32,-4.305096679919,-0.32));
#3090 = VECTOR('',#3091,1.);
#3091 = DIRECTION('',(-3.097720492816E-16,1.,-4.33521038872E-29));
#3092 = PLANE('',#3093);
#3093 = AXIS2_PLACEMENT_3D('',#3094,#3095,#3096);
#3094 = CARTESIAN_POINT('',(4.68,-4.305096679919,-0.32));
#3095 = DIRECTION('',(1.399484039562E-13,0.,-1.));
#3096 = DIRECTION('',(1.,0.,1.399484039562E-13));
#3097 = ADVANCED_FACE('',(#3098),#3132,.T.);
#3098 = FACE_BOUND('',#3099,.T.);
#3099 = EDGE_LOOP('',(#3100,#3110,#3118,#3126));
#3100 = ORIENTED_EDGE('',*,*,#3101,.F.);
#3101 = EDGE_CURVE('',#3102,#3104,#3106,.T.);
#3102 = VERTEX_POINT('',#3103);
#3103 = CARTESIAN_POINT('',(5.21080892972,6.8,-0.21080892972));
#3104 = VERTEX_POINT('',#3105);
#3105 = CARTESIAN_POINT('',(5.21080892972,6.8,0.21080892972));
#3106 = LINE('',#3107,#3108);
#3107 = CARTESIAN_POINT('',(5.21080892972,6.8,-2.203564821132E-16));
#3108 = VECTOR('',#3109,1.);
#3109 = DIRECTION('',(1.508455196502E-16,0.,1.));
#3110 = ORIENTED_EDGE('',*,*,#3111,.F.);
#3111 = EDGE_CURVE('',#3112,#3102,#3114,.T.);
#3112 = VERTEX_POINT('',#3113);
#3113 = CARTESIAN_POINT('',(4.78919107028,6.8,-0.21080892972));
#3114 = LINE('',#3115,#3116);
#3115 = CARTESIAN_POINT('',(7.5,6.8,-0.21080892972));
#3116 = VECTOR('',#3117,1.);
#3117 = DIRECTION('',(1.,0.,1.399484039562E-13));
#3118 = ORIENTED_EDGE('',*,*,#3119,.F.);
#3119 = EDGE_CURVE('',#3120,#3112,#3122,.T.);
#3120 = VERTEX_POINT('',#3121);
#3121 = CARTESIAN_POINT('',(4.78919107028,6.8,0.21080892972));
#3122 = LINE('',#3123,#3124);
#3123 = CARTESIAN_POINT('',(4.78919107028,6.8,-1.567573170122E-16));
#3124 = VECTOR('',#3125,1.);
#3125 = DIRECTION('',(-1.508455196502E-16,0.,-1.));
#3126 = ORIENTED_EDGE('',*,*,#3127,.F.);
#3127 = EDGE_CURVE('',#3104,#3120,#3128,.T.);
#3128 = LINE('',#3129,#3130);
#3129 = CARTESIAN_POINT('',(7.5,6.8,0.21080892972));
#3130 = VECTOR('',#3131,1.);
#3131 = DIRECTION('',(-1.,0.,1.508455196502E-16));
#3132 = PLANE('',#3133);
#3133 = AXIS2_PLACEMENT_3D('',#3134,#3135,#3136);
#3134 = CARTESIAN_POINT('',(7.5,6.8,-5.656706986881E-16));
#3135 = DIRECTION('',(-0.,1.,0.));
#3136 = DIRECTION('',(1.508455196502E-16,0.,1.));
#3137 = ADVANCED_FACE('',(#3138),#3172,.F.);
#3138 = FACE_BOUND('',#3139,.T.);
#3139 = EDGE_LOOP('',(#3140,#3150,#3158,#3166));
#3140 = ORIENTED_EDGE('',*,*,#3141,.F.);
#3141 = EDGE_CURVE('',#3142,#3144,#3146,.T.);
#3142 = VERTEX_POINT('',#3143);
#3143 = CARTESIAN_POINT('',(5.21080892972,-3.4,0.21080892972));
#3144 = VERTEX_POINT('',#3145);
#3145 = CARTESIAN_POINT('',(5.21080892972,-3.4,-0.21080892972));
#3146 = LINE('',#3147,#3148);
#3147 = CARTESIAN_POINT('',(5.21080892972,-3.4,-0.32));
#3148 = VECTOR('',#3149,1.);
#3149 = DIRECTION('',(-1.508455196502E-16,0.,-1.));
#3150 = ORIENTED_EDGE('',*,*,#3151,.F.);
#3151 = EDGE_CURVE('',#3152,#3142,#3154,.T.);
#3152 = VERTEX_POINT('',#3153);
#3153 = CARTESIAN_POINT('',(4.78919107028,-3.4,0.21080892972));
#3154 = LINE('',#3155,#3156);
#3155 = CARTESIAN_POINT('',(5.32,-3.4,0.21080892972));
#3156 = VECTOR('',#3157,1.);
#3157 = DIRECTION('',(1.,0.,-1.508455196502E-16));
#3158 = ORIENTED_EDGE('',*,*,#3159,.F.);
#3159 = EDGE_CURVE('',#3160,#3152,#3162,.T.);
#3160 = VERTEX_POINT('',#3161);
#3161 = CARTESIAN_POINT('',(4.78919107028,-3.4,-0.21080892972));
#3162 = LINE('',#3163,#3164);
#3163 = CARTESIAN_POINT('',(4.78919107028,-3.4,0.32));
#3164 = VECTOR('',#3165,1.);
#3165 = DIRECTION('',(1.508455196502E-16,0.,1.));
#3166 = ORIENTED_EDGE('',*,*,#3167,.F.);
#3167 = EDGE_CURVE('',#3144,#3160,#3168,.T.);
#3168 = LINE('',#3169,#3170);
#3169 = CARTESIAN_POINT('',(4.68,-3.4,-0.21080892972));
#3170 = VECTOR('',#3171,1.);
#3171 = DIRECTION('',(-1.,0.,-1.399484039562E-13));
#3172 = PLANE('',#3173);
#3173 = AXIS2_PLACEMENT_3D('',#3174,#3175,#3176);
#3174 = CARTESIAN_POINT('',(7.18,-3.4,-0.32));
#3175 = DIRECTION('',(-0.,1.,0.));
#3176 = DIRECTION('',(1.508455196502E-16,0.,1.));
#3177 = ADVANCED_FACE('',(#3178),#3194,.F.);
#3178 = FACE_BOUND('',#3179,.T.);
#3179 = EDGE_LOOP('',(#3180,#3186,#3187,#3193));
#3180 = ORIENTED_EDGE('',*,*,#3181,.T.);
#3181 = EDGE_CURVE('',#2966,#3112,#3182,.T.);
#3182 = LINE('',#3183,#3184);
#3183 = CARTESIAN_POINT('',(4.811268465865,6.86065714585,-0.188731534135
    ));
#3184 = VECTOR('',#3185,1.);
#3185 = DIRECTION('',(0.323615577118,0.889126490716,0.323615577118));
#3186 = ORIENTED_EDGE('',*,*,#3111,.T.);
#3187 = ORIENTED_EDGE('',*,*,#3188,.T.);
#3188 = EDGE_CURVE('',#3102,#3050,#3189,.T.);
#3189 = LINE('',#3190,#3191);
#3190 = CARTESIAN_POINT('',(5.450549138519,6.141319189789,
    -0.450549138519));
#3191 = VECTOR('',#3192,1.);
#3192 = DIRECTION('',(0.323615577118,-0.889126490716,-0.323615577118));
#3193 = ORIENTED_EDGE('',*,*,#3080,.T.);
#3194 = PLANE('',#3195);
#3195 = AXIS2_PLACEMENT_3D('',#3196,#3197,#3198);
#3196 = CARTESIAN_POINT('',(7.5,6.8,-0.21080892972));
#3197 = DIRECTION('',(-1.315084824884E-13,-0.342020143326,0.939692620786
    ));
#3198 = DIRECTION('',(1.,-6.310887241768E-30,1.399484039562E-13));
#3199 = ADVANCED_FACE('',(#3200),#3211,.F.);
#3200 = FACE_BOUND('',#3201,.T.);
#3201 = EDGE_LOOP('',(#3202,#3203,#3204,#3210));
#3202 = ORIENTED_EDGE('',*,*,#3188,.F.);
#3203 = ORIENTED_EDGE('',*,*,#3101,.T.);
#3204 = ORIENTED_EDGE('',*,*,#3205,.T.);
#3205 = EDGE_CURVE('',#3104,#3006,#3206,.T.);
#3206 = LINE('',#3207,#3208);
#3207 = CARTESIAN_POINT('',(5.188731534135,6.86065714585,0.188731534135)
  );
#3208 = VECTOR('',#3209,1.);
#3209 = DIRECTION('',(0.323615577118,-0.889126490716,0.323615577118));
#3210 = ORIENTED_EDGE('',*,*,#3057,.T.);
#3211 = PLANE('',#3212);
#3212 = AXIS2_PLACEMENT_3D('',#3213,#3214,#3215);
#3213 = CARTESIAN_POINT('',(5.21080892972,6.8,-2.203564821132E-16));
#3214 = DIRECTION('',(-0.939692620786,-0.342020143326,1.417484216939E-16
    ));
#3215 = DIRECTION('',(1.508455196502E-16,0.,1.));
#3216 = ADVANCED_FACE('',(#3217),#3228,.F.);
#3217 = FACE_BOUND('',#3218,.T.);
#3218 = EDGE_LOOP('',(#3219,#3220,#3221,#3227));
#3219 = ORIENTED_EDGE('',*,*,#3181,.F.);
#3220 = ORIENTED_EDGE('',*,*,#2989,.T.);
#3221 = ORIENTED_EDGE('',*,*,#3222,.T.);
#3222 = EDGE_CURVE('',#2982,#3120,#3223,.T.);
#3223 = LINE('',#3224,#3225);
#3224 = CARTESIAN_POINT('',(4.811268465865,6.86065714585,0.188731534135)
  );
#3225 = VECTOR('',#3226,1.);
#3226 = DIRECTION('',(0.323615577118,0.889126490716,-0.323615577118));
#3227 = ORIENTED_EDGE('',*,*,#3119,.T.);
#3228 = PLANE('',#3229);
#3229 = AXIS2_PLACEMENT_3D('',#3230,#3231,#3232);
#3230 = CARTESIAN_POINT('',(4.78919107028,6.8,-1.567573170122E-16));
#3231 = DIRECTION('',(0.939692620786,-0.342020143326,-1.417484216939E-16
    ));
#3232 = DIRECTION('',(-1.508455196502E-16,0.,-1.));
#3233 = ADVANCED_FACE('',(#3234),#3240,.F.);
#3234 = FACE_BOUND('',#3235,.T.);
#3235 = EDGE_LOOP('',(#3236,#3237,#3238,#3239));
#3236 = ORIENTED_EDGE('',*,*,#3205,.F.);
#3237 = ORIENTED_EDGE('',*,*,#3127,.T.);
#3238 = ORIENTED_EDGE('',*,*,#3222,.F.);
#3239 = ORIENTED_EDGE('',*,*,#3013,.T.);
#3240 = PLANE('',#3241);
#3241 = AXIS2_PLACEMENT_3D('',#3242,#3243,#3244);
#3242 = CARTESIAN_POINT('',(7.5,6.8,0.21080892972));
#3243 = DIRECTION('',(-1.417484216939E-16,-0.342020143326,
    -0.939692620786));
#3244 = DIRECTION('',(-1.,0.,1.508455196502E-16));
#3245 = ADVANCED_FACE('',(#3246),#3262,.T.);
#3246 = FACE_BOUND('',#3247,.T.);
#3247 = EDGE_LOOP('',(#3248,#3254,#3255,#3261));
#3248 = ORIENTED_EDGE('',*,*,#3249,.T.);
#3249 = EDGE_CURVE('',#2974,#3152,#3250,.T.);
#3250 = LINE('',#3251,#3252);
#3251 = CARTESIAN_POINT('',(4.844781119226,-3.552732404225,
    0.155218880774));
#3252 = VECTOR('',#3253,1.);
#3253 = DIRECTION('',(0.323615577118,-0.889126490716,-0.323615577118));
#3254 = ORIENTED_EDGE('',*,*,#3151,.T.);
#3255 = ORIENTED_EDGE('',*,*,#3256,.T.);
#3256 = EDGE_CURVE('',#3142,#2924,#3257,.T.);
#3257 = LINE('',#3258,#3259);
#3258 = CARTESIAN_POINT('',(5.417036485158,-2.833394448165,
    0.417036485158));
#3259 = VECTOR('',#3260,1.);
#3260 = DIRECTION('',(0.323615577118,0.889126490716,0.323615577118));
#3261 = ORIENTED_EDGE('',*,*,#3020,.T.);
#3262 = PLANE('',#3263);
#3263 = AXIS2_PLACEMENT_3D('',#3264,#3265,#3266);
#3264 = CARTESIAN_POINT('',(7.18,-3.4,0.21080892972));
#3265 = DIRECTION('',(1.417484216939E-16,-0.342020143326,0.939692620786)
  );
#3266 = DIRECTION('',(-1.,-1.232595164408E-32,1.508455196502E-16));
#3267 = ADVANCED_FACE('',(#3268),#3279,.T.);
#3268 = FACE_BOUND('',#3269,.T.);
#3269 = EDGE_LOOP('',(#3270,#3271,#3272,#3278));
#3270 = ORIENTED_EDGE('',*,*,#3256,.F.);
#3271 = ORIENTED_EDGE('',*,*,#3141,.T.);
#3272 = ORIENTED_EDGE('',*,*,#3273,.T.);
#3273 = EDGE_CURVE('',#3144,#2934,#3274,.T.);
#3274 = LINE('',#3275,#3276);
#3275 = CARTESIAN_POINT('',(5.222244187496,-3.368581887474,
    -0.222244187496));
#3276 = VECTOR('',#3277,1.);
#3277 = DIRECTION('',(0.323615577118,0.889126490716,-0.323615577118));
#3278 = ORIENTED_EDGE('',*,*,#2933,.T.);
#3279 = PLANE('',#3280);
#3280 = AXIS2_PLACEMENT_3D('',#3281,#3282,#3283);
#3281 = CARTESIAN_POINT('',(5.21080892972,-3.4,-0.32));
#3282 = DIRECTION('',(0.939692620786,-0.342020143326,-1.417484216939E-16
    ));
#3283 = DIRECTION('',(1.508455196502E-16,0.,1.));
#3284 = ADVANCED_FACE('',(#3285),#3296,.T.);
#3285 = FACE_BOUND('',#3286,.T.);
#3286 = EDGE_LOOP('',(#3287,#3288,#3289,#3295));
#3287 = ORIENTED_EDGE('',*,*,#3249,.F.);
#3288 = ORIENTED_EDGE('',*,*,#2973,.T.);
#3289 = ORIENTED_EDGE('',*,*,#3290,.T.);
#3290 = EDGE_CURVE('',#2964,#3160,#3291,.T.);
#3291 = LINE('',#3292,#3293);
#3292 = CARTESIAN_POINT('',(4.777755812504,-3.368581887474,
    -0.222244187496));
#3293 = VECTOR('',#3294,1.);
#3294 = DIRECTION('',(0.323615577118,-0.889126490716,0.323615577118));
#3295 = ORIENTED_EDGE('',*,*,#3159,.T.);
#3296 = PLANE('',#3297);
#3297 = AXIS2_PLACEMENT_3D('',#3298,#3299,#3300);
#3298 = CARTESIAN_POINT('',(4.78919107028,-3.4,-0.32));
#3299 = DIRECTION('',(-0.939692620786,-0.342020143326,1.417484216939E-16
    ));
#3300 = DIRECTION('',(-1.508455196502E-16,0.,-1.));
#3301 = ADVANCED_FACE('',(#3302),#3308,.T.);
#3302 = FACE_BOUND('',#3303,.T.);
#3303 = EDGE_LOOP('',(#3304,#3305,#3306,#3307));
#3304 = ORIENTED_EDGE('',*,*,#3273,.F.);
#3305 = ORIENTED_EDGE('',*,*,#3167,.T.);
#3306 = ORIENTED_EDGE('',*,*,#3290,.F.);
#3307 = ORIENTED_EDGE('',*,*,#3073,.T.);
#3308 = PLANE('',#3309);
#3309 = AXIS2_PLACEMENT_3D('',#3310,#3311,#3312);
#3310 = CARTESIAN_POINT('',(7.18,-3.4,-0.21080892972));
#3311 = DIRECTION('',(1.315084824884E-13,-0.342020143326,-0.939692620786
    ));
#3312 = DIRECTION('',(1.,6.310887241768E-30,1.399484039562E-13));
#3313 = ADVANCED_FACE('',(#3314),#3348,.T.);
#3314 = FACE_BOUND('',#3315,.T.);
#3315 = EDGE_LOOP('',(#3316,#3326,#3334,#3342));
#3316 = ORIENTED_EDGE('',*,*,#3317,.F.);
#3317 = EDGE_CURVE('',#3318,#3320,#3322,.T.);
#3318 = VERTEX_POINT('',#3319);
#3319 = CARTESIAN_POINT('',(5.62,-0.717962758402,0.102037241598));
#3320 = VERTEX_POINT('',#3321);
#3321 = CARTESIAN_POINT('',(5.62,-0.717962758402,-0.102037241598));
#3322 = LINE('',#3323,#3324);
#3323 = CARTESIAN_POINT('',(5.62,-0.717962758402,1.751782106328));
#3324 = VECTOR('',#3325,1.);
#3325 = DIRECTION('',(1.399484039562E-13,0.,-1.));
#3326 = ORIENTED_EDGE('',*,*,#3327,.F.);
#3327 = EDGE_CURVE('',#3328,#3318,#3330,.T.);
#3328 = VERTEX_POINT('',#3329);
#3329 = CARTESIAN_POINT('',(5.62,-1.682037241598,0.102037241598));
#3330 = LINE('',#3331,#3332);
#3331 = CARTESIAN_POINT('',(5.62,-0.5,0.102037241598));
#3332 = VECTOR('',#3333,1.);
#3333 = DIRECTION('',(-3.097720492816E-16,1.,4.672772574697E-32));
#3334 = ORIENTED_EDGE('',*,*,#3335,.F.);
#3335 = EDGE_CURVE('',#3336,#3328,#3338,.T.);
#3336 = VERTEX_POINT('',#3337);
#3337 = CARTESIAN_POINT('',(5.62,-1.682037241598,-0.102037241598));
#3338 = LINE('',#3339,#3340);
#3339 = CARTESIAN_POINT('',(5.62,-1.682037241598,1.751782106328));
#3340 = VECTOR('',#3341,1.);
#3341 = DIRECTION('',(-1.399484039562E-13,-2.24207754292E-44,1.));
#3342 = ORIENTED_EDGE('',*,*,#3343,.F.);
#3343 = EDGE_CURVE('',#3320,#3336,#3344,.T.);
#3344 = LINE('',#3345,#3346);
#3345 = CARTESIAN_POINT('',(5.62,-0.5,-0.102037241598));
#3346 = VECTOR('',#3347,1.);
#3347 = DIRECTION('',(3.097720492816E-16,-1.,4.33521038872E-29));
#3348 = PLANE('',#3349);
#3349 = AXIS2_PLACEMENT_3D('',#3350,#3351,#3352);
#3350 = CARTESIAN_POINT('',(5.62,-0.5,1.751782106328));
#3351 = DIRECTION('',(1.,3.097720492816E-16,1.399484039562E-13));
#3352 = DIRECTION('',(-1.399484039562E-13,0.,1.));
#3353 = ADVANCED_FACE('',(#3354),#3370,.F.);
#3354 = FACE_BOUND('',#3355,.T.);
#3355 = EDGE_LOOP('',(#3356,#3362,#3363,#3369));
#3356 = ORIENTED_EDGE('',*,*,#3357,.T.);
#3357 = EDGE_CURVE('',#3318,#3004,#3358,.T.);
#3358 = LINE('',#3359,#3360);
#3359 = CARTESIAN_POINT('',(5.542966848451,-0.661994897735,
    0.158005102265));
#3360 = VECTOR('',#3361,1.);
#3361 = DIRECTION('',(-0.697456562333,0.506731853971,0.506731853971));
#3362 = ORIENTED_EDGE('',*,*,#3027,.T.);
#3363 = ORIENTED_EDGE('',*,*,#3364,.T.);
#3364 = EDGE_CURVE('',#2926,#3328,#3365,.T.);
#3365 = LINE('',#3366,#3367);
#3366 = CARTESIAN_POINT('',(4.81397461846,-2.267648959939,0.687648959939
    ));
#3367 = VECTOR('',#3368,1.);
#3368 = DIRECTION('',(0.697456562333,0.506731853971,-0.506731853971));
#3369 = ORIENTED_EDGE('',*,*,#3327,.T.);
#3370 = PLANE('',#3371);
#3371 = AXIS2_PLACEMENT_3D('',#3372,#3373,#3374);
#3372 = CARTESIAN_POINT('',(5.62,-0.5,0.102037241598));
#3373 = DIRECTION('',(-0.587785252292,-1.820794421401E-16,
    -0.809016994375));
#3374 = DIRECTION('',(-3.097720492816E-16,1.,7.395570986447E-32));
#3375 = ADVANCED_FACE('',(#3376),#3387,.F.);
#3376 = FACE_BOUND('',#3377,.T.);
#3377 = EDGE_LOOP('',(#3378,#3379,#3380,#3386));
#3378 = ORIENTED_EDGE('',*,*,#3364,.F.);
#3379 = ORIENTED_EDGE('',*,*,#2949,.T.);
#3380 = ORIENTED_EDGE('',*,*,#3381,.T.);
#3381 = EDGE_CURVE('',#2942,#3336,#3382,.T.);
#3382 = LINE('',#3383,#3384);
#3383 = CARTESIAN_POINT('',(6.052216393953,-1.368013650091,
    0.211986349909));
#3384 = VECTOR('',#3385,1.);
#3385 = DIRECTION('',(0.697456562333,0.506731853971,0.506731853971));
#3386 = ORIENTED_EDGE('',*,*,#3335,.T.);
#3387 = PLANE('',#3388);
#3388 = AXIS2_PLACEMENT_3D('',#3389,#3390,#3391);
#3389 = CARTESIAN_POINT('',(5.32,-1.9,1.751782106328));
#3390 = DIRECTION('',(-0.587785252292,0.809016994375,-8.225960792733E-14
    ));
#3391 = DIRECTION('',(1.399484039562E-13,0.,-1.));
#3392 = ADVANCED_FACE('',(#3393),#3404,.F.);
#3393 = FACE_BOUND('',#3394,.T.);
#3394 = EDGE_LOOP('',(#3395,#3396,#3397,#3403));
#3395 = ORIENTED_EDGE('',*,*,#3357,.F.);
#3396 = ORIENTED_EDGE('',*,*,#3317,.T.);
#3397 = ORIENTED_EDGE('',*,*,#3398,.T.);
#3398 = EDGE_CURVE('',#3320,#3042,#3399,.T.);
#3399 = LINE('',#3400,#3401);
#3400 = CARTESIAN_POINT('',(6.275183242404,-1.193981247644,
    0.373981247645));
#3401 = VECTOR('',#3402,1.);
#3402 = DIRECTION('',(-0.697456562333,0.506731853971,-0.506731853971));
#3403 = ORIENTED_EDGE('',*,*,#3041,.F.);
#3404 = PLANE('',#3405);
#3405 = AXIS2_PLACEMENT_3D('',#3406,#3407,#3408);
#3406 = CARTESIAN_POINT('',(5.62,-0.717962758402,1.751782106328));
#3407 = DIRECTION('',(-0.587785252292,-0.809016994375,
    -8.225960792733E-14));
#3408 = DIRECTION('',(1.399484039562E-13,0.,-1.));
#3409 = ADVANCED_FACE('',(#3410),#3416,.F.);
#3410 = FACE_BOUND('',#3411,.T.);
#3411 = EDGE_LOOP('',(#3412,#3413,#3414,#3415));
#3412 = ORIENTED_EDGE('',*,*,#3381,.F.);
#3413 = ORIENTED_EDGE('',*,*,#3087,.T.);
#3414 = ORIENTED_EDGE('',*,*,#3398,.F.);
#3415 = ORIENTED_EDGE('',*,*,#3343,.T.);
#3416 = PLANE('',#3417);
#3417 = AXIS2_PLACEMENT_3D('',#3418,#3419,#3420);
#3418 = CARTESIAN_POINT('',(5.32,-4.305096679919,-0.32));
#3419 = DIRECTION('',(-0.587785252293,-1.820794421401E-16,0.809016994375
    ));
#3420 = DIRECTION('',(-3.097720492816E-16,1.,-4.336269788387E-29));
#3421 = ( GEOMETRIC_REPRESENTATION_CONTEXT(3) 
GLOBAL_UNCERTAINTY_ASSIGNED_CONTEXT((#3425)) 
GLOBAL_UNIT_ASSIGNED_CONTEXT((#3422,#3423,#3424)) REPRESENTATION_CONTEXT
('Context #1','3D Context with UNIT and UNCERTAINTY') );
#3422 = ( LENGTH_UNIT() NAMED_UNIT(*) SI_UNIT(.MILLI.,.METRE.) );
#3423 = ( NAMED_UNIT(*) PLANE_ANGLE_UNIT() SI_UNIT($,.RADIAN.) );
#3424 = ( NAMED_UNIT(*) SI_UNIT($,.STERADIAN.) SOLID_ANGLE_UNIT() );
#3425 = UNCERTAINTY_MEASURE_WITH_UNIT(LENGTH_MEASURE(1.E-07),#3422,
  'distance_accuracy_value','confusion accuracy');
#3426 = CONTEXT_DEPENDENT_SHAPE_REPRESENTATION(#3427,#3429);
#3427 = ( REPRESENTATION_RELATIONSHIP('','',#102,#79) 
REPRESENTATION_RELATIONSHIP_WITH_TRANSFORMATION(#3428) 
SHAPE_REPRESENTATION_RELATIONSHIP() );
#3428 = ITEM_DEFINED_TRANSFORMATION('','',#11,#80);
#3429 = PRODUCT_DEFINITION_SHAPE('Placement','Placement of an item',
  #3430);
#3430 = NEXT_ASSEMBLY_USAGE_OCCURRENCE('1','NAUO1','',#74,#97,$);
#3431 = PRODUCT_RELATED_PRODUCT_CATEGORY('part',$,(#99));
#3432 = SHAPE_DEFINITION_REPRESENTATION(#3433,#3439);
#3433 = PRODUCT_DEFINITION_SHAPE('','',#3434);
#3434 = PRODUCT_DEFINITION('design','',#3435,#3438);
#3435 = PRODUCT_DEFINITION_FORMATION('','',#3436);
#3436 = PRODUCT('DF11-12DP-2DSA','DF11-12DP-2DSA','',(#3437));
#3437 = PRODUCT_CONTEXT('',#2,'mechanical');
#3438 = PRODUCT_DEFINITION_CONTEXT('part definition',#2,'design');
#3439 = SHAPE_REPRESENTATION('',(#11,#3440),#3444);
#3440 = AXIS2_PLACEMENT_3D('',#3441,#3442,#3443);
#3441 = CARTESIAN_POINT('',(0.,0.,0.));
#3442 = DIRECTION('',(0.,0.,1.));
#3443 = DIRECTION('',(1.,0.,-0.));
#3444 = ( GEOMETRIC_REPRESENTATION_CONTEXT(3) 
GLOBAL_UNCERTAINTY_ASSIGNED_CONTEXT((#3448)) 
GLOBAL_UNIT_ASSIGNED_CONTEXT((#3445,#3446,#3447)) REPRESENTATION_CONTEXT
('Context #1','3D Context with UNIT and UNCERTAINTY') );
#3445 = ( LENGTH_UNIT() NAMED_UNIT(*) SI_UNIT(.MILLI.,.METRE.) );
#3446 = ( NAMED_UNIT(*) PLANE_ANGLE_UNIT() SI_UNIT($,.RADIAN.) );
#3447 = ( NAMED_UNIT(*) SI_UNIT($,.STERADIAN.) SOLID_ANGLE_UNIT() );
#3448 = UNCERTAINTY_MEASURE_WITH_UNIT(LENGTH_MEASURE(1.E-07),#3445,
  'distance_accuracy_value','confusion accuracy');
#3449 = CONTEXT_DEPENDENT_SHAPE_REPRESENTATION(#3450,#3452);
#3450 = ( REPRESENTATION_RELATIONSHIP('','',#3439,#10) 
REPRESENTATION_RELATIONSHIP_WITH_TRANSFORMATION(#3451) 
SHAPE_REPRESENTATION_RELATIONSHIP() );
#3451 = ITEM_DEFINED_TRANSFORMATION('','',#11,#19);
#3452 = PRODUCT_DEFINITION_SHAPE('Placement','Placement of an item',
  #3453);
#3453 = NEXT_ASSEMBLY_USAGE_OCCURRENCE('6','J1','',#5,#3434,$);
#3454 = PRODUCT_RELATED_PRODUCT_CATEGORY('part',$,(#3436));
#3455 = SHAPE_DEFINITION_REPRESENTATION(#3456,#3462);
#3456 = PRODUCT_DEFINITION_SHAPE('','',#3457);
#3457 = PRODUCT_DEFINITION('design','',#3458,#3461);
#3458 = PRODUCT_DEFINITION_FORMATION('','',#3459);
#3459 = PRODUCT('DF11-12DP-2DSAÈª','DF11-12DP-2DSAÈª','',(
    #3460));
#3460 = PRODUCT_CONTEXT('',#2,'mechanical');
#3461 = PRODUCT_DEFINITION_CONTEXT('part definition',#2,'design');
#3462 = SHAPE_REPRESENTATION('',(#11,#3463),#3467);
#3463 = AXIS2_PLACEMENT_3D('',#3464,#3465,#3466);
#3464 = CARTESIAN_POINT('',(-22.,25.,0.));
#3465 = DIRECTION('',(0.,0.,1.));
#3466 = DIRECTION('',(1.,0.,0.));
#3467 = ( GEOMETRIC_REPRESENTATION_CONTEXT(3) 
GLOBAL_UNCERTAINTY_ASSIGNED_CONTEXT((#3471)) 
GLOBAL_UNIT_ASSIGNED_CONTEXT((#3468,#3469,#3470)) REPRESENTATION_CONTEXT
('Context #1','3D Context with UNIT and UNCERTAINTY') );
#3468 = ( LENGTH_UNIT() NAMED_UNIT(*) SI_UNIT(.MILLI.,.METRE.) );
#3469 = ( NAMED_UNIT(*) PLANE_ANGLE_UNIT() SI_UNIT($,.RADIAN.) );
#3470 = ( NAMED_UNIT(*) SI_UNIT($,.STERADIAN.) SOLID_ANGLE_UNIT() );
#3471 = UNCERTAINTY_MEASURE_WITH_UNIT(LENGTH_MEASURE(1.E-07),#3468,
  'distance_accuracy_value','confusion accuracy');
#3472 = CONTEXT_DEPENDENT_SHAPE_REPRESENTATION(#3473,#3475);
#3473 = ( REPRESENTATION_RELATIONSHIP('','',#3462,#3439) 
REPRESENTATION_RELATIONSHIP_WITH_TRANSFORMATION(#3474) 
SHAPE_REPRESENTATION_RELATIONSHIP() );
#3474 = ITEM_DEFINED_TRANSFORMATION('','',#11,#3440);
#3475 = PRODUCT_DEFINITION_SHAPE('Placement','Placement of an item',
  #3476);
#3476 = NEXT_ASSEMBLY_USAGE_OCCURRENCE('5','=>[0:1:1:6]','',#3434,#3457,
  $);
#3477 = PRODUCT_RELATED_PRODUCT_CATEGORY('part',$,(#3459));
#3478 = SHAPE_DEFINITION_REPRESENTATION(#3479,#3485);
#3479 = PRODUCT_DEFINITION_SHAPE('','',#3480);
#3480 = PRODUCT_DEFINITION('design','',#3481,#3484);
#3481 = PRODUCT_DEFINITION_FORMATION('','',#3482);
#3482 = PRODUCT('DF11-12DP-2DSAÈª','DF11-12DP-2DSAÈª','',(
    #3483));
#3483 = PRODUCT_CONTEXT('',#2,'mechanical');
#3484 = PRODUCT_DEFINITION_CONTEXT('part definition',#2,'design');
#3485 = ADVANCED_BREP_SHAPE_REPRESENTATION('',(#11,#3486),#11942);
#3486 = MANIFOLD_SOLID_BREP('',#3487);
#3487 = CLOSED_SHELL('',(#3488,#3528,#3568,#3608,#3648,#3688,#3728,#3768
    ,#3808,#3846,#3886,#3926,#3966,#4006,#4046,#4075,#4106,#4146,#4186,
    #4217,#4257,#4288,#4326,#4357,#4388,#4428,#4466,#4488,#4528,#4568,
    #4606,#4646,#4677,#4708,#4748,#4786,#4824,#4864,#4904,#4944,#4984,
    #5024,#5048,#5088,#5128,#5166,#5204,#5244,#5268,#5306,#5346,#5384,
    #5406,#5423,#5445,#5476,#5516,#5540,#5571,#5595,#5635,#5675,#5715,
    #5755,#5777,#5813,#5844,#5875,#5906,#5937,#5961,#5992,#6032,#6063,
    #6080,#6120,#6160,#6184,#6201,#6230,#6259,#6288,#6312,#6336,#6372,
    #6401,#6425,#6456,#6487,#6504,#6521,#6552,#6583,#6600,#6640,#6664,
    #6686,#6708,#6737,#6759,#6783,#6821,#6838,#6855,#6886,#6908,#6930,
    #6947,#6978,#7160,#7172,#7201,#7230,#7261,#7283,#7307,#7331,#7348,
    #7372,#7396,#7436,#7467,#7484,#7501,#7523,#7540,#7580,#7609,#7626,
    #7650,#7667,#7691,#7708,#7732,#7756,#7768,#7785,#7802,#7824,#7836,
    #7858,#7889,#7918,#7935,#7973,#7990,#8014,#8026,#8050,#8062,#8079,
    #8096,#8136,#8271,#8406,#8437,#8484,#8547,#8571,#8602,#8645,#8662,
    #8674,#8691,#8722,#8744,#8761,#8778,#8809,#8840,#8878,#8902,#8926,
    #8962,#8993,#9005,#9029,#9053,#9070,#9082,#9099,#9123,#9147,#9176,
    #9193,#9210,#9239,#9263,#9275,#9292,#9316,#9347,#9359,#9376,#9407,
    #9429,#9446,#9463,#9480,#9511,#9523,#9540,#9557,#9588,#9605,#9622,
    #9662,#9686,#9708,#9725,#9742,#9759,#9771,#9795,#9807,#9831,#9855,
    #9872,#9903,#9920,#9937,#9954,#9985,#10016,#10028,#10040,#10052,
    #10069,#10081,#10093,#10105,#10122,#10139,#10151,#10182,#10199,
    #10216,#10233,#10257,#10274,#10298,#10322,#10362,#10393,#10528,
    #10663,#10694,#10718,#10749,#10838,#10855,#10886,#10908,#10958,
    #11098,#11129,#11153,#11184,#11215,#11244,#11261,#11278,#11290,
    #11302,#11333,#11373,#11402,#11426,#11448,#11465,#11482,#11494,
    #11506,#11518,#11535,#11578,#11595,#11612,#11628,#11645,#11657,
    #11800,#11824,#11855,#11879,#11901,#11913,#11930));
#3488 = ADVANCED_FACE('',(#3489),#3523,.T.);
#3489 = FACE_BOUND('',#3490,.T.);
#3490 = EDGE_LOOP('',(#3491,#3501,#3509,#3517));
#3491 = ORIENTED_EDGE('',*,*,#3492,.T.);
#3492 = EDGE_CURVE('',#3493,#3495,#3497,.T.);
#3493 = VERTEX_POINT('',#3494);
#3494 = CARTESIAN_POINT('',(15.927828,-0.69457,2.));
#3495 = VERTEX_POINT('',#3496);
#3496 = CARTESIAN_POINT('',(15.627828,-0.69457,2.));
#3497 = LINE('',#3498,#3499);
#3498 = CARTESIAN_POINT('',(15.92853557827,-0.69457,2.));
#3499 = VECTOR('',#3500,1.);
#3500 = DIRECTION('',(-1.,0.,0.));
#3501 = ORIENTED_EDGE('',*,*,#3502,.F.);
#3502 = EDGE_CURVE('',#3503,#3495,#3505,.T.);
#3503 = VERTEX_POINT('',#3504);
#3504 = CARTESIAN_POINT('',(15.527828,-0.59457,2.4));
#3505 = LINE('',#3506,#3507);
#3506 = CARTESIAN_POINT('',(14.877828,5.543E-02,5.));
#3507 = VECTOR('',#3508,1.);
#3508 = DIRECTION('',(0.235702260396,-0.235702260396,-0.942809041582));
#3509 = ORIENTED_EDGE('',*,*,#3510,.T.);
#3510 = EDGE_CURVE('',#3503,#3511,#3513,.T.);
#3511 = VERTEX_POINT('',#3512);
#3512 = CARTESIAN_POINT('',(16.027828,-0.59457,2.4));
#3513 = LINE('',#3514,#3515);
#3514 = CARTESIAN_POINT('',(15.92853557827,-0.59457,2.4));
#3515 = VECTOR('',#3516,1.);
#3516 = DIRECTION('',(1.,0.,0.));
#3517 = ORIENTED_EDGE('',*,*,#3518,.F.);
#3518 = EDGE_CURVE('',#3493,#3511,#3519,.T.);
#3519 = LINE('',#3520,#3521);
#3520 = CARTESIAN_POINT('',(16.677828,5.543E-02,5.));
#3521 = VECTOR('',#3522,1.);
#3522 = DIRECTION('',(0.235702260396,0.235702260396,0.942809041582));
#3523 = PLANE('',#3524);
#3524 = AXIS2_PLACEMENT_3D('',#3525,#3526,#3527);
#3525 = CARTESIAN_POINT('',(15.777828,-0.64457,2.2));
#3526 = DIRECTION('',(0.,0.970142500145,-0.242535625036));
#3527 = DIRECTION('',(0.,0.242535625036,0.970142500145));
#3528 = ADVANCED_FACE('',(#3529),#3563,.F.);
#3529 = FACE_BOUND('',#3530,.T.);
#3530 = EDGE_LOOP('',(#3531,#3541,#3549,#3557));
#3531 = ORIENTED_EDGE('',*,*,#3532,.T.);
#3532 = EDGE_CURVE('',#3533,#3535,#3537,.T.);
#3533 = VERTEX_POINT('',#3534);
#3534 = CARTESIAN_POINT('',(17.527828,-0.59457,5.));
#3535 = VERTEX_POINT('',#3536);
#3536 = CARTESIAN_POINT('',(17.527828,-0.59457,2.4));
#3537 = LINE('',#3538,#3539);
#3538 = CARTESIAN_POINT('',(17.527828,-0.59457,7.05));
#3539 = VECTOR('',#3540,1.);
#3540 = DIRECTION('',(0.,0.,-1.));
#3541 = ORIENTED_EDGE('',*,*,#3542,.T.);
#3542 = EDGE_CURVE('',#3535,#3543,#3545,.T.);
#3543 = VERTEX_POINT('',#3544);
#3544 = CARTESIAN_POINT('',(17.527828,-1.09457,2.4));
#3545 = LINE('',#3546,#3547);
#3546 = CARTESIAN_POINT('',(17.527828,-0.191870202642,2.4));
#3547 = VECTOR('',#3548,1.);
#3548 = DIRECTION('',(0.,-1.,0.));
#3549 = ORIENTED_EDGE('',*,*,#3550,.T.);
#3550 = EDGE_CURVE('',#3543,#3551,#3553,.T.);
#3551 = VERTEX_POINT('',#3552);
#3552 = CARTESIAN_POINT('',(17.527828,-1.09457,5.));
#3553 = LINE('',#3554,#3555);
#3554 = CARTESIAN_POINT('',(17.527828,-1.09457,4.150000000014));
#3555 = VECTOR('',#3556,1.);
#3556 = DIRECTION('',(0.,0.,1.));
#3557 = ORIENTED_EDGE('',*,*,#3558,.F.);
#3558 = EDGE_CURVE('',#3533,#3551,#3559,.T.);
#3559 = LINE('',#3560,#3561);
#3560 = CARTESIAN_POINT('',(17.527828,0.,5.));
#3561 = VECTOR('',#3562,1.);
#3562 = DIRECTION('',(0.,-1.,1.224606353822E-16));
#3563 = PLANE('',#3564);
#3564 = AXIS2_PLACEMENT_3D('',#3565,#3566,#3567);
#3565 = CARTESIAN_POINT('',(17.527828,-3.29457,7.65));
#3566 = DIRECTION('',(1.,0.,0.));
#3567 = DIRECTION('',(0.,0.,1.));
#3568 = ADVANCED_FACE('',(#3569),#3603,.T.);
#3569 = FACE_BOUND('',#3570,.T.);
#3570 = EDGE_LOOP('',(#3571,#3581,#3589,#3597));
#3571 = ORIENTED_EDGE('',*,*,#3572,.T.);
#3572 = EDGE_CURVE('',#3573,#3575,#3577,.T.);
#3573 = VERTEX_POINT('',#3574);
#3574 = CARTESIAN_POINT('',(19.927828,1.30543,2.));
#3575 = VERTEX_POINT('',#3576);
#3576 = CARTESIAN_POINT('',(19.627828,1.30543,2.));
#3577 = LINE('',#3578,#3579);
#3578 = CARTESIAN_POINT('',(19.92853557827,1.30543,2.));
#3579 = VECTOR('',#3580,1.);
#3580 = DIRECTION('',(-1.,0.,0.));
#3581 = ORIENTED_EDGE('',*,*,#3582,.F.);
#3582 = EDGE_CURVE('',#3583,#3575,#3585,.T.);
#3583 = VERTEX_POINT('',#3584);
#3584 = CARTESIAN_POINT('',(19.527828,1.40543,2.4));
#3585 = LINE('',#3586,#3587);
#3586 = CARTESIAN_POINT('',(18.877828,2.05543,5.));
#3587 = VECTOR('',#3588,1.);
#3588 = DIRECTION('',(0.235702260396,-0.235702260396,-0.942809041582));
#3589 = ORIENTED_EDGE('',*,*,#3590,.T.);
#3590 = EDGE_CURVE('',#3583,#3591,#3593,.T.);
#3591 = VERTEX_POINT('',#3592);
#3592 = CARTESIAN_POINT('',(20.027828,1.40543,2.4));
#3593 = LINE('',#3594,#3595);
#3594 = CARTESIAN_POINT('',(19.92853557827,1.40543,2.4));
#3595 = VECTOR('',#3596,1.);
#3596 = DIRECTION('',(1.,0.,0.));
#3597 = ORIENTED_EDGE('',*,*,#3598,.F.);
#3598 = EDGE_CURVE('',#3573,#3591,#3599,.T.);
#3599 = LINE('',#3600,#3601);
#3600 = CARTESIAN_POINT('',(20.677828,2.05543,5.));
#3601 = VECTOR('',#3602,1.);
#3602 = DIRECTION('',(0.235702260396,0.235702260396,0.942809041582));
#3603 = PLANE('',#3604);
#3604 = AXIS2_PLACEMENT_3D('',#3605,#3606,#3607);
#3605 = CARTESIAN_POINT('',(19.777828,1.35543,2.2));
#3606 = DIRECTION('',(0.,0.970142500145,-0.242535625036));
#3607 = DIRECTION('',(0.,0.242535625036,0.970142500145));
#3608 = ADVANCED_FACE('',(#3609),#3643,.F.);
#3609 = FACE_BOUND('',#3610,.T.);
#3610 = EDGE_LOOP('',(#3611,#3621,#3629,#3637));
#3611 = ORIENTED_EDGE('',*,*,#3612,.F.);
#3612 = EDGE_CURVE('',#3613,#3615,#3617,.T.);
#3613 = VERTEX_POINT('',#3614);
#3614 = CARTESIAN_POINT('',(15.277828,-2.34457,6.45));
#3615 = VERTEX_POINT('',#3616);
#3616 = CARTESIAN_POINT('',(15.277828,-2.34457,6.6));
#3617 = LINE('',#3618,#3619);
#3618 = CARTESIAN_POINT('',(15.277828,-2.34457,2.871175318981E-16));
#3619 = VECTOR('',#3620,1.);
#3620 = DIRECTION('',(0.,1.224606353822E-16,1.));
#3621 = ORIENTED_EDGE('',*,*,#3622,.T.);
#3622 = EDGE_CURVE('',#3613,#3623,#3625,.T.);
#3623 = VERTEX_POINT('',#3624);
#3624 = CARTESIAN_POINT('',(15.277828,-0.34457,6.45));
#3625 = LINE('',#3626,#3627);
#3626 = CARTESIAN_POINT('',(15.277828,6.915637767307E-16,6.45));
#3627 = VECTOR('',#3628,1.);
#3628 = DIRECTION('',(0.,1.,-2.449212707645E-16));
#3629 = ORIENTED_EDGE('',*,*,#3630,.T.);
#3630 = EDGE_CURVE('',#3623,#3631,#3633,.T.);
#3631 = VERTEX_POINT('',#3632);
#3632 = CARTESIAN_POINT('',(15.277828,-0.34457,6.6));
#3633 = LINE('',#3634,#3635);
#3634 = CARTESIAN_POINT('',(15.277828,-0.34457,8.439252226732E-17));
#3635 = VECTOR('',#3636,1.);
#3636 = DIRECTION('',(0.,1.224606353822E-16,1.));
#3637 = ORIENTED_EDGE('',*,*,#3638,.T.);
#3638 = EDGE_CURVE('',#3631,#3615,#3639,.T.);
#3639 = LINE('',#3640,#3641);
#3640 = CARTESIAN_POINT('',(15.277828,3.641509836727E-16,6.6));
#3641 = VECTOR('',#3642,1.);
#3642 = DIRECTION('',(0.,-1.,1.224606353822E-16));
#3643 = PLANE('',#3644);
#3644 = AXIS2_PLACEMENT_3D('',#3645,#3646,#3647);
#3645 = CARTESIAN_POINT('',(15.277828,-0.34457,8.));
#3646 = DIRECTION('',(-1.,0.,0.));
#3647 = DIRECTION('',(0.,1.,-2.449212707645E-16));
#3648 = ADVANCED_FACE('',(#3649),#3683,.T.);
#3649 = FACE_BOUND('',#3650,.T.);
#3650 = EDGE_LOOP('',(#3651,#3661,#3669,#3677));
#3651 = ORIENTED_EDGE('',*,*,#3652,.F.);
#3652 = EDGE_CURVE('',#3653,#3655,#3657,.T.);
#3653 = VERTEX_POINT('',#3654);
#3654 = CARTESIAN_POINT('',(17.527828,1.40543,5.));
#3655 = VERTEX_POINT('',#3656);
#3656 = CARTESIAN_POINT('',(17.527828,1.40543,2.4));
#3657 = LINE('',#3658,#3659);
#3658 = CARTESIAN_POINT('',(17.527828,1.40543,7.05));
#3659 = VECTOR('',#3660,1.);
#3660 = DIRECTION('',(0.,0.,-1.));
#3661 = ORIENTED_EDGE('',*,*,#3662,.T.);
#3662 = EDGE_CURVE('',#3653,#3663,#3665,.T.);
#3663 = VERTEX_POINT('',#3664);
#3664 = CARTESIAN_POINT('',(18.027828,1.40543,5.));
#3665 = LINE('',#3666,#3667);
#3666 = CARTESIAN_POINT('',(0.,1.40543,5.));
#3667 = VECTOR('',#3668,1.);
#3668 = DIRECTION('',(1.,0.,0.));
#3669 = ORIENTED_EDGE('',*,*,#3670,.T.);
#3670 = EDGE_CURVE('',#3663,#3671,#3673,.T.);
#3671 = VERTEX_POINT('',#3672);
#3672 = CARTESIAN_POINT('',(18.027828,1.40543,2.4));
#3673 = LINE('',#3674,#3675);
#3674 = CARTESIAN_POINT('',(18.027828,1.40543,7.434794375007));
#3675 = VECTOR('',#3676,1.);
#3676 = DIRECTION('',(0.,0.,-1.));
#3677 = ORIENTED_EDGE('',*,*,#3678,.F.);
#3678 = EDGE_CURVE('',#3655,#3671,#3679,.T.);
#3679 = LINE('',#3680,#3681);
#3680 = CARTESIAN_POINT('',(17.92853557827,1.40543,2.4));
#3681 = VECTOR('',#3682,1.);
#3682 = DIRECTION('',(1.,0.,0.));
#3683 = PLANE('',#3684);
#3684 = AXIS2_PLACEMENT_3D('',#3685,#3686,#3687);
#3685 = CARTESIAN_POINT('',(17.527828,1.40543,7.));
#3686 = DIRECTION('',(0.,1.,0.));
#3687 = DIRECTION('',(1.,0.,0.));
#3688 = ADVANCED_FACE('',(#3689),#3723,.F.);
#3689 = FACE_BOUND('',#3690,.T.);
#3690 = EDGE_LOOP('',(#3691,#3701,#3709,#3717));
#3691 = ORIENTED_EDGE('',*,*,#3692,.T.);
#3692 = EDGE_CURVE('',#3693,#3695,#3697,.T.);
#3693 = VERTEX_POINT('',#3694);
#3694 = CARTESIAN_POINT('',(17.927828,1.00543,9.600000000014));
#3695 = VERTEX_POINT('',#3696);
#3696 = CARTESIAN_POINT('',(17.927828,1.30543,9.600000000014));
#3697 = LINE('',#3698,#3699);
#3698 = CARTESIAN_POINT('',(17.927828,1.808129797358,9.600000000014));
#3699 = VECTOR('',#3700,1.);
#3700 = DIRECTION('',(1.224606353822E-16,1.,0.));
#3701 = ORIENTED_EDGE('',*,*,#3702,.T.);
#3702 = EDGE_CURVE('',#3695,#3703,#3705,.T.);
#3703 = VERTEX_POINT('',#3704);
#3704 = CARTESIAN_POINT('',(17.627828,1.30543,9.600000000014));
#3705 = LINE('',#3706,#3707);
#3706 = CARTESIAN_POINT('',(17.92853557827,1.30543,9.600000000014));
#3707 = VECTOR('',#3708,1.);
#3708 = DIRECTION('',(-1.,1.224606353822E-16,0.));
#3709 = ORIENTED_EDGE('',*,*,#3710,.T.);
#3710 = EDGE_CURVE('',#3703,#3711,#3713,.T.);
#3711 = VERTEX_POINT('',#3712);
#3712 = CARTESIAN_POINT('',(17.627828,1.00543,9.600000000014));
#3713 = LINE('',#3714,#3715);
#3714 = CARTESIAN_POINT('',(17.627828,1.808129797358,9.600000000014));
#3715 = VECTOR('',#3716,1.);
#3716 = DIRECTION('',(-1.224606353822E-16,-1.,0.));
#3717 = ORIENTED_EDGE('',*,*,#3718,.T.);
#3718 = EDGE_CURVE('',#3711,#3693,#3719,.T.);
#3719 = LINE('',#3720,#3721);
#3720 = CARTESIAN_POINT('',(17.92853557827,1.00543,9.600000000014));
#3721 = VECTOR('',#3722,1.);
#3722 = DIRECTION('',(1.,-1.224606353822E-16,0.));
#3723 = PLANE('',#3724);
#3724 = AXIS2_PLACEMENT_3D('',#3725,#3726,#3727);
#3725 = CARTESIAN_POINT('',(17.92853557827,1.808129797358,9.600000000014
    ));
#3726 = DIRECTION('',(0.,0.,-1.));
#3727 = DIRECTION('',(-1.,1.224606353822E-16,0.));
#3728 = ADVANCED_FACE('',(#3729),#3763,.T.);
#3729 = FACE_BOUND('',#3730,.T.);
#3730 = EDGE_LOOP('',(#3731,#3741,#3749,#3757));
#3731 = ORIENTED_EDGE('',*,*,#3732,.F.);
#3732 = EDGE_CURVE('',#3733,#3735,#3737,.T.);
#3733 = VERTEX_POINT('',#3734);
#3734 = CARTESIAN_POINT('',(13.527828,0.90543,6.45));
#3735 = VERTEX_POINT('',#3736);
#3736 = CARTESIAN_POINT('',(13.527828,0.90543,9.200000000014));
#3737 = LINE('',#3738,#3739);
#3738 = CARTESIAN_POINT('',(13.527828,0.90543,4.150000000014));
#3739 = VECTOR('',#3740,1.);
#3740 = DIRECTION('',(0.,0.,1.));
#3741 = ORIENTED_EDGE('',*,*,#3742,.T.);
#3742 = EDGE_CURVE('',#3733,#3743,#3745,.T.);
#3743 = VERTEX_POINT('',#3744);
#3744 = CARTESIAN_POINT('',(14.027828,0.90543,6.45));
#3745 = LINE('',#3746,#3747);
#3746 = CARTESIAN_POINT('',(22.,0.90543,6.45));
#3747 = VECTOR('',#3748,1.);
#3748 = DIRECTION('',(1.,0.,0.));
#3749 = ORIENTED_EDGE('',*,*,#3750,.T.);
#3750 = EDGE_CURVE('',#3743,#3751,#3753,.T.);
#3751 = VERTEX_POINT('',#3752);
#3752 = CARTESIAN_POINT('',(14.027828,0.90543,9.200000000014));
#3753 = LINE('',#3754,#3755);
#3754 = CARTESIAN_POINT('',(14.027828,0.90543,5.));
#3755 = VECTOR('',#3756,1.);
#3756 = DIRECTION('',(0.,0.,1.));
#3757 = ORIENTED_EDGE('',*,*,#3758,.T.);
#3758 = EDGE_CURVE('',#3751,#3735,#3759,.T.);
#3759 = LINE('',#3760,#3761);
#3760 = CARTESIAN_POINT('',(13.92853557827,0.90543,9.200000000014));
#3761 = VECTOR('',#3762,1.);
#3762 = DIRECTION('',(-1.,1.224606353822E-16,0.));
#3763 = PLANE('',#3764);
#3764 = AXIS2_PLACEMENT_3D('',#3765,#3766,#3767);
#3765 = CARTESIAN_POINT('',(13.527828,0.90543,7.));
#3766 = DIRECTION('',(0.,-1.,0.));
#3767 = DIRECTION('',(1.,0.,0.));
#3768 = ADVANCED_FACE('',(#3769),#3803,.T.);
#3769 = FACE_BOUND('',#3770,.T.);
#3770 = EDGE_LOOP('',(#3771,#3781,#3789,#3797));
#3771 = ORIENTED_EDGE('',*,*,#3772,.T.);
#3772 = EDGE_CURVE('',#3773,#3775,#3777,.T.);
#3773 = VERTEX_POINT('',#3774);
#3774 = CARTESIAN_POINT('',(16.027828,1.40543,5.));
#3775 = VERTEX_POINT('',#3776);
#3776 = CARTESIAN_POINT('',(16.027828,0.90543,5.));
#3777 = LINE('',#3778,#3779);
#3778 = CARTESIAN_POINT('',(16.027828,0.,5.));
#3779 = VECTOR('',#3780,1.);
#3780 = DIRECTION('',(0.,-1.,1.224606353822E-16));
#3781 = ORIENTED_EDGE('',*,*,#3782,.F.);
#3782 = EDGE_CURVE('',#3783,#3775,#3785,.T.);
#3783 = VERTEX_POINT('',#3784);
#3784 = CARTESIAN_POINT('',(16.027828,0.90543,2.4));
#3785 = LINE('',#3786,#3787);
#3786 = CARTESIAN_POINT('',(16.027828,0.90543,5.));
#3787 = VECTOR('',#3788,1.);
#3788 = DIRECTION('',(0.,0.,1.));
#3789 = ORIENTED_EDGE('',*,*,#3790,.F.);
#3790 = EDGE_CURVE('',#3791,#3783,#3793,.T.);
#3791 = VERTEX_POINT('',#3792);
#3792 = CARTESIAN_POINT('',(16.027828,1.40543,2.4));
#3793 = LINE('',#3794,#3795);
#3794 = CARTESIAN_POINT('',(16.027828,1.808129797358,2.4));
#3795 = VECTOR('',#3796,1.);
#3796 = DIRECTION('',(0.,-1.,0.));
#3797 = ORIENTED_EDGE('',*,*,#3798,.F.);
#3798 = EDGE_CURVE('',#3773,#3791,#3799,.T.);
#3799 = LINE('',#3800,#3801);
#3800 = CARTESIAN_POINT('',(16.027828,1.40543,7.434794375007));
#3801 = VECTOR('',#3802,1.);
#3802 = DIRECTION('',(0.,0.,-1.));
#3803 = PLANE('',#3804);
#3804 = AXIS2_PLACEMENT_3D('',#3805,#3806,#3807);
#3805 = CARTESIAN_POINT('',(16.027828,0.90543,7.05));
#3806 = DIRECTION('',(1.,0.,0.));
#3807 = DIRECTION('',(-0.,1.,0.));
#3808 = ADVANCED_FACE('',(#3809),#3841,.F.);
#3809 = FACE_BOUND('',#3810,.T.);
#3810 = EDGE_LOOP('',(#3811,#3819,#3827,#3835));
#3811 = ORIENTED_EDGE('',*,*,#3812,.T.);
#3812 = EDGE_CURVE('',#3813,#3583,#3815,.T.);
#3813 = VERTEX_POINT('',#3814);
#3814 = CARTESIAN_POINT('',(19.527828,1.40543,5.));
#3815 = LINE('',#3816,#3817);
#3816 = CARTESIAN_POINT('',(19.527828,1.40543,7.05));
#3817 = VECTOR('',#3818,1.);
#3818 = DIRECTION('',(0.,0.,-1.));
#3819 = ORIENTED_EDGE('',*,*,#3820,.T.);
#3820 = EDGE_CURVE('',#3583,#3821,#3823,.T.);
#3821 = VERTEX_POINT('',#3822);
#3822 = CARTESIAN_POINT('',(19.527828,0.90543,2.4));
#3823 = LINE('',#3824,#3825);
#3824 = CARTESIAN_POINT('',(19.527828,1.808129797358,2.4));
#3825 = VECTOR('',#3826,1.);
#3826 = DIRECTION('',(0.,-1.,0.));
#3827 = ORIENTED_EDGE('',*,*,#3828,.T.);
#3828 = EDGE_CURVE('',#3821,#3829,#3831,.T.);
#3829 = VERTEX_POINT('',#3830);
#3830 = CARTESIAN_POINT('',(19.527828,0.90543,5.));
#3831 = LINE('',#3832,#3833);
#3832 = CARTESIAN_POINT('',(19.527828,0.90543,4.150000000014));
#3833 = VECTOR('',#3834,1.);
#3834 = DIRECTION('',(0.,0.,1.));
#3835 = ORIENTED_EDGE('',*,*,#3836,.F.);
#3836 = EDGE_CURVE('',#3813,#3829,#3837,.T.);
#3837 = LINE('',#3838,#3839);
#3838 = CARTESIAN_POINT('',(19.527828,0.,5.));
#3839 = VECTOR('',#3840,1.);
#3840 = DIRECTION('',(0.,-1.,1.224606353822E-16));
#3841 = PLANE('',#3842);
#3842 = AXIS2_PLACEMENT_3D('',#3843,#3844,#3845);
#3843 = CARTESIAN_POINT('',(19.527828,-1.29457,7.65));
#3844 = DIRECTION('',(1.,0.,0.));
#3845 = DIRECTION('',(0.,0.,1.));
#3846 = ADVANCED_FACE('',(#3847),#3881,.F.);
#3847 = FACE_BOUND('',#3848,.T.);
#3848 = EDGE_LOOP('',(#3849,#3859,#3867,#3875));
#3849 = ORIENTED_EDGE('',*,*,#3850,.F.);
#3850 = EDGE_CURVE('',#3851,#3853,#3855,.T.);
#3851 = VERTEX_POINT('',#3852);
#3852 = CARTESIAN_POINT('',(23.527828,-1.09457,9.200000000014));
#3853 = VERTEX_POINT('',#3854);
#3854 = CARTESIAN_POINT('',(23.627828,-0.99457,9.600000000014));
#3855 = LINE('',#3856,#3857);
#3856 = CARTESIAN_POINT('',(22.877828,-1.74457,6.600000000014));
#3857 = VECTOR('',#3858,1.);
#3858 = DIRECTION('',(0.235702260396,0.235702260396,0.942809041582));
#3859 = ORIENTED_EDGE('',*,*,#3860,.F.);
#3860 = EDGE_CURVE('',#3861,#3851,#3863,.T.);
#3861 = VERTEX_POINT('',#3862);
#3862 = CARTESIAN_POINT('',(24.027828,-1.09457,9.200000000014));
#3863 = LINE('',#3864,#3865);
#3864 = CARTESIAN_POINT('',(23.92853557827,-1.09457,9.200000000014));
#3865 = VECTOR('',#3866,1.);
#3866 = DIRECTION('',(-1.,1.224606353822E-16,0.));
#3867 = ORIENTED_EDGE('',*,*,#3868,.F.);
#3868 = EDGE_CURVE('',#3869,#3861,#3871,.T.);
#3869 = VERTEX_POINT('',#3870);
#3870 = CARTESIAN_POINT('',(23.927828,-0.99457,9.600000000014));
#3871 = LINE('',#3872,#3873);
#3872 = CARTESIAN_POINT('',(24.677828,-1.74457,6.600000000014));
#3873 = VECTOR('',#3874,1.);
#3874 = DIRECTION('',(0.235702260396,-0.235702260396,-0.942809041582));
#3875 = ORIENTED_EDGE('',*,*,#3876,.F.);
#3876 = EDGE_CURVE('',#3853,#3869,#3877,.T.);
#3877 = LINE('',#3878,#3879);
#3878 = CARTESIAN_POINT('',(23.92853557827,-0.99457,9.600000000014));
#3879 = VECTOR('',#3880,1.);
#3880 = DIRECTION('',(1.,-1.224606353822E-16,0.));
#3881 = PLANE('',#3882);
#3882 = AXIS2_PLACEMENT_3D('',#3883,#3884,#3885);
#3883 = CARTESIAN_POINT('',(23.777828,-1.04457,9.400000000014));
#3884 = DIRECTION('',(1.188042669791E-16,0.970142500145,-0.242535625036)
  );
#3885 = DIRECTION('',(-2.970106674478E-17,-0.242535625036,
    -0.970142500145));
#3886 = ADVANCED_FACE('',(#3887),#3921,.T.);
#3887 = FACE_BOUND('',#3888,.T.);
#3888 = EDGE_LOOP('',(#3889,#3899,#3907,#3915));
#3889 = ORIENTED_EDGE('',*,*,#3890,.T.);
#3890 = EDGE_CURVE('',#3891,#3893,#3895,.T.);
#3891 = VERTEX_POINT('',#3892);
#3892 = CARTESIAN_POINT('',(24.027828,-0.59457,6.45));
#3893 = VERTEX_POINT('',#3894);
#3894 = CARTESIAN_POINT('',(23.527828,-0.59457,6.45));
#3895 = LINE('',#3896,#3897);
#3896 = CARTESIAN_POINT('',(0.,-0.59457,6.45));
#3897 = VECTOR('',#3898,1.);
#3898 = DIRECTION('',(-1.,0.,0.));
#3899 = ORIENTED_EDGE('',*,*,#3900,.F.);
#3900 = EDGE_CURVE('',#3901,#3893,#3903,.T.);
#3901 = VERTEX_POINT('',#3902);
#3902 = CARTESIAN_POINT('',(23.527828,-0.59457,9.200000000014));
#3903 = LINE('',#3904,#3905);
#3904 = CARTESIAN_POINT('',(23.527828,-0.59457,7.05));
#3905 = VECTOR('',#3906,1.);
#3906 = DIRECTION('',(0.,0.,-1.));
#3907 = ORIENTED_EDGE('',*,*,#3908,.T.);
#3908 = EDGE_CURVE('',#3901,#3909,#3911,.T.);
#3909 = VERTEX_POINT('',#3910);
#3910 = CARTESIAN_POINT('',(24.027828,-0.59457,9.200000000014));
#3911 = LINE('',#3912,#3913);
#3912 = CARTESIAN_POINT('',(23.92853557827,-0.59457,9.200000000014));
#3913 = VECTOR('',#3914,1.);
#3914 = DIRECTION('',(1.,-1.224606353822E-16,0.));
#3915 = ORIENTED_EDGE('',*,*,#3916,.T.);
#3916 = EDGE_CURVE('',#3909,#3891,#3917,.T.);
#3917 = LINE('',#3918,#3919);
#3918 = CARTESIAN_POINT('',(24.027828,-0.59457,7.434794375007));
#3919 = VECTOR('',#3920,1.);
#3920 = DIRECTION('',(0.,0.,-1.));
#3921 = PLANE('',#3922);
#3922 = AXIS2_PLACEMENT_3D('',#3923,#3924,#3925);
#3923 = CARTESIAN_POINT('',(23.527828,-0.59457,7.));
#3924 = DIRECTION('',(0.,1.,0.));
#3925 = DIRECTION('',(1.,0.,0.));
#3926 = ADVANCED_FACE('',(#3927),#3961,.F.);
#3927 = FACE_BOUND('',#3928,.T.);
#3928 = EDGE_LOOP('',(#3929,#3939,#3947,#3955));
#3929 = ORIENTED_EDGE('',*,*,#3930,.T.);
#3930 = EDGE_CURVE('',#3931,#3933,#3935,.T.);
#3931 = VERTEX_POINT('',#3932);
#3932 = CARTESIAN_POINT('',(19.927828,1.00543,9.600000000014));
#3933 = VERTEX_POINT('',#3934);
#3934 = CARTESIAN_POINT('',(19.927828,1.30543,9.600000000014));
#3935 = LINE('',#3936,#3937);
#3936 = CARTESIAN_POINT('',(19.927828,1.808129797358,9.600000000014));
#3937 = VECTOR('',#3938,1.);
#3938 = DIRECTION('',(1.224606353822E-16,1.,0.));
#3939 = ORIENTED_EDGE('',*,*,#3940,.T.);
#3940 = EDGE_CURVE('',#3933,#3941,#3943,.T.);
#3941 = VERTEX_POINT('',#3942);
#3942 = CARTESIAN_POINT('',(19.627828,1.30543,9.600000000014));
#3943 = LINE('',#3944,#3945);
#3944 = CARTESIAN_POINT('',(19.92853557827,1.30543,9.600000000014));
#3945 = VECTOR('',#3946,1.);
#3946 = DIRECTION('',(-1.,1.224606353822E-16,0.));
#3947 = ORIENTED_EDGE('',*,*,#3948,.T.);
#3948 = EDGE_CURVE('',#3941,#3949,#3951,.T.);
#3949 = VERTEX_POINT('',#3950);
#3950 = CARTESIAN_POINT('',(19.627828,1.00543,9.600000000014));
#3951 = LINE('',#3952,#3953);
#3952 = CARTESIAN_POINT('',(19.627828,1.808129797358,9.600000000014));
#3953 = VECTOR('',#3954,1.);
#3954 = DIRECTION('',(-1.224606353822E-16,-1.,0.));
#3955 = ORIENTED_EDGE('',*,*,#3956,.T.);
#3956 = EDGE_CURVE('',#3949,#3931,#3957,.T.);
#3957 = LINE('',#3958,#3959);
#3958 = CARTESIAN_POINT('',(19.92853557827,1.00543,9.600000000014));
#3959 = VECTOR('',#3960,1.);
#3960 = DIRECTION('',(1.,-1.224606353822E-16,0.));
#3961 = PLANE('',#3962);
#3962 = AXIS2_PLACEMENT_3D('',#3963,#3964,#3965);
#3963 = CARTESIAN_POINT('',(19.92853557827,1.808129797358,9.600000000014
    ));
#3964 = DIRECTION('',(0.,0.,-1.));
#3965 = DIRECTION('',(-1.,1.224606353822E-16,0.));
#3966 = ADVANCED_FACE('',(#3967),#4001,.F.);
#3967 = FACE_BOUND('',#3968,.T.);
#3968 = EDGE_LOOP('',(#3969,#3979,#3987,#3995));
#3969 = ORIENTED_EDGE('',*,*,#3970,.F.);
#3970 = EDGE_CURVE('',#3971,#3973,#3975,.T.);
#3971 = VERTEX_POINT('',#3972);
#3972 = CARTESIAN_POINT('',(15.527828,0.90543,9.200000000014));
#3973 = VERTEX_POINT('',#3974);
#3974 = CARTESIAN_POINT('',(15.627828,1.00543,9.600000000014));
#3975 = LINE('',#3976,#3977);
#3976 = CARTESIAN_POINT('',(14.877828,0.25543,6.600000000014));
#3977 = VECTOR('',#3978,1.);
#3978 = DIRECTION('',(0.235702260396,0.235702260396,0.942809041582));
#3979 = ORIENTED_EDGE('',*,*,#3980,.F.);
#3980 = EDGE_CURVE('',#3981,#3971,#3983,.T.);
#3981 = VERTEX_POINT('',#3982);
#3982 = CARTESIAN_POINT('',(16.027828,0.90543,9.200000000014));
#3983 = LINE('',#3984,#3985);
#3984 = CARTESIAN_POINT('',(15.92853557827,0.90543,9.200000000014));
#3985 = VECTOR('',#3986,1.);
#3986 = DIRECTION('',(-1.,1.224606353822E-16,0.));
#3987 = ORIENTED_EDGE('',*,*,#3988,.F.);
#3988 = EDGE_CURVE('',#3989,#3981,#3991,.T.);
#3989 = VERTEX_POINT('',#3990);
#3990 = CARTESIAN_POINT('',(15.927828,1.00543,9.600000000014));
#3991 = LINE('',#3992,#3993);
#3992 = CARTESIAN_POINT('',(16.677828,0.25543,6.600000000014));
#3993 = VECTOR('',#3994,1.);
#3994 = DIRECTION('',(0.235702260396,-0.235702260396,-0.942809041582));
#3995 = ORIENTED_EDGE('',*,*,#3996,.F.);
#3996 = EDGE_CURVE('',#3973,#3989,#3997,.T.);
#3997 = LINE('',#3998,#3999);
#3998 = CARTESIAN_POINT('',(15.92853557827,1.00543,9.600000000014));
#3999 = VECTOR('',#4000,1.);
#4000 = DIRECTION('',(1.,-1.224606353822E-16,0.));
#4001 = PLANE('',#4002);
#4002 = AXIS2_PLACEMENT_3D('',#4003,#4004,#4005);
#4003 = CARTESIAN_POINT('',(15.777828,0.95543,9.400000000014));
#4004 = DIRECTION('',(1.188042669791E-16,0.970142500145,-0.242535625036)
  );
#4005 = DIRECTION('',(-2.970106674478E-17,-0.242535625036,
    -0.970142500145));
#4006 = ADVANCED_FACE('',(#4007),#4041,.T.);
#4007 = FACE_BOUND('',#4008,.T.);
#4008 = EDGE_LOOP('',(#4009,#4019,#4027,#4035));
#4009 = ORIENTED_EDGE('',*,*,#4010,.T.);
#4010 = EDGE_CURVE('',#4011,#4013,#4015,.T.);
#4011 = VERTEX_POINT('',#4012);
#4012 = CARTESIAN_POINT('',(21.927828,-0.99457,2.));
#4013 = VERTEX_POINT('',#4014);
#4014 = CARTESIAN_POINT('',(21.927828,-0.69457,2.));
#4015 = LINE('',#4016,#4017);
#4016 = CARTESIAN_POINT('',(21.927828,-0.191870202642,2.));
#4017 = VECTOR('',#4018,1.);
#4018 = DIRECTION('',(0.,1.,0.));
#4019 = ORIENTED_EDGE('',*,*,#4020,.T.);
#4020 = EDGE_CURVE('',#4013,#4021,#4023,.T.);
#4021 = VERTEX_POINT('',#4022);
#4022 = CARTESIAN_POINT('',(22.027828,-0.59457,2.4));
#4023 = LINE('',#4024,#4025);
#4024 = CARTESIAN_POINT('',(22.677828,5.543E-02,5.));
#4025 = VECTOR('',#4026,1.);
#4026 = DIRECTION('',(0.235702260396,0.235702260396,0.942809041582));
#4027 = ORIENTED_EDGE('',*,*,#4028,.T.);
#4028 = EDGE_CURVE('',#4021,#4029,#4031,.T.);
#4029 = VERTEX_POINT('',#4030);
#4030 = CARTESIAN_POINT('',(22.027828,-1.09457,2.4));
#4031 = LINE('',#4032,#4033);
#4032 = CARTESIAN_POINT('',(22.027828,-0.191870202642,2.4));
#4033 = VECTOR('',#4034,1.);
#4034 = DIRECTION('',(0.,-1.,0.));
#4035 = ORIENTED_EDGE('',*,*,#4036,.F.);
#4036 = EDGE_CURVE('',#4011,#4029,#4037,.T.);
#4037 = LINE('',#4038,#4039);
#4038 = CARTESIAN_POINT('',(22.677828,-1.74457,5.));
#4039 = VECTOR('',#4040,1.);
#4040 = DIRECTION('',(0.235702260396,-0.235702260396,0.942809041582));
#4041 = PLANE('',#4042);
#4042 = AXIS2_PLACEMENT_3D('',#4043,#4044,#4045);
#4043 = CARTESIAN_POINT('',(21.977828,-0.89457,2.2));
#4044 = DIRECTION('',(0.970142500145,0.,-0.242535625036));
#4045 = DIRECTION('',(0.242535625036,0.,0.970142500145));
#4046 = ADVANCED_FACE('',(#4047),#4070,.F.);
#4047 = FACE_BOUND('',#4048,.T.);
#4048 = EDGE_LOOP('',(#4049,#4057,#4063,#4069));
#4049 = ORIENTED_EDGE('',*,*,#4050,.F.);
#4050 = EDGE_CURVE('',#4051,#3893,#4053,.T.);
#4051 = VERTEX_POINT('',#4052);
#4052 = CARTESIAN_POINT('',(23.527828,-1.09457,6.45));
#4053 = LINE('',#4054,#4055);
#4054 = CARTESIAN_POINT('',(23.527828,0.,6.45));
#4055 = VECTOR('',#4056,1.);
#4056 = DIRECTION('',(0.,1.,-2.449212707645E-16));
#4057 = ORIENTED_EDGE('',*,*,#4058,.T.);
#4058 = EDGE_CURVE('',#4051,#3851,#4059,.T.);
#4059 = LINE('',#4060,#4061);
#4060 = CARTESIAN_POINT('',(23.527828,-1.09457,4.150000000014));
#4061 = VECTOR('',#4062,1.);
#4062 = DIRECTION('',(0.,0.,1.));
#4063 = ORIENTED_EDGE('',*,*,#4064,.F.);
#4064 = EDGE_CURVE('',#3901,#3851,#4065,.T.);
#4065 = LINE('',#4066,#4067);
#4066 = CARTESIAN_POINT('',(23.527828,-0.191870202642,9.200000000014));
#4067 = VECTOR('',#4068,1.);
#4068 = DIRECTION('',(-1.224606353822E-16,-1.,0.));
#4069 = ORIENTED_EDGE('',*,*,#3900,.T.);
#4070 = PLANE('',#4071);
#4071 = AXIS2_PLACEMENT_3D('',#4072,#4073,#4074);
#4072 = CARTESIAN_POINT('',(23.527828,-3.29457,7.65));
#4073 = DIRECTION('',(1.,0.,0.));
#4074 = DIRECTION('',(0.,0.,1.));
#4075 = ADVANCED_FACE('',(#4076),#4101,.F.);
#4076 = FACE_BOUND('',#4077,.T.);
#4077 = EDGE_LOOP('',(#4078,#4086,#4094,#4100));
#4078 = ORIENTED_EDGE('',*,*,#4079,.T.);
#4079 = EDGE_CURVE('',#3869,#4080,#4082,.T.);
#4080 = VERTEX_POINT('',#4081);
#4081 = CARTESIAN_POINT('',(23.927828,-0.69457,9.600000000014));
#4082 = LINE('',#4083,#4084);
#4083 = CARTESIAN_POINT('',(23.927828,-0.191870202642,9.600000000014));
#4084 = VECTOR('',#4085,1.);
#4085 = DIRECTION('',(1.224606353822E-16,1.,0.));
#4086 = ORIENTED_EDGE('',*,*,#4087,.T.);
#4087 = EDGE_CURVE('',#4080,#4088,#4090,.T.);
#4088 = VERTEX_POINT('',#4089);
#4089 = CARTESIAN_POINT('',(23.627828,-0.69457,9.600000000014));
#4090 = LINE('',#4091,#4092);
#4091 = CARTESIAN_POINT('',(23.92853557827,-0.69457,9.600000000014));
#4092 = VECTOR('',#4093,1.);
#4093 = DIRECTION('',(-1.,1.224606353822E-16,0.));
#4094 = ORIENTED_EDGE('',*,*,#4095,.T.);
#4095 = EDGE_CURVE('',#4088,#3853,#4096,.T.);
#4096 = LINE('',#4097,#4098);
#4097 = CARTESIAN_POINT('',(23.627828,-0.191870202642,9.600000000014));
#4098 = VECTOR('',#4099,1.);
#4099 = DIRECTION('',(-1.224606353822E-16,-1.,0.));
#4100 = ORIENTED_EDGE('',*,*,#3876,.T.);
#4101 = PLANE('',#4102);
#4102 = AXIS2_PLACEMENT_3D('',#4103,#4104,#4105);
#4103 = CARTESIAN_POINT('',(23.92853557827,-0.191870202642,
    9.600000000014));
#4104 = DIRECTION('',(0.,0.,-1.));
#4105 = DIRECTION('',(-1.,1.224606353822E-16,0.));
#4106 = ADVANCED_FACE('',(#4107),#4141,.F.);
#4107 = FACE_BOUND('',#4108,.T.);
#4108 = EDGE_LOOP('',(#4109,#4119,#4127,#4135));
#4109 = ORIENTED_EDGE('',*,*,#4110,.T.);
#4110 = EDGE_CURVE('',#4111,#4113,#4115,.T.);
#4111 = VERTEX_POINT('',#4112);
#4112 = CARTESIAN_POINT('',(19.277828,0.65543,6.6));
#4113 = VERTEX_POINT('',#4114);
#4114 = CARTESIAN_POINT('',(19.277828,0.65543,6.45));
#4115 = LINE('',#4116,#4117);
#4116 = CARTESIAN_POINT('',(19.277828,0.65543,-9.860761315263E-32));
#4117 = VECTOR('',#4118,1.);
#4118 = DIRECTION('',(0.,1.224606353822E-16,-1.));
#4119 = ORIENTED_EDGE('',*,*,#4120,.T.);
#4120 = EDGE_CURVE('',#4113,#4121,#4123,.T.);
#4121 = VERTEX_POINT('',#4122);
#4122 = CARTESIAN_POINT('',(19.277828,2.05543,6.45));
#4123 = LINE('',#4124,#4125);
#4124 = CARTESIAN_POINT('',(19.277828,2.775557561563E-16,6.45));
#4125 = VECTOR('',#4126,1.);
#4126 = DIRECTION('',(0.,1.,0.));
#4127 = ORIENTED_EDGE('',*,*,#4128,.F.);
#4128 = EDGE_CURVE('',#4129,#4121,#4131,.T.);
#4129 = VERTEX_POINT('',#4130);
#4130 = CARTESIAN_POINT('',(19.277828,2.05543,6.6));
#4131 = LINE('',#4132,#4133);
#4132 = CARTESIAN_POINT('',(19.277828,2.05543,-9.860761315263E-32));
#4133 = VECTOR('',#4134,1.);
#4134 = DIRECTION('',(0.,0.,-1.));
#4135 = ORIENTED_EDGE('',*,*,#4136,.T.);
#4136 = EDGE_CURVE('',#4129,#4111,#4137,.T.);
#4137 = LINE('',#4138,#4139);
#4138 = CARTESIAN_POINT('',(19.277828,3.641509836727E-16,6.6));
#4139 = VECTOR('',#4140,1.);
#4140 = DIRECTION('',(0.,-1.,1.224606353822E-16));
#4141 = PLANE('',#4142);
#4142 = AXIS2_PLACEMENT_3D('',#4143,#4144,#4145);
#4143 = CARTESIAN_POINT('',(19.277828,2.05543,6.6));
#4144 = DIRECTION('',(-1.,0.,0.));
#4145 = DIRECTION('',(0.,1.,0.));
#4146 = ADVANCED_FACE('',(#4147),#4181,.T.);
#4147 = FACE_BOUND('',#4148,.T.);
#4148 = EDGE_LOOP('',(#4149,#4159,#4167,#4175));
#4149 = ORIENTED_EDGE('',*,*,#4150,.T.);
#4150 = EDGE_CURVE('',#4151,#4153,#4155,.T.);
#4151 = VERTEX_POINT('',#4152);
#4152 = CARTESIAN_POINT('',(17.277828,0.65543,6.6));
#4153 = VERTEX_POINT('',#4154);
#4154 = CARTESIAN_POINT('',(17.277828,2.05543,6.6));
#4155 = LINE('',#4156,#4157);
#4156 = CARTESIAN_POINT('',(17.277828,3.641509836727E-16,6.6));
#4157 = VECTOR('',#4158,1.);
#4158 = DIRECTION('',(0.,1.,-1.224606353822E-16));
#4159 = ORIENTED_EDGE('',*,*,#4160,.T.);
#4160 = EDGE_CURVE('',#4153,#4161,#4163,.T.);
#4161 = VERTEX_POINT('',#4162);
#4162 = CARTESIAN_POINT('',(16.277828,2.05543,6.6));
#4163 = LINE('',#4164,#4165);
#4164 = CARTESIAN_POINT('',(15.555656,2.05543,6.6));
#4165 = VECTOR('',#4166,1.);
#4166 = DIRECTION('',(-1.,0.,0.));
#4167 = ORIENTED_EDGE('',*,*,#4168,.F.);
#4168 = EDGE_CURVE('',#4169,#4161,#4171,.T.);
#4169 = VERTEX_POINT('',#4170);
#4170 = CARTESIAN_POINT('',(16.277828,0.65543,6.6));
#4171 = LINE('',#4172,#4173);
#4172 = CARTESIAN_POINT('',(16.277828,3.641509836727E-16,6.6));
#4173 = VECTOR('',#4174,1.);
#4174 = DIRECTION('',(0.,1.,-1.224606353822E-16));
#4175 = ORIENTED_EDGE('',*,*,#4176,.T.);
#4176 = EDGE_CURVE('',#4169,#4151,#4177,.T.);
#4177 = LINE('',#4178,#4179);
#4178 = CARTESIAN_POINT('',(15.555656,0.65543,6.6));
#4179 = VECTOR('',#4180,1.);
#4180 = DIRECTION('',(1.,0.,0.));
#4181 = PLANE('',#4182);
#4182 = AXIS2_PLACEMENT_3D('',#4183,#4184,#4185);
#4183 = CARTESIAN_POINT('',(29.4258304,2.05543,6.6));
#4184 = DIRECTION('',(0.,1.224606353822E-16,1.));
#4185 = DIRECTION('',(0.,-1.,1.224606353822E-16));
#4186 = ADVANCED_FACE('',(#4187),#4212,.F.);
#4187 = FACE_BOUND('',#4188,.T.);
#4188 = EDGE_LOOP('',(#4189,#4197,#4205,#4211));
#4189 = ORIENTED_EDGE('',*,*,#4190,.T.);
#4190 = EDGE_CURVE('',#3933,#4191,#4193,.T.);
#4191 = VERTEX_POINT('',#4192);
#4192 = CARTESIAN_POINT('',(20.027828,1.40543,9.200000000014));
#4193 = LINE('',#4194,#4195);
#4194 = CARTESIAN_POINT('',(20.677828,2.05543,6.600000000014));
#4195 = VECTOR('',#4196,1.);
#4196 = DIRECTION('',(0.235702260396,0.235702260396,-0.942809041582));
#4197 = ORIENTED_EDGE('',*,*,#4198,.F.);
#4198 = EDGE_CURVE('',#4199,#4191,#4201,.T.);
#4199 = VERTEX_POINT('',#4200);
#4200 = CARTESIAN_POINT('',(19.527828,1.40543,9.200000000014));
#4201 = LINE('',#4202,#4203);
#4202 = CARTESIAN_POINT('',(19.92853557827,1.40543,9.200000000014));
#4203 = VECTOR('',#4204,1.);
#4204 = DIRECTION('',(1.,-1.224606353822E-16,0.));
#4205 = ORIENTED_EDGE('',*,*,#4206,.T.);
#4206 = EDGE_CURVE('',#4199,#3941,#4207,.T.);
#4207 = LINE('',#4208,#4209);
#4208 = CARTESIAN_POINT('',(18.877828,2.05543,6.600000000014));
#4209 = VECTOR('',#4210,1.);
#4210 = DIRECTION('',(0.235702260396,-0.235702260396,0.942809041582));
#4211 = ORIENTED_EDGE('',*,*,#3940,.F.);
#4212 = PLANE('',#4213);
#4213 = AXIS2_PLACEMENT_3D('',#4214,#4215,#4216);
#4214 = CARTESIAN_POINT('',(19.777828,1.35543,9.400000000014));
#4215 = DIRECTION('',(-1.188042669791E-16,-0.970142500145,
    -0.242535625036));
#4216 = DIRECTION('',(2.970106674478E-17,0.242535625036,-0.970142500145)
  );
#4217 = ADVANCED_FACE('',(#4218),#4252,.F.);
#4218 = FACE_BOUND('',#4219,.T.);
#4219 = EDGE_LOOP('',(#4220,#4230,#4238,#4246));
#4220 = ORIENTED_EDGE('',*,*,#4221,.F.);
#4221 = EDGE_CURVE('',#4222,#4224,#4226,.T.);
#4222 = VERTEX_POINT('',#4223);
#4223 = CARTESIAN_POINT('',(19.527828,-0.59457,9.200000000014));
#4224 = VERTEX_POINT('',#4225);
#4225 = CARTESIAN_POINT('',(19.627828,-0.69457,9.600000000014));
#4226 = LINE('',#4227,#4228);
#4227 = CARTESIAN_POINT('',(18.877828,5.543E-02,6.600000000014));
#4228 = VECTOR('',#4229,1.);
#4229 = DIRECTION('',(0.235702260396,-0.235702260396,0.942809041582));
#4230 = ORIENTED_EDGE('',*,*,#4231,.T.);
#4231 = EDGE_CURVE('',#4222,#4232,#4234,.T.);
#4232 = VERTEX_POINT('',#4233);
#4233 = CARTESIAN_POINT('',(19.527828,-1.09457,9.200000000014));
#4234 = LINE('',#4235,#4236);
#4235 = CARTESIAN_POINT('',(19.527828,-0.191870202642,9.200000000014));
#4236 = VECTOR('',#4237,1.);
#4237 = DIRECTION('',(-1.224606353822E-16,-1.,0.));
#4238 = ORIENTED_EDGE('',*,*,#4239,.T.);
#4239 = EDGE_CURVE('',#4232,#4240,#4242,.T.);
#4240 = VERTEX_POINT('',#4241);
#4241 = CARTESIAN_POINT('',(19.627828,-0.99457,9.600000000014));
#4242 = LINE('',#4243,#4244);
#4243 = CARTESIAN_POINT('',(18.877828,-1.74457,6.600000000014));
#4244 = VECTOR('',#4245,1.);
#4245 = DIRECTION('',(0.235702260396,0.235702260396,0.942809041582));
#4246 = ORIENTED_EDGE('',*,*,#4247,.F.);
#4247 = EDGE_CURVE('',#4224,#4240,#4248,.T.);
#4248 = LINE('',#4249,#4250);
#4249 = CARTESIAN_POINT('',(19.627828,-0.191870202642,9.600000000014));
#4250 = VECTOR('',#4251,1.);
#4251 = DIRECTION('',(-1.224606353822E-16,-1.,0.));
#4252 = PLANE('',#4253);
#4253 = AXIS2_PLACEMENT_3D('',#4254,#4255,#4256);
#4254 = CARTESIAN_POINT('',(19.577828,-0.89457,9.400000000014));
#4255 = DIRECTION('',(0.970142500145,-1.188042669791E-16,-0.242535625036
    ));
#4256 = DIRECTION('',(-0.242535625036,2.970106674478E-17,-0.970142500145
    ));
#4257 = ADVANCED_FACE('',(#4258),#4283,.T.);
#4258 = FACE_BOUND('',#4259,.T.);
#4259 = EDGE_LOOP('',(#4260,#4270,#4276,#4277));
#4260 = ORIENTED_EDGE('',*,*,#4261,.T.);
#4261 = EDGE_CURVE('',#4262,#4264,#4266,.T.);
#4262 = VERTEX_POINT('',#4263);
#4263 = CARTESIAN_POINT('',(15.927828,1.00543,2.));
#4264 = VERTEX_POINT('',#4265);
#4265 = CARTESIAN_POINT('',(15.927828,1.30543,2.));
#4266 = LINE('',#4267,#4268);
#4267 = CARTESIAN_POINT('',(15.927828,1.808129797358,2.));
#4268 = VECTOR('',#4269,1.);
#4269 = DIRECTION('',(0.,1.,0.));
#4270 = ORIENTED_EDGE('',*,*,#4271,.T.);
#4271 = EDGE_CURVE('',#4264,#3791,#4272,.T.);
#4272 = LINE('',#4273,#4274);
#4273 = CARTESIAN_POINT('',(16.677828,2.05543,5.));
#4274 = VECTOR('',#4275,1.);
#4275 = DIRECTION('',(0.235702260396,0.235702260396,0.942809041582));
#4276 = ORIENTED_EDGE('',*,*,#3790,.T.);
#4277 = ORIENTED_EDGE('',*,*,#4278,.F.);
#4278 = EDGE_CURVE('',#4262,#3783,#4279,.T.);
#4279 = LINE('',#4280,#4281);
#4280 = CARTESIAN_POINT('',(16.677828,0.25543,5.));
#4281 = VECTOR('',#4282,1.);
#4282 = DIRECTION('',(0.235702260396,-0.235702260396,0.942809041582));
#4283 = PLANE('',#4284);
#4284 = AXIS2_PLACEMENT_3D('',#4285,#4286,#4287);
#4285 = CARTESIAN_POINT('',(15.977828,1.10543,2.2));
#4286 = DIRECTION('',(0.970142500145,0.,-0.242535625036));
#4287 = DIRECTION('',(0.242535625036,0.,0.970142500145));
#4288 = ADVANCED_FACE('',(#4289),#4321,.F.);
#4289 = FACE_BOUND('',#4290,.T.);
#4290 = EDGE_LOOP('',(#4291,#4299,#4307,#4315));
#4291 = ORIENTED_EDGE('',*,*,#4292,.T.);
#4292 = EDGE_CURVE('',#4293,#3751,#4295,.T.);
#4293 = VERTEX_POINT('',#4294);
#4294 = CARTESIAN_POINT('',(13.927828,1.00543,9.600000000014));
#4295 = LINE('',#4296,#4297);
#4296 = CARTESIAN_POINT('',(14.677828,0.25543,6.600000000014));
#4297 = VECTOR('',#4298,1.);
#4298 = DIRECTION('',(0.235702260396,-0.235702260396,-0.942809041582));
#4299 = ORIENTED_EDGE('',*,*,#4300,.F.);
#4300 = EDGE_CURVE('',#4301,#3751,#4303,.T.);
#4301 = VERTEX_POINT('',#4302);
#4302 = CARTESIAN_POINT('',(14.027828,1.40543,9.200000000014));
#4303 = LINE('',#4304,#4305);
#4304 = CARTESIAN_POINT('',(14.027828,1.808129797358,9.200000000014));
#4305 = VECTOR('',#4306,1.);
#4306 = DIRECTION('',(-1.224606353822E-16,-1.,0.));
#4307 = ORIENTED_EDGE('',*,*,#4308,.F.);
#4308 = EDGE_CURVE('',#4309,#4301,#4311,.T.);
#4309 = VERTEX_POINT('',#4310);
#4310 = CARTESIAN_POINT('',(13.927828,1.30543,9.600000000014));
#4311 = LINE('',#4312,#4313);
#4312 = CARTESIAN_POINT('',(14.677828,2.05543,6.600000000014));
#4313 = VECTOR('',#4314,1.);
#4314 = DIRECTION('',(0.235702260396,0.235702260396,-0.942809041582));
#4315 = ORIENTED_EDGE('',*,*,#4316,.F.);
#4316 = EDGE_CURVE('',#4293,#4309,#4317,.T.);
#4317 = LINE('',#4318,#4319);
#4318 = CARTESIAN_POINT('',(13.927828,1.808129797358,9.600000000014));
#4319 = VECTOR('',#4320,1.);
#4320 = DIRECTION('',(1.224606353822E-16,1.,0.));
#4321 = PLANE('',#4322);
#4322 = AXIS2_PLACEMENT_3D('',#4323,#4324,#4325);
#4323 = CARTESIAN_POINT('',(13.977828,1.10543,9.400000000014));
#4324 = DIRECTION('',(-0.970142500145,1.188042669791E-16,-0.242535625036
    ));
#4325 = DIRECTION('',(0.242535625036,-2.970106674478E-17,-0.970142500145
    ));
#4326 = ADVANCED_FACE('',(#4327),#4352,.F.);
#4327 = FACE_BOUND('',#4328,.T.);
#4328 = EDGE_LOOP('',(#4329,#4337,#4345,#4351));
#4329 = ORIENTED_EDGE('',*,*,#4330,.T.);
#4330 = EDGE_CURVE('',#3693,#4331,#4333,.T.);
#4331 = VERTEX_POINT('',#4332);
#4332 = CARTESIAN_POINT('',(18.027828,0.90543,9.200000000014));
#4333 = LINE('',#4334,#4335);
#4334 = CARTESIAN_POINT('',(18.677828,0.25543,6.600000000014));
#4335 = VECTOR('',#4336,1.);
#4336 = DIRECTION('',(0.235702260396,-0.235702260396,-0.942809041582));
#4337 = ORIENTED_EDGE('',*,*,#4338,.F.);
#4338 = EDGE_CURVE('',#4339,#4331,#4341,.T.);
#4339 = VERTEX_POINT('',#4340);
#4340 = CARTESIAN_POINT('',(18.027828,1.40543,9.200000000014));
#4341 = LINE('',#4342,#4343);
#4342 = CARTESIAN_POINT('',(18.027828,1.808129797358,9.200000000014));
#4343 = VECTOR('',#4344,1.);
#4344 = DIRECTION('',(-1.224606353822E-16,-1.,0.));
#4345 = ORIENTED_EDGE('',*,*,#4346,.F.);
#4346 = EDGE_CURVE('',#3695,#4339,#4347,.T.);
#4347 = LINE('',#4348,#4349);
#4348 = CARTESIAN_POINT('',(18.677828,2.05543,6.600000000014));
#4349 = VECTOR('',#4350,1.);
#4350 = DIRECTION('',(0.235702260396,0.235702260396,-0.942809041582));
#4351 = ORIENTED_EDGE('',*,*,#3692,.F.);
#4352 = PLANE('',#4353);
#4353 = AXIS2_PLACEMENT_3D('',#4354,#4355,#4356);
#4354 = CARTESIAN_POINT('',(17.977828,1.10543,9.400000000014));
#4355 = DIRECTION('',(-0.970142500145,1.188042669791E-16,-0.242535625036
    ));
#4356 = DIRECTION('',(0.242535625036,-2.970106674478E-17,-0.970142500145
    ));
#4357 = ADVANCED_FACE('',(#4358),#4383,.F.);
#4358 = FACE_BOUND('',#4359,.T.);
#4359 = EDGE_LOOP('',(#4360,#4370,#4376,#4377));
#4360 = ORIENTED_EDGE('',*,*,#4361,.T.);
#4361 = EDGE_CURVE('',#4362,#4364,#4366,.T.);
#4362 = VERTEX_POINT('',#4363);
#4363 = CARTESIAN_POINT('',(19.927828,-0.99457,9.600000000014));
#4364 = VERTEX_POINT('',#4365);
#4365 = CARTESIAN_POINT('',(19.927828,-0.69457,9.600000000014));
#4366 = LINE('',#4367,#4368);
#4367 = CARTESIAN_POINT('',(19.927828,-0.191870202642,9.600000000014));
#4368 = VECTOR('',#4369,1.);
#4369 = DIRECTION('',(1.224606353822E-16,1.,0.));
#4370 = ORIENTED_EDGE('',*,*,#4371,.T.);
#4371 = EDGE_CURVE('',#4364,#4224,#4372,.T.);
#4372 = LINE('',#4373,#4374);
#4373 = CARTESIAN_POINT('',(19.92853557827,-0.69457,9.600000000014));
#4374 = VECTOR('',#4375,1.);
#4375 = DIRECTION('',(-1.,1.224606353822E-16,0.));
#4376 = ORIENTED_EDGE('',*,*,#4247,.T.);
#4377 = ORIENTED_EDGE('',*,*,#4378,.T.);
#4378 = EDGE_CURVE('',#4240,#4362,#4379,.T.);
#4379 = LINE('',#4380,#4381);
#4380 = CARTESIAN_POINT('',(19.92853557827,-0.99457,9.600000000014));
#4381 = VECTOR('',#4382,1.);
#4382 = DIRECTION('',(1.,-1.224606353822E-16,0.));
#4383 = PLANE('',#4384);
#4384 = AXIS2_PLACEMENT_3D('',#4385,#4386,#4387);
#4385 = CARTESIAN_POINT('',(19.92853557827,-0.191870202642,
    9.600000000014));
#4386 = DIRECTION('',(0.,0.,-1.));
#4387 = DIRECTION('',(-1.,1.224606353822E-16,0.));
#4388 = ADVANCED_FACE('',(#4389),#4423,.T.);
#4389 = FACE_BOUND('',#4390,.T.);
#4390 = EDGE_LOOP('',(#4391,#4401,#4409,#4417));
#4391 = ORIENTED_EDGE('',*,*,#4392,.F.);
#4392 = EDGE_CURVE('',#4393,#4395,#4397,.T.);
#4393 = VERTEX_POINT('',#4394);
#4394 = CARTESIAN_POINT('',(21.627828,1.00543,2.));
#4395 = VERTEX_POINT('',#4396);
#4396 = CARTESIAN_POINT('',(21.927828,1.00543,2.));
#4397 = LINE('',#4398,#4399);
#4398 = CARTESIAN_POINT('',(21.92853557827,1.00543,2.));
#4399 = VECTOR('',#4400,1.);
#4400 = DIRECTION('',(1.,0.,0.));
#4401 = ORIENTED_EDGE('',*,*,#4402,.F.);
#4402 = EDGE_CURVE('',#4403,#4393,#4405,.T.);
#4403 = VERTEX_POINT('',#4404);
#4404 = CARTESIAN_POINT('',(21.627828,1.30543,2.));
#4405 = LINE('',#4406,#4407);
#4406 = CARTESIAN_POINT('',(21.627828,1.808129797358,2.));
#4407 = VECTOR('',#4408,1.);
#4408 = DIRECTION('',(0.,-1.,0.));
#4409 = ORIENTED_EDGE('',*,*,#4410,.F.);
#4410 = EDGE_CURVE('',#4411,#4403,#4413,.T.);
#4411 = VERTEX_POINT('',#4412);
#4412 = CARTESIAN_POINT('',(21.927828,1.30543,2.));
#4413 = LINE('',#4414,#4415);
#4414 = CARTESIAN_POINT('',(21.92853557827,1.30543,2.));
#4415 = VECTOR('',#4416,1.);
#4416 = DIRECTION('',(-1.,0.,0.));
#4417 = ORIENTED_EDGE('',*,*,#4418,.F.);
#4418 = EDGE_CURVE('',#4395,#4411,#4419,.T.);
#4419 = LINE('',#4420,#4421);
#4420 = CARTESIAN_POINT('',(21.927828,1.808129797358,2.));
#4421 = VECTOR('',#4422,1.);
#4422 = DIRECTION('',(0.,1.,0.));
#4423 = PLANE('',#4424);
#4424 = AXIS2_PLACEMENT_3D('',#4425,#4426,#4427);
#4425 = CARTESIAN_POINT('',(21.92853557827,1.808129797358,2.));
#4426 = DIRECTION('',(0.,0.,-1.));
#4427 = DIRECTION('',(-1.,0.,0.));
#4428 = ADVANCED_FACE('',(#4429),#4461,.T.);
#4429 = FACE_BOUND('',#4430,.T.);
#4430 = EDGE_LOOP('',(#4431,#4441,#4449,#4455));
#4431 = ORIENTED_EDGE('',*,*,#4432,.T.);
#4432 = EDGE_CURVE('',#4433,#4435,#4437,.T.);
#4433 = VERTEX_POINT('',#4434);
#4434 = CARTESIAN_POINT('',(17.627828,1.30543,2.));
#4435 = VERTEX_POINT('',#4436);
#4436 = CARTESIAN_POINT('',(17.627828,1.00543,2.));
#4437 = LINE('',#4438,#4439);
#4438 = CARTESIAN_POINT('',(17.627828,1.808129797358,2.));
#4439 = VECTOR('',#4440,1.);
#4440 = DIRECTION('',(0.,-1.,0.));
#4441 = ORIENTED_EDGE('',*,*,#4442,.F.);
#4442 = EDGE_CURVE('',#4443,#4435,#4445,.T.);
#4443 = VERTEX_POINT('',#4444);
#4444 = CARTESIAN_POINT('',(17.527828,0.90543,2.4));
#4445 = LINE('',#4446,#4447);
#4446 = CARTESIAN_POINT('',(16.877828,0.25543,5.));
#4447 = VECTOR('',#4448,1.);
#4448 = DIRECTION('',(0.235702260396,0.235702260396,-0.942809041582));
#4449 = ORIENTED_EDGE('',*,*,#4450,.F.);
#4450 = EDGE_CURVE('',#3655,#4443,#4451,.T.);
#4451 = LINE('',#4452,#4453);
#4452 = CARTESIAN_POINT('',(17.527828,1.808129797358,2.4));
#4453 = VECTOR('',#4454,1.);
#4454 = DIRECTION('',(0.,-1.,0.));
#4455 = ORIENTED_EDGE('',*,*,#4456,.T.);
#4456 = EDGE_CURVE('',#3655,#4433,#4457,.T.);
#4457 = LINE('',#4458,#4459);
#4458 = CARTESIAN_POINT('',(16.877828,2.05543,5.));
#4459 = VECTOR('',#4460,1.);
#4460 = DIRECTION('',(0.235702260396,-0.235702260396,-0.942809041582));
#4461 = PLANE('',#4462);
#4462 = AXIS2_PLACEMENT_3D('',#4463,#4464,#4465);
#4463 = CARTESIAN_POINT('',(17.577828,1.10543,2.2));
#4464 = DIRECTION('',(-0.970142500145,0.,-0.242535625036));
#4465 = DIRECTION('',(-0.242535625036,0.,0.970142500145));
#4466 = ADVANCED_FACE('',(#4467),#4483,.F.);
#4467 = FACE_BOUND('',#4468,.T.);
#4468 = EDGE_LOOP('',(#4469,#4470,#4476,#4482));
#4469 = ORIENTED_EDGE('',*,*,#3868,.T.);
#4470 = ORIENTED_EDGE('',*,*,#4471,.F.);
#4471 = EDGE_CURVE('',#3909,#3861,#4472,.T.);
#4472 = LINE('',#4473,#4474);
#4473 = CARTESIAN_POINT('',(24.027828,-0.191870202642,9.200000000014));
#4474 = VECTOR('',#4475,1.);
#4475 = DIRECTION('',(-1.224606353822E-16,-1.,0.));
#4476 = ORIENTED_EDGE('',*,*,#4477,.F.);
#4477 = EDGE_CURVE('',#4080,#3909,#4478,.T.);
#4478 = LINE('',#4479,#4480);
#4479 = CARTESIAN_POINT('',(24.677828,5.543E-02,6.600000000014));
#4480 = VECTOR('',#4481,1.);
#4481 = DIRECTION('',(0.235702260396,0.235702260396,-0.942809041582));
#4482 = ORIENTED_EDGE('',*,*,#4079,.F.);
#4483 = PLANE('',#4484);
#4484 = AXIS2_PLACEMENT_3D('',#4485,#4486,#4487);
#4485 = CARTESIAN_POINT('',(23.977828,-0.89457,9.400000000014));
#4486 = DIRECTION('',(-0.970142500145,1.188042669791E-16,-0.242535625036
    ));
#4487 = DIRECTION('',(0.242535625036,-2.970106674478E-17,-0.970142500145
    ));
#4488 = ADVANCED_FACE('',(#4489),#4523,.F.);
#4489 = FACE_BOUND('',#4490,.T.);
#4490 = EDGE_LOOP('',(#4491,#4501,#4509,#4517));
#4491 = ORIENTED_EDGE('',*,*,#4492,.T.);
#4492 = EDGE_CURVE('',#4493,#4495,#4497,.T.);
#4493 = VERTEX_POINT('',#4494);
#4494 = CARTESIAN_POINT('',(21.927828,-0.69457,9.600000000014));
#4495 = VERTEX_POINT('',#4496);
#4496 = CARTESIAN_POINT('',(22.027828,-0.59457,9.200000000014));
#4497 = LINE('',#4498,#4499);
#4498 = CARTESIAN_POINT('',(22.677828,5.543E-02,6.600000000014));
#4499 = VECTOR('',#4500,1.);
#4500 = DIRECTION('',(0.235702260396,0.235702260396,-0.942809041582));
#4501 = ORIENTED_EDGE('',*,*,#4502,.F.);
#4502 = EDGE_CURVE('',#4503,#4495,#4505,.T.);
#4503 = VERTEX_POINT('',#4504);
#4504 = CARTESIAN_POINT('',(21.527828,-0.59457,9.200000000014));
#4505 = LINE('',#4506,#4507);
#4506 = CARTESIAN_POINT('',(21.92853557827,-0.59457,9.200000000014));
#4507 = VECTOR('',#4508,1.);
#4508 = DIRECTION('',(1.,-1.224606353822E-16,0.));
#4509 = ORIENTED_EDGE('',*,*,#4510,.T.);
#4510 = EDGE_CURVE('',#4503,#4511,#4513,.T.);
#4511 = VERTEX_POINT('',#4512);
#4512 = CARTESIAN_POINT('',(21.627828,-0.69457,9.600000000014));
#4513 = LINE('',#4514,#4515);
#4514 = CARTESIAN_POINT('',(20.877828,5.543E-02,6.600000000014));
#4515 = VECTOR('',#4516,1.);
#4516 = DIRECTION('',(0.235702260396,-0.235702260396,0.942809041582));
#4517 = ORIENTED_EDGE('',*,*,#4518,.F.);
#4518 = EDGE_CURVE('',#4493,#4511,#4519,.T.);
#4519 = LINE('',#4520,#4521);
#4520 = CARTESIAN_POINT('',(21.92853557827,-0.69457,9.600000000014));
#4521 = VECTOR('',#4522,1.);
#4522 = DIRECTION('',(-1.,1.224606353822E-16,0.));
#4523 = PLANE('',#4524);
#4524 = AXIS2_PLACEMENT_3D('',#4525,#4526,#4527);
#4525 = CARTESIAN_POINT('',(21.777828,-0.64457,9.400000000014));
#4526 = DIRECTION('',(-1.188042669791E-16,-0.970142500145,
    -0.242535625036));
#4527 = DIRECTION('',(2.970106674478E-17,0.242535625036,-0.970142500145)
  );
#4528 = ADVANCED_FACE('',(#4529),#4563,.T.);
#4529 = FACE_BOUND('',#4530,.T.);
#4530 = EDGE_LOOP('',(#4531,#4541,#4549,#4557));
#4531 = ORIENTED_EDGE('',*,*,#4532,.T.);
#4532 = EDGE_CURVE('',#4533,#4535,#4537,.T.);
#4533 = VERTEX_POINT('',#4534);
#4534 = CARTESIAN_POINT('',(23.627828,-0.69457,2.));
#4535 = VERTEX_POINT('',#4536);
#4536 = CARTESIAN_POINT('',(23.627828,-0.99457,2.));
#4537 = LINE('',#4538,#4539);
#4538 = CARTESIAN_POINT('',(23.627828,-0.191870202642,2.));
#4539 = VECTOR('',#4540,1.);
#4540 = DIRECTION('',(0.,-1.,0.));
#4541 = ORIENTED_EDGE('',*,*,#4542,.F.);
#4542 = EDGE_CURVE('',#4543,#4535,#4545,.T.);
#4543 = VERTEX_POINT('',#4544);
#4544 = CARTESIAN_POINT('',(23.527828,-1.09457,2.4));
#4545 = LINE('',#4546,#4547);
#4546 = CARTESIAN_POINT('',(22.877828,-1.74457,5.));
#4547 = VECTOR('',#4548,1.);
#4548 = DIRECTION('',(0.235702260396,0.235702260396,-0.942809041582));
#4549 = ORIENTED_EDGE('',*,*,#4550,.F.);
#4550 = EDGE_CURVE('',#4551,#4543,#4553,.T.);
#4551 = VERTEX_POINT('',#4552);
#4552 = CARTESIAN_POINT('',(23.527828,-0.59457,2.4));
#4553 = LINE('',#4554,#4555);
#4554 = CARTESIAN_POINT('',(23.527828,-0.191870202642,2.4));
#4555 = VECTOR('',#4556,1.);
#4556 = DIRECTION('',(0.,-1.,0.));
#4557 = ORIENTED_EDGE('',*,*,#4558,.T.);
#4558 = EDGE_CURVE('',#4551,#4533,#4559,.T.);
#4559 = LINE('',#4560,#4561);
#4560 = CARTESIAN_POINT('',(22.877828,5.543E-02,5.));
#4561 = VECTOR('',#4562,1.);
#4562 = DIRECTION('',(0.235702260396,-0.235702260396,-0.942809041582));
#4563 = PLANE('',#4564);
#4564 = AXIS2_PLACEMENT_3D('',#4565,#4566,#4567);
#4565 = CARTESIAN_POINT('',(23.577828,-0.89457,2.2));
#4566 = DIRECTION('',(-0.970142500145,0.,-0.242535625036));
#4567 = DIRECTION('',(-0.242535625036,0.,0.970142500145));
#4568 = ADVANCED_FACE('',(#4569),#4601,.T.);
#4569 = FACE_BOUND('',#4570,.T.);
#4570 = EDGE_LOOP('',(#4571,#4581,#4587,#4595));
#4571 = ORIENTED_EDGE('',*,*,#4572,.T.);
#4572 = EDGE_CURVE('',#4573,#4575,#4577,.T.);
#4573 = VERTEX_POINT('',#4574);
#4574 = CARTESIAN_POINT('',(18.027828,0.90543,5.));
#4575 = VERTEX_POINT('',#4576);
#4576 = CARTESIAN_POINT('',(17.527828,0.90543,5.));
#4577 = LINE('',#4578,#4579);
#4578 = CARTESIAN_POINT('',(0.,0.90543,5.));
#4579 = VECTOR('',#4580,1.);
#4580 = DIRECTION('',(-1.,0.,0.));
#4581 = ORIENTED_EDGE('',*,*,#4582,.F.);
#4582 = EDGE_CURVE('',#4443,#4575,#4583,.T.);
#4583 = LINE('',#4584,#4585);
#4584 = CARTESIAN_POINT('',(17.527828,0.90543,4.150000000014));
#4585 = VECTOR('',#4586,1.);
#4586 = DIRECTION('',(0.,0.,1.));
#4587 = ORIENTED_EDGE('',*,*,#4588,.F.);
#4588 = EDGE_CURVE('',#4589,#4443,#4591,.T.);
#4589 = VERTEX_POINT('',#4590);
#4590 = CARTESIAN_POINT('',(18.027828,0.90543,2.4));
#4591 = LINE('',#4592,#4593);
#4592 = CARTESIAN_POINT('',(17.92853557827,0.90543,2.4));
#4593 = VECTOR('',#4594,1.);
#4594 = DIRECTION('',(-1.,0.,0.));
#4595 = ORIENTED_EDGE('',*,*,#4596,.T.);
#4596 = EDGE_CURVE('',#4589,#4573,#4597,.T.);
#4597 = LINE('',#4598,#4599);
#4598 = CARTESIAN_POINT('',(18.027828,0.90543,5.));
#4599 = VECTOR('',#4600,1.);
#4600 = DIRECTION('',(0.,0.,1.));
#4601 = PLANE('',#4602);
#4602 = AXIS2_PLACEMENT_3D('',#4603,#4604,#4605);
#4603 = CARTESIAN_POINT('',(17.527828,0.90543,7.));
#4604 = DIRECTION('',(0.,-1.,0.));
#4605 = DIRECTION('',(1.,0.,0.));
#4606 = ADVANCED_FACE('',(#4607),#4641,.F.);
#4607 = FACE_BOUND('',#4608,.T.);
#4608 = EDGE_LOOP('',(#4609,#4619,#4627,#4635));
#4609 = ORIENTED_EDGE('',*,*,#4610,.T.);
#4610 = EDGE_CURVE('',#4611,#4613,#4615,.T.);
#4611 = VERTEX_POINT('',#4612);
#4612 = CARTESIAN_POINT('',(16.277828,-0.34457,6.6));
#4613 = VERTEX_POINT('',#4614);
#4614 = CARTESIAN_POINT('',(16.277828,-0.34457,6.45));
#4615 = LINE('',#4616,#4617);
#4616 = CARTESIAN_POINT('',(16.277828,-0.34457,8.439252226732E-17));
#4617 = VECTOR('',#4618,1.);
#4618 = DIRECTION('',(0.,-1.224606353822E-16,-1.));
#4619 = ORIENTED_EDGE('',*,*,#4620,.T.);
#4620 = EDGE_CURVE('',#4613,#4621,#4623,.T.);
#4621 = VERTEX_POINT('',#4622);
#4622 = CARTESIAN_POINT('',(16.277828,-2.34457,6.45));
#4623 = LINE('',#4624,#4625);
#4624 = CARTESIAN_POINT('',(16.277828,3.457818883654E-16,6.45));
#4625 = VECTOR('',#4626,1.);
#4626 = DIRECTION('',(0.,-1.,2.449212707645E-16));
#4627 = ORIENTED_EDGE('',*,*,#4628,.F.);
#4628 = EDGE_CURVE('',#4629,#4621,#4631,.T.);
#4629 = VERTEX_POINT('',#4630);
#4630 = CARTESIAN_POINT('',(16.277828,-2.34457,6.6));
#4631 = LINE('',#4632,#4633);
#4632 = CARTESIAN_POINT('',(16.277828,-2.34457,2.871175318981E-16));
#4633 = VECTOR('',#4634,1.);
#4634 = DIRECTION('',(0.,-1.224606353822E-16,-1.));
#4635 = ORIENTED_EDGE('',*,*,#4636,.T.);
#4636 = EDGE_CURVE('',#4629,#4611,#4637,.T.);
#4637 = LINE('',#4638,#4639);
#4638 = CARTESIAN_POINT('',(16.277828,3.641509836727E-16,6.6));
#4639 = VECTOR('',#4640,1.);
#4640 = DIRECTION('',(0.,1.,-1.224606353822E-16));
#4641 = PLANE('',#4642);
#4642 = AXIS2_PLACEMENT_3D('',#4643,#4644,#4645);
#4643 = CARTESIAN_POINT('',(16.277828,-1.17457,8.));
#4644 = DIRECTION('',(1.,0.,0.));
#4645 = DIRECTION('',(0.,-1.,2.449212707645E-16));
#4646 = ADVANCED_FACE('',(#4647),#4672,.T.);
#4647 = FACE_BOUND('',#4648,.T.);
#4648 = EDGE_LOOP('',(#4649,#4657,#4658,#4666));
#4649 = ORIENTED_EDGE('',*,*,#4650,.T.);
#4650 = EDGE_CURVE('',#4651,#4533,#4653,.T.);
#4651 = VERTEX_POINT('',#4652);
#4652 = CARTESIAN_POINT('',(23.927828,-0.69457,2.));
#4653 = LINE('',#4654,#4655);
#4654 = CARTESIAN_POINT('',(23.92853557827,-0.69457,2.));
#4655 = VECTOR('',#4656,1.);
#4656 = DIRECTION('',(-1.,0.,0.));
#4657 = ORIENTED_EDGE('',*,*,#4558,.F.);
#4658 = ORIENTED_EDGE('',*,*,#4659,.T.);
#4659 = EDGE_CURVE('',#4551,#4660,#4662,.T.);
#4660 = VERTEX_POINT('',#4661);
#4661 = CARTESIAN_POINT('',(24.027828,-0.59457,2.4));
#4662 = LINE('',#4663,#4664);
#4663 = CARTESIAN_POINT('',(23.92853557827,-0.59457,2.4));
#4664 = VECTOR('',#4665,1.);
#4665 = DIRECTION('',(1.,0.,0.));
#4666 = ORIENTED_EDGE('',*,*,#4667,.F.);
#4667 = EDGE_CURVE('',#4651,#4660,#4668,.T.);
#4668 = LINE('',#4669,#4670);
#4669 = CARTESIAN_POINT('',(24.677828,5.543E-02,5.));
#4670 = VECTOR('',#4671,1.);
#4671 = DIRECTION('',(0.235702260396,0.235702260396,0.942809041582));
#4672 = PLANE('',#4673);
#4673 = AXIS2_PLACEMENT_3D('',#4674,#4675,#4676);
#4674 = CARTESIAN_POINT('',(23.777828,-0.64457,2.2));
#4675 = DIRECTION('',(0.,0.970142500145,-0.242535625036));
#4676 = DIRECTION('',(0.,0.242535625036,0.970142500145));
#4677 = ADVANCED_FACE('',(#4678),#4703,.T.);
#4678 = FACE_BOUND('',#4679,.T.);
#4679 = EDGE_LOOP('',(#4680,#4688,#4689,#4697));
#4680 = ORIENTED_EDGE('',*,*,#4681,.T.);
#4681 = EDGE_CURVE('',#4682,#4151,#4684,.T.);
#4682 = VERTEX_POINT('',#4683);
#4683 = CARTESIAN_POINT('',(17.277828,0.65543,6.45));
#4684 = LINE('',#4685,#4686);
#4685 = CARTESIAN_POINT('',(17.277828,0.65543,-8.026437424858E-17));
#4686 = VECTOR('',#4687,1.);
#4687 = DIRECTION('',(0.,0.,1.));
#4688 = ORIENTED_EDGE('',*,*,#4176,.F.);
#4689 = ORIENTED_EDGE('',*,*,#4690,.F.);
#4690 = EDGE_CURVE('',#4691,#4169,#4693,.T.);
#4691 = VERTEX_POINT('',#4692);
#4692 = CARTESIAN_POINT('',(16.277828,0.65543,6.45));
#4693 = LINE('',#4694,#4695);
#4694 = CARTESIAN_POINT('',(16.277828,0.65543,-1.605287484972E-16));
#4695 = VECTOR('',#4696,1.);
#4696 = DIRECTION('',(0.,1.224606353822E-16,1.));
#4697 = ORIENTED_EDGE('',*,*,#4698,.T.);
#4698 = EDGE_CURVE('',#4691,#4682,#4699,.T.);
#4699 = LINE('',#4700,#4701);
#4700 = CARTESIAN_POINT('',(15.555656,0.65543,6.45));
#4701 = VECTOR('',#4702,1.);
#4702 = DIRECTION('',(1.,0.,0.));
#4703 = PLANE('',#4704);
#4704 = AXIS2_PLACEMENT_3D('',#4705,#4706,#4707);
#4705 = CARTESIAN_POINT('',(16.777828,0.65543,6.6));
#4706 = DIRECTION('',(0.,-1.,1.224606353822E-16));
#4707 = DIRECTION('',(0.,-1.224606353822E-16,-1.));
#4708 = ADVANCED_FACE('',(#4709),#4743,.T.);
#4709 = FACE_BOUND('',#4710,.T.);
#4710 = EDGE_LOOP('',(#4711,#4721,#4729,#4737));
#4711 = ORIENTED_EDGE('',*,*,#4712,.T.);
#4712 = EDGE_CURVE('',#4713,#4715,#4717,.T.);
#4713 = VERTEX_POINT('',#4714);
#4714 = CARTESIAN_POINT('',(19.627828,-0.99457,2.));
#4715 = VERTEX_POINT('',#4716);
#4716 = CARTESIAN_POINT('',(19.927828,-0.99457,2.));
#4717 = LINE('',#4718,#4719);
#4718 = CARTESIAN_POINT('',(19.92853557827,-0.99457,2.));
#4719 = VECTOR('',#4720,1.);
#4720 = DIRECTION('',(1.,0.,0.));
#4721 = ORIENTED_EDGE('',*,*,#4722,.T.);
#4722 = EDGE_CURVE('',#4715,#4723,#4725,.T.);
#4723 = VERTEX_POINT('',#4724);
#4724 = CARTESIAN_POINT('',(20.027828,-1.09457,2.4));
#4725 = LINE('',#4726,#4727);
#4726 = CARTESIAN_POINT('',(20.677828,-1.74457,5.));
#4727 = VECTOR('',#4728,1.);
#4728 = DIRECTION('',(0.235702260396,-0.235702260396,0.942809041582));
#4729 = ORIENTED_EDGE('',*,*,#4730,.T.);
#4730 = EDGE_CURVE('',#4723,#4731,#4733,.T.);
#4731 = VERTEX_POINT('',#4732);
#4732 = CARTESIAN_POINT('',(19.527828,-1.09457,2.4));
#4733 = LINE('',#4734,#4735);
#4734 = CARTESIAN_POINT('',(19.92853557827,-1.09457,2.4));
#4735 = VECTOR('',#4736,1.);
#4736 = DIRECTION('',(-1.,0.,0.));
#4737 = ORIENTED_EDGE('',*,*,#4738,.T.);
#4738 = EDGE_CURVE('',#4731,#4713,#4739,.T.);
#4739 = LINE('',#4740,#4741);
#4740 = CARTESIAN_POINT('',(18.877828,-1.74457,5.));
#4741 = VECTOR('',#4742,1.);
#4742 = DIRECTION('',(0.235702260396,0.235702260396,-0.942809041582));
#4743 = PLANE('',#4744);
#4744 = AXIS2_PLACEMENT_3D('',#4745,#4746,#4747);
#4745 = CARTESIAN_POINT('',(19.777828,-1.04457,2.2));
#4746 = DIRECTION('',(0.,-0.970142500145,-0.242535625036));
#4747 = DIRECTION('',(0.,-0.242535625036,0.970142500145));
#4748 = ADVANCED_FACE('',(#4749),#4781,.F.);
#4749 = FACE_BOUND('',#4750,.T.);
#4750 = EDGE_LOOP('',(#4751,#4761,#4767,#4775));
#4751 = ORIENTED_EDGE('',*,*,#4752,.F.);
#4752 = EDGE_CURVE('',#4753,#4755,#4757,.T.);
#4753 = VERTEX_POINT('',#4754);
#4754 = CARTESIAN_POINT('',(13.527828,1.40543,9.200000000014));
#4755 = VERTEX_POINT('',#4756);
#4756 = CARTESIAN_POINT('',(13.627828,1.30543,9.600000000014));
#4757 = LINE('',#4758,#4759);
#4758 = CARTESIAN_POINT('',(12.877828,2.05543,6.600000000014));
#4759 = VECTOR('',#4760,1.);
#4760 = DIRECTION('',(0.235702260396,-0.235702260396,0.942809041582));
#4761 = ORIENTED_EDGE('',*,*,#4762,.T.);
#4762 = EDGE_CURVE('',#4753,#3735,#4763,.T.);
#4763 = LINE('',#4764,#4765);
#4764 = CARTESIAN_POINT('',(13.527828,1.808129797358,9.200000000014));
#4765 = VECTOR('',#4766,1.);
#4766 = DIRECTION('',(-1.224606353822E-16,-1.,0.));
#4767 = ORIENTED_EDGE('',*,*,#4768,.T.);
#4768 = EDGE_CURVE('',#3735,#4769,#4771,.T.);
#4769 = VERTEX_POINT('',#4770);
#4770 = CARTESIAN_POINT('',(13.627828,1.00543,9.600000000014));
#4771 = LINE('',#4772,#4773);
#4772 = CARTESIAN_POINT('',(12.877828,0.25543,6.600000000014));
#4773 = VECTOR('',#4774,1.);
#4774 = DIRECTION('',(0.235702260396,0.235702260396,0.942809041582));
#4775 = ORIENTED_EDGE('',*,*,#4776,.F.);
#4776 = EDGE_CURVE('',#4755,#4769,#4777,.T.);
#4777 = LINE('',#4778,#4779);
#4778 = CARTESIAN_POINT('',(13.627828,1.808129797358,9.600000000014));
#4779 = VECTOR('',#4780,1.);
#4780 = DIRECTION('',(-1.224606353822E-16,-1.,0.));
#4781 = PLANE('',#4782);
#4782 = AXIS2_PLACEMENT_3D('',#4783,#4784,#4785);
#4783 = CARTESIAN_POINT('',(13.577828,1.10543,9.400000000014));
#4784 = DIRECTION('',(0.970142500145,-1.188042669791E-16,-0.242535625036
    ));
#4785 = DIRECTION('',(-0.242535625036,2.970106674478E-17,-0.970142500145
    ));
#4786 = ADVANCED_FACE('',(#4787),#4819,.T.);
#4787 = FACE_BOUND('',#4788,.T.);
#4788 = EDGE_LOOP('',(#4789,#4799,#4807,#4813));
#4789 = ORIENTED_EDGE('',*,*,#4790,.T.);
#4790 = EDGE_CURVE('',#4791,#4793,#4795,.T.);
#4791 = VERTEX_POINT('',#4792);
#4792 = CARTESIAN_POINT('',(19.627828,1.00543,2.));
#4793 = VERTEX_POINT('',#4794);
#4794 = CARTESIAN_POINT('',(19.927828,1.00543,2.));
#4795 = LINE('',#4796,#4797);
#4796 = CARTESIAN_POINT('',(19.92853557827,1.00543,2.));
#4797 = VECTOR('',#4798,1.);
#4798 = DIRECTION('',(1.,0.,0.));
#4799 = ORIENTED_EDGE('',*,*,#4800,.T.);
#4800 = EDGE_CURVE('',#4793,#4801,#4803,.T.);
#4801 = VERTEX_POINT('',#4802);
#4802 = CARTESIAN_POINT('',(20.027828,0.90543,2.4));
#4803 = LINE('',#4804,#4805);
#4804 = CARTESIAN_POINT('',(20.677828,0.25543,5.));
#4805 = VECTOR('',#4806,1.);
#4806 = DIRECTION('',(0.235702260396,-0.235702260396,0.942809041582));
#4807 = ORIENTED_EDGE('',*,*,#4808,.T.);
#4808 = EDGE_CURVE('',#4801,#3821,#4809,.T.);
#4809 = LINE('',#4810,#4811);
#4810 = CARTESIAN_POINT('',(19.92853557827,0.90543,2.4));
#4811 = VECTOR('',#4812,1.);
#4812 = DIRECTION('',(-1.,0.,0.));
#4813 = ORIENTED_EDGE('',*,*,#4814,.T.);
#4814 = EDGE_CURVE('',#3821,#4791,#4815,.T.);
#4815 = LINE('',#4816,#4817);
#4816 = CARTESIAN_POINT('',(18.877828,0.25543,5.));
#4817 = VECTOR('',#4818,1.);
#4818 = DIRECTION('',(0.235702260396,0.235702260396,-0.942809041582));
#4819 = PLANE('',#4820);
#4820 = AXIS2_PLACEMENT_3D('',#4821,#4822,#4823);
#4821 = CARTESIAN_POINT('',(19.777828,0.95543,2.2));
#4822 = DIRECTION('',(0.,-0.970142500145,-0.242535625036));
#4823 = DIRECTION('',(0.,-0.242535625036,0.970142500145));
#4824 = ADVANCED_FACE('',(#4825),#4859,.T.);
#4825 = FACE_BOUND('',#4826,.T.);
#4826 = EDGE_LOOP('',(#4827,#4837,#4845,#4853));
#4827 = ORIENTED_EDGE('',*,*,#4828,.F.);
#4828 = EDGE_CURVE('',#4829,#4831,#4833,.T.);
#4829 = VERTEX_POINT('',#4830);
#4830 = CARTESIAN_POINT('',(23.277828,0.65543,6.6));
#4831 = VERTEX_POINT('',#4832);
#4832 = CARTESIAN_POINT('',(23.277828,0.65543,6.45));
#4833 = LINE('',#4834,#4835);
#4834 = CARTESIAN_POINT('',(23.277828,0.65543,6.65));
#4835 = VECTOR('',#4836,1.);
#4836 = DIRECTION('',(0.,0.,-1.));
#4837 = ORIENTED_EDGE('',*,*,#4838,.F.);
#4838 = EDGE_CURVE('',#4839,#4829,#4841,.T.);
#4839 = VERTEX_POINT('',#4840);
#4840 = CARTESIAN_POINT('',(22.277828,0.65543,6.6));
#4841 = LINE('',#4842,#4843);
#4842 = CARTESIAN_POINT('',(15.555656,0.65543,6.6));
#4843 = VECTOR('',#4844,1.);
#4844 = DIRECTION('',(1.,0.,0.));
#4845 = ORIENTED_EDGE('',*,*,#4846,.F.);
#4846 = EDGE_CURVE('',#4847,#4839,#4849,.T.);
#4847 = VERTEX_POINT('',#4848);
#4848 = CARTESIAN_POINT('',(22.277828,0.65543,6.45));
#4849 = LINE('',#4850,#4851);
#4850 = CARTESIAN_POINT('',(22.277828,0.65543,6.65));
#4851 = VECTOR('',#4852,1.);
#4852 = DIRECTION('',(0.,0.,1.));
#4853 = ORIENTED_EDGE('',*,*,#4854,.F.);
#4854 = EDGE_CURVE('',#4831,#4847,#4855,.T.);
#4855 = LINE('',#4856,#4857);
#4856 = CARTESIAN_POINT('',(22.,0.65543,6.45));
#4857 = VECTOR('',#4858,1.);
#4858 = DIRECTION('',(-1.,0.,0.));
#4859 = PLANE('',#4860);
#4860 = AXIS2_PLACEMENT_3D('',#4861,#4862,#4863);
#4861 = CARTESIAN_POINT('',(23.277828,0.65543,6.65));
#4862 = DIRECTION('',(0.,-1.,0.));
#4863 = DIRECTION('',(-1.,0.,0.));
#4864 = ADVANCED_FACE('',(#4865),#4899,.F.);
#4865 = FACE_BOUND('',#4866,.T.);
#4866 = EDGE_LOOP('',(#4867,#4877,#4885,#4893));
#4867 = ORIENTED_EDGE('',*,*,#4868,.T.);
#4868 = EDGE_CURVE('',#4869,#4871,#4873,.T.);
#4869 = VERTEX_POINT('',#4870);
#4870 = CARTESIAN_POINT('',(15.927828,1.30543,9.600000000014));
#4871 = VERTEX_POINT('',#4872);
#4872 = CARTESIAN_POINT('',(16.027828,1.40543,9.200000000014));
#4873 = LINE('',#4874,#4875);
#4874 = CARTESIAN_POINT('',(16.677828,2.05543,6.600000000014));
#4875 = VECTOR('',#4876,1.);
#4876 = DIRECTION('',(0.235702260396,0.235702260396,-0.942809041582));
#4877 = ORIENTED_EDGE('',*,*,#4878,.F.);
#4878 = EDGE_CURVE('',#4879,#4871,#4881,.T.);
#4879 = VERTEX_POINT('',#4880);
#4880 = CARTESIAN_POINT('',(15.527828,1.40543,9.200000000014));
#4881 = LINE('',#4882,#4883);
#4882 = CARTESIAN_POINT('',(15.92853557827,1.40543,9.200000000014));
#4883 = VECTOR('',#4884,1.);
#4884 = DIRECTION('',(1.,-1.224606353822E-16,0.));
#4885 = ORIENTED_EDGE('',*,*,#4886,.T.);
#4886 = EDGE_CURVE('',#4879,#4887,#4889,.T.);
#4887 = VERTEX_POINT('',#4888);
#4888 = CARTESIAN_POINT('',(15.627828,1.30543,9.600000000014));
#4889 = LINE('',#4890,#4891);
#4890 = CARTESIAN_POINT('',(14.877828,2.05543,6.600000000014));
#4891 = VECTOR('',#4892,1.);
#4892 = DIRECTION('',(0.235702260396,-0.235702260396,0.942809041582));
#4893 = ORIENTED_EDGE('',*,*,#4894,.F.);
#4894 = EDGE_CURVE('',#4869,#4887,#4895,.T.);
#4895 = LINE('',#4896,#4897);
#4896 = CARTESIAN_POINT('',(15.92853557827,1.30543,9.600000000014));
#4897 = VECTOR('',#4898,1.);
#4898 = DIRECTION('',(-1.,1.224606353822E-16,0.));
#4899 = PLANE('',#4900);
#4900 = AXIS2_PLACEMENT_3D('',#4901,#4902,#4903);
#4901 = CARTESIAN_POINT('',(15.777828,1.35543,9.400000000014));
#4902 = DIRECTION('',(-1.188042669791E-16,-0.970142500145,
    -0.242535625036));
#4903 = DIRECTION('',(2.970106674478E-17,0.242535625036,-0.970142500145)
  );
#4904 = ADVANCED_FACE('',(#4905),#4939,.F.);
#4905 = FACE_BOUND('',#4906,.T.);
#4906 = EDGE_LOOP('',(#4907,#4917,#4925,#4933));
#4907 = ORIENTED_EDGE('',*,*,#4908,.T.);
#4908 = EDGE_CURVE('',#4909,#4911,#4913,.T.);
#4909 = VERTEX_POINT('',#4910);
#4910 = CARTESIAN_POINT('',(17.927828,-0.69457,9.600000000014));
#4911 = VERTEX_POINT('',#4912);
#4912 = CARTESIAN_POINT('',(18.027828,-0.59457,9.200000000014));
#4913 = LINE('',#4914,#4915);
#4914 = CARTESIAN_POINT('',(18.677828,5.543E-02,6.600000000014));
#4915 = VECTOR('',#4916,1.);
#4916 = DIRECTION('',(0.235702260396,0.235702260396,-0.942809041582));
#4917 = ORIENTED_EDGE('',*,*,#4918,.F.);
#4918 = EDGE_CURVE('',#4919,#4911,#4921,.T.);
#4919 = VERTEX_POINT('',#4920);
#4920 = CARTESIAN_POINT('',(17.527828,-0.59457,9.200000000014));
#4921 = LINE('',#4922,#4923);
#4922 = CARTESIAN_POINT('',(17.92853557827,-0.59457,9.200000000014));
#4923 = VECTOR('',#4924,1.);
#4924 = DIRECTION('',(1.,-1.224606353822E-16,0.));
#4925 = ORIENTED_EDGE('',*,*,#4926,.T.);
#4926 = EDGE_CURVE('',#4919,#4927,#4929,.T.);
#4927 = VERTEX_POINT('',#4928);
#4928 = CARTESIAN_POINT('',(17.627828,-0.69457,9.600000000014));
#4929 = LINE('',#4930,#4931);
#4930 = CARTESIAN_POINT('',(16.877828,5.543E-02,6.600000000014));
#4931 = VECTOR('',#4932,1.);
#4932 = DIRECTION('',(0.235702260396,-0.235702260396,0.942809041582));
#4933 = ORIENTED_EDGE('',*,*,#4934,.F.);
#4934 = EDGE_CURVE('',#4909,#4927,#4935,.T.);
#4935 = LINE('',#4936,#4937);
#4936 = CARTESIAN_POINT('',(17.92853557827,-0.69457,9.600000000014));
#4937 = VECTOR('',#4938,1.);
#4938 = DIRECTION('',(-1.,1.224606353822E-16,0.));
#4939 = PLANE('',#4940);
#4940 = AXIS2_PLACEMENT_3D('',#4941,#4942,#4943);
#4941 = CARTESIAN_POINT('',(17.777828,-0.64457,9.400000000014));
#4942 = DIRECTION('',(-1.188042669791E-16,-0.970142500145,
    -0.242535625036));
#4943 = DIRECTION('',(2.970106674478E-17,0.242535625036,-0.970142500145)
  );
#4944 = ADVANCED_FACE('',(#4945),#4979,.T.);
#4945 = FACE_BOUND('',#4946,.T.);
#4946 = EDGE_LOOP('',(#4947,#4957,#4965,#4973));
#4947 = ORIENTED_EDGE('',*,*,#4948,.T.);
#4948 = EDGE_CURVE('',#4949,#4951,#4953,.T.);
#4949 = VERTEX_POINT('',#4950);
#4950 = CARTESIAN_POINT('',(15.627828,-0.99457,2.));
#4951 = VERTEX_POINT('',#4952);
#4952 = CARTESIAN_POINT('',(15.927828,-0.99457,2.));
#4953 = LINE('',#4954,#4955);
#4954 = CARTESIAN_POINT('',(15.92853557827,-0.99457,2.));
#4955 = VECTOR('',#4956,1.);
#4956 = DIRECTION('',(1.,0.,0.));
#4957 = ORIENTED_EDGE('',*,*,#4958,.T.);
#4958 = EDGE_CURVE('',#4951,#4959,#4961,.T.);
#4959 = VERTEX_POINT('',#4960);
#4960 = CARTESIAN_POINT('',(16.027828,-1.09457,2.4));
#4961 = LINE('',#4962,#4963);
#4962 = CARTESIAN_POINT('',(16.677828,-1.74457,5.));
#4963 = VECTOR('',#4964,1.);
#4964 = DIRECTION('',(0.235702260396,-0.235702260396,0.942809041582));
#4965 = ORIENTED_EDGE('',*,*,#4966,.T.);
#4966 = EDGE_CURVE('',#4959,#4967,#4969,.T.);
#4967 = VERTEX_POINT('',#4968);
#4968 = CARTESIAN_POINT('',(15.527828,-1.09457,2.4));
#4969 = LINE('',#4970,#4971);
#4970 = CARTESIAN_POINT('',(15.92853557827,-1.09457,2.4));
#4971 = VECTOR('',#4972,1.);
#4972 = DIRECTION('',(-1.,0.,0.));
#4973 = ORIENTED_EDGE('',*,*,#4974,.T.);
#4974 = EDGE_CURVE('',#4967,#4949,#4975,.T.);
#4975 = LINE('',#4976,#4977);
#4976 = CARTESIAN_POINT('',(14.877828,-1.74457,5.));
#4977 = VECTOR('',#4978,1.);
#4978 = DIRECTION('',(0.235702260396,0.235702260396,-0.942809041582));
#4979 = PLANE('',#4980);
#4980 = AXIS2_PLACEMENT_3D('',#4981,#4982,#4983);
#4981 = CARTESIAN_POINT('',(15.777828,-1.04457,2.2));
#4982 = DIRECTION('',(0.,-0.970142500145,-0.242535625036));
#4983 = DIRECTION('',(0.,-0.242535625036,0.970142500145));
#4984 = ADVANCED_FACE('',(#4985),#5019,.T.);
#4985 = FACE_BOUND('',#4986,.T.);
#4986 = EDGE_LOOP('',(#4987,#4997,#5005,#5013));
#4987 = ORIENTED_EDGE('',*,*,#4988,.T.);
#4988 = EDGE_CURVE('',#4989,#4991,#4993,.T.);
#4989 = VERTEX_POINT('',#4990);
#4990 = CARTESIAN_POINT('',(19.927828,-0.69457,2.));
#4991 = VERTEX_POINT('',#4992);
#4992 = CARTESIAN_POINT('',(19.627828,-0.69457,2.));
#4993 = LINE('',#4994,#4995);
#4994 = CARTESIAN_POINT('',(19.92853557827,-0.69457,2.));
#4995 = VECTOR('',#4996,1.);
#4996 = DIRECTION('',(-1.,0.,0.));
#4997 = ORIENTED_EDGE('',*,*,#4998,.F.);
#4998 = EDGE_CURVE('',#4999,#4991,#5001,.T.);
#4999 = VERTEX_POINT('',#5000);
#5000 = CARTESIAN_POINT('',(19.527828,-0.59457,2.4));
#5001 = LINE('',#5002,#5003);
#5002 = CARTESIAN_POINT('',(18.877828,5.543E-02,5.));
#5003 = VECTOR('',#5004,1.);
#5004 = DIRECTION('',(0.235702260396,-0.235702260396,-0.942809041582));
#5005 = ORIENTED_EDGE('',*,*,#5006,.T.);
#5006 = EDGE_CURVE('',#4999,#5007,#5009,.T.);
#5007 = VERTEX_POINT('',#5008);
#5008 = CARTESIAN_POINT('',(20.027828,-0.59457,2.4));
#5009 = LINE('',#5010,#5011);
#5010 = CARTESIAN_POINT('',(19.92853557827,-0.59457,2.4));
#5011 = VECTOR('',#5012,1.);
#5012 = DIRECTION('',(1.,0.,0.));
#5013 = ORIENTED_EDGE('',*,*,#5014,.F.);
#5014 = EDGE_CURVE('',#4989,#5007,#5015,.T.);
#5015 = LINE('',#5016,#5017);
#5016 = CARTESIAN_POINT('',(20.677828,5.543E-02,5.));
#5017 = VECTOR('',#5018,1.);
#5018 = DIRECTION('',(0.235702260396,0.235702260396,0.942809041582));
#5019 = PLANE('',#5020);
#5020 = AXIS2_PLACEMENT_3D('',#5021,#5022,#5023);
#5021 = CARTESIAN_POINT('',(19.777828,-0.64457,2.2));
#5022 = DIRECTION('',(0.,0.970142500145,-0.242535625036));
#5023 = DIRECTION('',(0.,0.242535625036,0.970142500145));
#5024 = ADVANCED_FACE('',(#5025),#5043,.F.);
#5025 = FACE_BOUND('',#5026,.T.);
#5026 = EDGE_LOOP('',(#5027,#5035,#5041,#5042));
#5027 = ORIENTED_EDGE('',*,*,#5028,.F.);
#5028 = EDGE_CURVE('',#5029,#4161,#5031,.T.);
#5029 = VERTEX_POINT('',#5030);
#5030 = CARTESIAN_POINT('',(16.277828,2.05543,6.45));
#5031 = LINE('',#5032,#5033);
#5032 = CARTESIAN_POINT('',(16.277828,2.05543,-5.034185275674E-16));
#5033 = VECTOR('',#5034,1.);
#5034 = DIRECTION('',(0.,2.449212707645E-16,1.));
#5035 = ORIENTED_EDGE('',*,*,#5036,.T.);
#5036 = EDGE_CURVE('',#5029,#4691,#5037,.T.);
#5037 = LINE('',#5038,#5039);
#5038 = CARTESIAN_POINT('',(16.277828,6.915637767307E-16,6.45));
#5039 = VECTOR('',#5040,1.);
#5040 = DIRECTION('',(0.,-1.,2.449212707645E-16));
#5041 = ORIENTED_EDGE('',*,*,#4690,.T.);
#5042 = ORIENTED_EDGE('',*,*,#4168,.T.);
#5043 = PLANE('',#5044);
#5044 = AXIS2_PLACEMENT_3D('',#5045,#5046,#5047);
#5045 = CARTESIAN_POINT('',(16.277828,0.65543,6.6));
#5046 = DIRECTION('',(1.,0.,0.));
#5047 = DIRECTION('',(0.,-1.,2.449212707645E-16));
#5048 = ADVANCED_FACE('',(#5049),#5083,.T.);
#5049 = FACE_BOUND('',#5050,.T.);
#5050 = EDGE_LOOP('',(#5051,#5061,#5069,#5077));
#5051 = ORIENTED_EDGE('',*,*,#5052,.F.);
#5052 = EDGE_CURVE('',#5053,#5055,#5057,.T.);
#5053 = VERTEX_POINT('',#5054);
#5054 = CARTESIAN_POINT('',(20.277828,-0.34457,6.6));
#5055 = VERTEX_POINT('',#5056);
#5056 = CARTESIAN_POINT('',(20.277828,-0.34457,6.45));
#5057 = LINE('',#5058,#5059);
#5058 = CARTESIAN_POINT('',(20.277828,-0.34457,-8.628166150855E-32));
#5059 = VECTOR('',#5060,1.);
#5060 = DIRECTION('',(0.,1.224606353822E-16,-1.));
#5061 = ORIENTED_EDGE('',*,*,#5062,.F.);
#5062 = EDGE_CURVE('',#5063,#5053,#5065,.T.);
#5063 = VERTEX_POINT('',#5064);
#5064 = CARTESIAN_POINT('',(21.277828,-0.34457,6.6));
#5065 = LINE('',#5066,#5067);
#5066 = CARTESIAN_POINT('',(15.555656,-0.34457,6.6));
#5067 = VECTOR('',#5068,1.);
#5068 = DIRECTION('',(-1.,0.,0.));
#5069 = ORIENTED_EDGE('',*,*,#5070,.T.);
#5070 = EDGE_CURVE('',#5063,#5071,#5073,.T.);
#5071 = VERTEX_POINT('',#5072);
#5072 = CARTESIAN_POINT('',(21.277828,-0.34457,6.45));
#5073 = LINE('',#5074,#5075);
#5074 = CARTESIAN_POINT('',(21.277828,-0.34457,-9.244463733059E-32));
#5075 = VECTOR('',#5076,1.);
#5076 = DIRECTION('',(0.,0.,-1.));
#5077 = ORIENTED_EDGE('',*,*,#5078,.T.);
#5078 = EDGE_CURVE('',#5071,#5055,#5079,.T.);
#5079 = LINE('',#5080,#5081);
#5080 = CARTESIAN_POINT('',(20.777828,-0.34457,6.45));
#5081 = VECTOR('',#5082,1.);
#5082 = DIRECTION('',(-1.,0.,0.));
#5083 = PLANE('',#5084);
#5084 = AXIS2_PLACEMENT_3D('',#5085,#5086,#5087);
#5085 = CARTESIAN_POINT('',(21.277828,-0.34457,6.65));
#5086 = DIRECTION('',(0.,1.,1.224606353822E-16));
#5087 = DIRECTION('',(1.,0.,-0.));
#5088 = ADVANCED_FACE('',(#5089),#5123,.T.);
#5089 = FACE_BOUND('',#5090,.T.);
#5090 = EDGE_LOOP('',(#5091,#5101,#5109,#5117));
#5091 = ORIENTED_EDGE('',*,*,#5092,.T.);
#5092 = EDGE_CURVE('',#5093,#5095,#5097,.T.);
#5093 = VERTEX_POINT('',#5094);
#5094 = CARTESIAN_POINT('',(21.277828,2.05543,6.6));
#5095 = VERTEX_POINT('',#5096);
#5096 = CARTESIAN_POINT('',(20.277828,2.05543,6.6));
#5097 = LINE('',#5098,#5099);
#5098 = CARTESIAN_POINT('',(15.555656,2.05543,6.6));
#5099 = VECTOR('',#5100,1.);
#5100 = DIRECTION('',(-1.,0.,0.));
#5101 = ORIENTED_EDGE('',*,*,#5102,.F.);
#5102 = EDGE_CURVE('',#5103,#5095,#5105,.T.);
#5103 = VERTEX_POINT('',#5104);
#5104 = CARTESIAN_POINT('',(20.277828,0.65543,6.6));
#5105 = LINE('',#5106,#5107);
#5106 = CARTESIAN_POINT('',(20.277828,3.641509836727E-16,6.6));
#5107 = VECTOR('',#5108,1.);
#5108 = DIRECTION('',(0.,1.,-1.224606353822E-16));
#5109 = ORIENTED_EDGE('',*,*,#5110,.T.);
#5110 = EDGE_CURVE('',#5103,#5111,#5113,.T.);
#5111 = VERTEX_POINT('',#5112);
#5112 = CARTESIAN_POINT('',(21.277828,0.65543,6.6));
#5113 = LINE('',#5114,#5115);
#5114 = CARTESIAN_POINT('',(15.555656,0.65543,6.6));
#5115 = VECTOR('',#5116,1.);
#5116 = DIRECTION('',(1.,0.,0.));
#5117 = ORIENTED_EDGE('',*,*,#5118,.F.);
#5118 = EDGE_CURVE('',#5093,#5111,#5119,.T.);
#5119 = LINE('',#5120,#5121);
#5120 = CARTESIAN_POINT('',(21.277828,3.641509836727E-16,6.6));
#5121 = VECTOR('',#5122,1.);
#5122 = DIRECTION('',(0.,-1.,1.224606353822E-16));
#5123 = PLANE('',#5124);
#5124 = AXIS2_PLACEMENT_3D('',#5125,#5126,#5127);
#5125 = CARTESIAN_POINT('',(29.4258304,2.05543,6.6));
#5126 = DIRECTION('',(0.,1.224606353822E-16,1.));
#5127 = DIRECTION('',(0.,-1.,1.224606353822E-16));
#5128 = ADVANCED_FACE('',(#5129),#5161,.T.);
#5129 = FACE_BOUND('',#5130,.T.);
#5130 = EDGE_LOOP('',(#5131,#5141,#5147,#5155));
#5131 = ORIENTED_EDGE('',*,*,#5132,.T.);
#5132 = EDGE_CURVE('',#5133,#5135,#5137,.T.);
#5133 = VERTEX_POINT('',#5134);
#5134 = CARTESIAN_POINT('',(20.027828,-0.59457,6.45));
#5135 = VERTEX_POINT('',#5136);
#5136 = CARTESIAN_POINT('',(19.527828,-0.59457,6.45));
#5137 = LINE('',#5138,#5139);
#5138 = CARTESIAN_POINT('',(0.,-0.59457,6.45));
#5139 = VECTOR('',#5140,1.);
#5140 = DIRECTION('',(-1.,0.,0.));
#5141 = ORIENTED_EDGE('',*,*,#5142,.F.);
#5142 = EDGE_CURVE('',#4222,#5135,#5143,.T.);
#5143 = LINE('',#5144,#5145);
#5144 = CARTESIAN_POINT('',(19.527828,-0.59457,7.05));
#5145 = VECTOR('',#5146,1.);
#5146 = DIRECTION('',(0.,0.,-1.));
#5147 = ORIENTED_EDGE('',*,*,#5148,.T.);
#5148 = EDGE_CURVE('',#4222,#5149,#5151,.T.);
#5149 = VERTEX_POINT('',#5150);
#5150 = CARTESIAN_POINT('',(20.027828,-0.59457,9.200000000014));
#5151 = LINE('',#5152,#5153);
#5152 = CARTESIAN_POINT('',(19.92853557827,-0.59457,9.200000000014));
#5153 = VECTOR('',#5154,1.);
#5154 = DIRECTION('',(1.,-1.224606353822E-16,0.));
#5155 = ORIENTED_EDGE('',*,*,#5156,.T.);
#5156 = EDGE_CURVE('',#5149,#5133,#5157,.T.);
#5157 = LINE('',#5158,#5159);
#5158 = CARTESIAN_POINT('',(20.027828,-0.59457,7.434794375007));
#5159 = VECTOR('',#5160,1.);
#5160 = DIRECTION('',(0.,0.,-1.));
#5161 = PLANE('',#5162);
#5162 = AXIS2_PLACEMENT_3D('',#5163,#5164,#5165);
#5163 = CARTESIAN_POINT('',(19.527828,-0.59457,7.));
#5164 = DIRECTION('',(0.,1.,0.));
#5165 = DIRECTION('',(1.,0.,0.));
#5166 = ADVANCED_FACE('',(#5167),#5199,.F.);
#5167 = FACE_BOUND('',#5168,.T.);
#5168 = EDGE_LOOP('',(#5169,#5179,#5187,#5193));
#5169 = ORIENTED_EDGE('',*,*,#5170,.F.);
#5170 = EDGE_CURVE('',#5171,#5173,#5175,.T.);
#5171 = VERTEX_POINT('',#5172);
#5172 = CARTESIAN_POINT('',(19.527828,0.90543,6.45));
#5173 = VERTEX_POINT('',#5174);
#5174 = CARTESIAN_POINT('',(19.527828,1.40543,6.45));
#5175 = LINE('',#5176,#5177);
#5176 = CARTESIAN_POINT('',(19.527828,0.,6.45));
#5177 = VECTOR('',#5178,1.);
#5178 = DIRECTION('',(0.,1.,-2.449212707645E-16));
#5179 = ORIENTED_EDGE('',*,*,#5180,.T.);
#5180 = EDGE_CURVE('',#5171,#5181,#5183,.T.);
#5181 = VERTEX_POINT('',#5182);
#5182 = CARTESIAN_POINT('',(19.527828,0.90543,9.200000000014));
#5183 = LINE('',#5184,#5185);
#5184 = CARTESIAN_POINT('',(19.527828,0.90543,4.150000000014));
#5185 = VECTOR('',#5186,1.);
#5186 = DIRECTION('',(0.,0.,1.));
#5187 = ORIENTED_EDGE('',*,*,#5188,.F.);
#5188 = EDGE_CURVE('',#4199,#5181,#5189,.T.);
#5189 = LINE('',#5190,#5191);
#5190 = CARTESIAN_POINT('',(19.527828,1.808129797358,9.200000000014));
#5191 = VECTOR('',#5192,1.);
#5192 = DIRECTION('',(-1.224606353822E-16,-1.,0.));
#5193 = ORIENTED_EDGE('',*,*,#5194,.T.);
#5194 = EDGE_CURVE('',#4199,#5173,#5195,.T.);
#5195 = LINE('',#5196,#5197);
#5196 = CARTESIAN_POINT('',(19.527828,1.40543,7.05));
#5197 = VECTOR('',#5198,1.);
#5198 = DIRECTION('',(0.,0.,-1.));
#5199 = PLANE('',#5200);
#5200 = AXIS2_PLACEMENT_3D('',#5201,#5202,#5203);
#5201 = CARTESIAN_POINT('',(19.527828,-1.29457,7.65));
#5202 = DIRECTION('',(1.,0.,0.));
#5203 = DIRECTION('',(0.,0.,1.));
#5204 = ADVANCED_FACE('',(#5205),#5239,.F.);
#5205 = FACE_BOUND('',#5206,.T.);
#5206 = EDGE_LOOP('',(#5207,#5217,#5225,#5233));
#5207 = ORIENTED_EDGE('',*,*,#5208,.T.);
#5208 = EDGE_CURVE('',#5209,#5211,#5213,.T.);
#5209 = VERTEX_POINT('',#5210);
#5210 = CARTESIAN_POINT('',(12.477828,2.25543,1.95));
#5211 = VERTEX_POINT('',#5212);
#5212 = CARTESIAN_POINT('',(25.077828,2.25543,1.95));
#5213 = LINE('',#5214,#5215);
#5214 = CARTESIAN_POINT('',(22.,2.25543,1.95));
#5215 = VECTOR('',#5216,1.);
#5216 = DIRECTION('',(1.,0.,0.));
#5217 = ORIENTED_EDGE('',*,*,#5218,.F.);
#5218 = EDGE_CURVE('',#5219,#5211,#5221,.T.);
#5219 = VERTEX_POINT('',#5220);
#5220 = CARTESIAN_POINT('',(25.077828,2.25543,5.));
#5221 = LINE('',#5222,#5223);
#5222 = CARTESIAN_POINT('',(25.077828,2.25543,-2.762013908602E-16));
#5223 = VECTOR('',#5224,1.);
#5224 = DIRECTION('',(0.,-1.224606353822E-16,-1.));
#5225 = ORIENTED_EDGE('',*,*,#5226,.T.);
#5226 = EDGE_CURVE('',#5219,#5227,#5229,.T.);
#5227 = VERTEX_POINT('',#5228);
#5228 = CARTESIAN_POINT('',(12.477828,2.25543,5.));
#5229 = LINE('',#5230,#5231);
#5230 = CARTESIAN_POINT('',(16.,2.25543,5.));
#5231 = VECTOR('',#5232,1.);
#5232 = DIRECTION('',(-1.,0.,0.));
#5233 = ORIENTED_EDGE('',*,*,#5234,.T.);
#5234 = EDGE_CURVE('',#5227,#5209,#5235,.T.);
#5235 = LINE('',#5236,#5237);
#5236 = CARTESIAN_POINT('',(12.477828,2.25543,0.));
#5237 = VECTOR('',#5238,1.);
#5238 = DIRECTION('',(0.,0.,-1.));
#5239 = PLANE('',#5240);
#5240 = AXIS2_PLACEMENT_3D('',#5241,#5242,#5243);
#5241 = CARTESIAN_POINT('',(16.477828,2.25543,-9.860761315263E-32));
#5242 = DIRECTION('',(0.,1.,0.));
#5243 = DIRECTION('',(1.,0.,0.));
#5244 = ADVANCED_FACE('',(#5245),#5263,.T.);
#5245 = FACE_BOUND('',#5246,.T.);
#5246 = EDGE_LOOP('',(#5247,#5248,#5249,#5257));
#5247 = ORIENTED_EDGE('',*,*,#4150,.F.);
#5248 = ORIENTED_EDGE('',*,*,#4681,.F.);
#5249 = ORIENTED_EDGE('',*,*,#5250,.F.);
#5250 = EDGE_CURVE('',#5251,#4682,#5253,.T.);
#5251 = VERTEX_POINT('',#5252);
#5252 = CARTESIAN_POINT('',(17.277828,2.05543,6.45));
#5253 = LINE('',#5254,#5255);
#5254 = CARTESIAN_POINT('',(17.277828,3.457818883654E-16,6.45));
#5255 = VECTOR('',#5256,1.);
#5256 = DIRECTION('',(0.,-1.,1.224606353822E-16));
#5257 = ORIENTED_EDGE('',*,*,#5258,.T.);
#5258 = EDGE_CURVE('',#5251,#4153,#5259,.T.);
#5259 = LINE('',#5260,#5261);
#5260 = CARTESIAN_POINT('',(17.277828,2.05543,-2.517092637837E-16));
#5261 = VECTOR('',#5262,1.);
#5262 = DIRECTION('',(0.,1.224606353822E-16,1.));
#5263 = PLANE('',#5264);
#5264 = AXIS2_PLACEMENT_3D('',#5265,#5266,#5267);
#5265 = CARTESIAN_POINT('',(17.277828,0.65543,6.6));
#5266 = DIRECTION('',(1.,0.,0.));
#5267 = DIRECTION('',(0.,-1.,1.224606353822E-16));
#5268 = ADVANCED_FACE('',(#5269),#5301,.T.);
#5269 = FACE_BOUND('',#5270,.T.);
#5270 = EDGE_LOOP('',(#5271,#5281,#5289,#5295));
#5271 = ORIENTED_EDGE('',*,*,#5272,.T.);
#5272 = EDGE_CURVE('',#5273,#5275,#5277,.T.);
#5273 = VERTEX_POINT('',#5274);
#5274 = CARTESIAN_POINT('',(22.027828,-1.09457,5.));
#5275 = VERTEX_POINT('',#5276);
#5276 = CARTESIAN_POINT('',(21.527828,-1.09457,5.));
#5277 = LINE('',#5278,#5279);
#5278 = CARTESIAN_POINT('',(0.,-1.09457,5.));
#5279 = VECTOR('',#5280,1.);
#5280 = DIRECTION('',(-1.,0.,0.));
#5281 = ORIENTED_EDGE('',*,*,#5282,.F.);
#5282 = EDGE_CURVE('',#5283,#5275,#5285,.T.);
#5283 = VERTEX_POINT('',#5284);
#5284 = CARTESIAN_POINT('',(21.527828,-1.09457,2.4));
#5285 = LINE('',#5286,#5287);
#5286 = CARTESIAN_POINT('',(21.527828,-1.09457,4.150000000014));
#5287 = VECTOR('',#5288,1.);
#5288 = DIRECTION('',(0.,0.,1.));
#5289 = ORIENTED_EDGE('',*,*,#5290,.F.);
#5290 = EDGE_CURVE('',#4029,#5283,#5291,.T.);
#5291 = LINE('',#5292,#5293);
#5292 = CARTESIAN_POINT('',(21.92853557827,-1.09457,2.4));
#5293 = VECTOR('',#5294,1.);
#5294 = DIRECTION('',(-1.,0.,0.));
#5295 = ORIENTED_EDGE('',*,*,#5296,.T.);
#5296 = EDGE_CURVE('',#4029,#5273,#5297,.T.);
#5297 = LINE('',#5298,#5299);
#5298 = CARTESIAN_POINT('',(22.027828,-1.09457,5.));
#5299 = VECTOR('',#5300,1.);
#5300 = DIRECTION('',(0.,0.,1.));
#5301 = PLANE('',#5302);
#5302 = AXIS2_PLACEMENT_3D('',#5303,#5304,#5305);
#5303 = CARTESIAN_POINT('',(21.527828,-1.09457,7.));
#5304 = DIRECTION('',(0.,-1.,0.));
#5305 = DIRECTION('',(1.,0.,0.));
#5306 = ADVANCED_FACE('',(#5307),#5341,.T.);
#5307 = FACE_BOUND('',#5308,.T.);
#5308 = EDGE_LOOP('',(#5309,#5319,#5327,#5335));
#5309 = ORIENTED_EDGE('',*,*,#5310,.F.);
#5310 = EDGE_CURVE('',#5311,#5313,#5315,.T.);
#5311 = VERTEX_POINT('',#5312);
#5312 = CARTESIAN_POINT('',(18.277828,2.05543,6.6));
#5313 = VERTEX_POINT('',#5314);
#5314 = CARTESIAN_POINT('',(18.277828,0.65543,6.6));
#5315 = LINE('',#5316,#5317);
#5316 = CARTESIAN_POINT('',(18.277828,3.641509836727E-16,6.6));
#5317 = VECTOR('',#5318,1.);
#5318 = DIRECTION('',(0.,-1.,1.224606353822E-16));
#5319 = ORIENTED_EDGE('',*,*,#5320,.T.);
#5320 = EDGE_CURVE('',#5311,#5321,#5323,.T.);
#5321 = VERTEX_POINT('',#5322);
#5322 = CARTESIAN_POINT('',(18.277828,2.05543,6.45));
#5323 = LINE('',#5324,#5325);
#5324 = CARTESIAN_POINT('',(18.277828,2.05543,-2.517092637837E-16));
#5325 = VECTOR('',#5326,1.);
#5326 = DIRECTION('',(0.,-1.224606353822E-16,-1.));
#5327 = ORIENTED_EDGE('',*,*,#5328,.F.);
#5328 = EDGE_CURVE('',#5329,#5321,#5331,.T.);
#5329 = VERTEX_POINT('',#5330);
#5330 = CARTESIAN_POINT('',(18.277828,0.65543,6.45));
#5331 = LINE('',#5332,#5333);
#5332 = CARTESIAN_POINT('',(18.277828,3.457818883654E-16,6.45));
#5333 = VECTOR('',#5334,1.);
#5334 = DIRECTION('',(0.,1.,-1.224606353822E-16));
#5335 = ORIENTED_EDGE('',*,*,#5336,.F.);
#5336 = EDGE_CURVE('',#5313,#5329,#5337,.T.);
#5337 = LINE('',#5338,#5339);
#5338 = CARTESIAN_POINT('',(18.277828,0.65543,-8.026437424858E-17));
#5339 = VECTOR('',#5340,1.);
#5340 = DIRECTION('',(0.,0.,-1.));
#5341 = PLANE('',#5342);
#5342 = AXIS2_PLACEMENT_3D('',#5343,#5344,#5345);
#5343 = CARTESIAN_POINT('',(18.277828,2.05543,6.6));
#5344 = DIRECTION('',(-1.,0.,0.));
#5345 = DIRECTION('',(0.,1.,-1.224606353822E-16));
#5346 = ADVANCED_FACE('',(#5347),#5379,.T.);
#5347 = FACE_BOUND('',#5348,.T.);
#5348 = EDGE_LOOP('',(#5349,#5359,#5365,#5373));
#5349 = ORIENTED_EDGE('',*,*,#5350,.T.);
#5350 = EDGE_CURVE('',#5351,#5353,#5355,.T.);
#5351 = VERTEX_POINT('',#5352);
#5352 = CARTESIAN_POINT('',(17.927828,-0.69457,2.));
#5353 = VERTEX_POINT('',#5354);
#5354 = CARTESIAN_POINT('',(17.627828,-0.69457,2.));
#5355 = LINE('',#5356,#5357);
#5356 = CARTESIAN_POINT('',(17.92853557827,-0.69457,2.));
#5357 = VECTOR('',#5358,1.);
#5358 = DIRECTION('',(-1.,0.,0.));
#5359 = ORIENTED_EDGE('',*,*,#5360,.F.);
#5360 = EDGE_CURVE('',#3535,#5353,#5361,.T.);
#5361 = LINE('',#5362,#5363);
#5362 = CARTESIAN_POINT('',(16.877828,5.543E-02,5.));
#5363 = VECTOR('',#5364,1.);
#5364 = DIRECTION('',(0.235702260396,-0.235702260396,-0.942809041582));
#5365 = ORIENTED_EDGE('',*,*,#5366,.T.);
#5366 = EDGE_CURVE('',#3535,#5367,#5369,.T.);
#5367 = VERTEX_POINT('',#5368);
#5368 = CARTESIAN_POINT('',(18.027828,-0.59457,2.4));
#5369 = LINE('',#5370,#5371);
#5370 = CARTESIAN_POINT('',(17.92853557827,-0.59457,2.4));
#5371 = VECTOR('',#5372,1.);
#5372 = DIRECTION('',(1.,0.,0.));
#5373 = ORIENTED_EDGE('',*,*,#5374,.F.);
#5374 = EDGE_CURVE('',#5351,#5367,#5375,.T.);
#5375 = LINE('',#5376,#5377);
#5376 = CARTESIAN_POINT('',(18.677828,5.543E-02,5.));
#5377 = VECTOR('',#5378,1.);
#5378 = DIRECTION('',(0.235702260396,0.235702260396,0.942809041582));
#5379 = PLANE('',#5380);
#5380 = AXIS2_PLACEMENT_3D('',#5381,#5382,#5383);
#5381 = CARTESIAN_POINT('',(17.777828,-0.64457,2.2));
#5382 = DIRECTION('',(0.,0.970142500145,-0.242535625036));
#5383 = DIRECTION('',(0.,0.242535625036,0.970142500145));
#5384 = ADVANCED_FACE('',(#5385),#5401,.T.);
#5385 = FACE_BOUND('',#5386,.T.);
#5386 = EDGE_LOOP('',(#5387,#5393,#5394,#5400));
#5387 = ORIENTED_EDGE('',*,*,#5388,.T.);
#5388 = EDGE_CURVE('',#4991,#4713,#5389,.T.);
#5389 = LINE('',#5390,#5391);
#5390 = CARTESIAN_POINT('',(19.627828,-0.191870202642,2.));
#5391 = VECTOR('',#5392,1.);
#5392 = DIRECTION('',(0.,-1.,0.));
#5393 = ORIENTED_EDGE('',*,*,#4738,.F.);
#5394 = ORIENTED_EDGE('',*,*,#5395,.F.);
#5395 = EDGE_CURVE('',#4999,#4731,#5396,.T.);
#5396 = LINE('',#5397,#5398);
#5397 = CARTESIAN_POINT('',(19.527828,-0.191870202642,2.4));
#5398 = VECTOR('',#5399,1.);
#5399 = DIRECTION('',(0.,-1.,0.));
#5400 = ORIENTED_EDGE('',*,*,#4998,.T.);
#5401 = PLANE('',#5402);
#5402 = AXIS2_PLACEMENT_3D('',#5403,#5404,#5405);
#5403 = CARTESIAN_POINT('',(19.577828,-0.89457,2.2));
#5404 = DIRECTION('',(-0.970142500145,0.,-0.242535625036));
#5405 = DIRECTION('',(-0.242535625036,0.,0.970142500145));
#5406 = ADVANCED_FACE('',(#5407),#5418,.F.);
#5407 = FACE_BOUND('',#5408,.T.);
#5408 = EDGE_LOOP('',(#5409,#5410,#5411,#5412));
#5409 = ORIENTED_EDGE('',*,*,#3652,.T.);
#5410 = ORIENTED_EDGE('',*,*,#4450,.T.);
#5411 = ORIENTED_EDGE('',*,*,#4582,.T.);
#5412 = ORIENTED_EDGE('',*,*,#5413,.F.);
#5413 = EDGE_CURVE('',#3653,#4575,#5414,.T.);
#5414 = LINE('',#5415,#5416);
#5415 = CARTESIAN_POINT('',(17.527828,0.,5.));
#5416 = VECTOR('',#5417,1.);
#5417 = DIRECTION('',(0.,-1.,1.224606353822E-16));
#5418 = PLANE('',#5419);
#5419 = AXIS2_PLACEMENT_3D('',#5420,#5421,#5422);
#5420 = CARTESIAN_POINT('',(17.527828,-1.29457,7.65));
#5421 = DIRECTION('',(1.,0.,0.));
#5422 = DIRECTION('',(0.,0.,1.));
#5423 = ADVANCED_FACE('',(#5424),#5440,.F.);
#5424 = FACE_BOUND('',#5425,.T.);
#5425 = EDGE_LOOP('',(#5426,#5432,#5433,#5439));
#5426 = ORIENTED_EDGE('',*,*,#5427,.T.);
#5427 = EDGE_CURVE('',#5329,#4113,#5428,.T.);
#5428 = LINE('',#5429,#5430);
#5429 = CARTESIAN_POINT('',(15.555656,0.65543,6.45));
#5430 = VECTOR('',#5431,1.);
#5431 = DIRECTION('',(1.,0.,0.));
#5432 = ORIENTED_EDGE('',*,*,#4110,.F.);
#5433 = ORIENTED_EDGE('',*,*,#5434,.T.);
#5434 = EDGE_CURVE('',#4111,#5313,#5435,.T.);
#5435 = LINE('',#5436,#5437);
#5436 = CARTESIAN_POINT('',(15.555656,0.65543,6.6));
#5437 = VECTOR('',#5438,1.);
#5438 = DIRECTION('',(-1.,0.,0.));
#5439 = ORIENTED_EDGE('',*,*,#5336,.T.);
#5440 = PLANE('',#5441);
#5441 = AXIS2_PLACEMENT_3D('',#5442,#5443,#5444);
#5442 = CARTESIAN_POINT('',(16.777828,0.65543,6.6));
#5443 = DIRECTION('',(0.,1.,0.));
#5444 = DIRECTION('',(0.,0.,-1.));
#5445 = ADVANCED_FACE('',(#5446),#5471,.T.);
#5446 = FACE_BOUND('',#5447,.T.);
#5447 = EDGE_LOOP('',(#5448,#5456,#5464,#5470));
#5448 = ORIENTED_EDGE('',*,*,#5449,.F.);
#5449 = EDGE_CURVE('',#5450,#4551,#5452,.T.);
#5450 = VERTEX_POINT('',#5451);
#5451 = CARTESIAN_POINT('',(23.527828,-0.59457,5.));
#5452 = LINE('',#5453,#5454);
#5453 = CARTESIAN_POINT('',(23.527828,-0.59457,7.05));
#5454 = VECTOR('',#5455,1.);
#5455 = DIRECTION('',(0.,0.,-1.));
#5456 = ORIENTED_EDGE('',*,*,#5457,.T.);
#5457 = EDGE_CURVE('',#5450,#5458,#5460,.T.);
#5458 = VERTEX_POINT('',#5459);
#5459 = CARTESIAN_POINT('',(24.027828,-0.59457,5.));
#5460 = LINE('',#5461,#5462);
#5461 = CARTESIAN_POINT('',(0.,-0.59457,5.));
#5462 = VECTOR('',#5463,1.);
#5463 = DIRECTION('',(1.,0.,0.));
#5464 = ORIENTED_EDGE('',*,*,#5465,.T.);
#5465 = EDGE_CURVE('',#5458,#4660,#5466,.T.);
#5466 = LINE('',#5467,#5468);
#5467 = CARTESIAN_POINT('',(24.027828,-0.59457,7.434794375007));
#5468 = VECTOR('',#5469,1.);
#5469 = DIRECTION('',(0.,0.,-1.));
#5470 = ORIENTED_EDGE('',*,*,#4659,.F.);
#5471 = PLANE('',#5472);
#5472 = AXIS2_PLACEMENT_3D('',#5473,#5474,#5475);
#5473 = CARTESIAN_POINT('',(23.527828,-0.59457,7.));
#5474 = DIRECTION('',(0.,1.,0.));
#5475 = DIRECTION('',(1.,0.,0.));
#5476 = ADVANCED_FACE('',(#5477),#5511,.F.);
#5477 = FACE_BOUND('',#5478,.T.);
#5478 = EDGE_LOOP('',(#5479,#5489,#5497,#5505));
#5479 = ORIENTED_EDGE('',*,*,#5480,.T.);
#5480 = EDGE_CURVE('',#5481,#5483,#5485,.T.);
#5481 = VERTEX_POINT('',#5482);
#5482 = CARTESIAN_POINT('',(15.927828,-0.99457,9.600000000014));
#5483 = VERTEX_POINT('',#5484);
#5484 = CARTESIAN_POINT('',(15.927828,-0.69457,9.600000000014));
#5485 = LINE('',#5486,#5487);
#5486 = CARTESIAN_POINT('',(15.927828,-0.191870202642,9.600000000014));
#5487 = VECTOR('',#5488,1.);
#5488 = DIRECTION('',(1.224606353822E-16,1.,0.));
#5489 = ORIENTED_EDGE('',*,*,#5490,.T.);
#5490 = EDGE_CURVE('',#5483,#5491,#5493,.T.);
#5491 = VERTEX_POINT('',#5492);
#5492 = CARTESIAN_POINT('',(15.627828,-0.69457,9.600000000014));
#5493 = LINE('',#5494,#5495);
#5494 = CARTESIAN_POINT('',(15.92853557827,-0.69457,9.600000000014));
#5495 = VECTOR('',#5496,1.);
#5496 = DIRECTION('',(-1.,1.224606353822E-16,0.));
#5497 = ORIENTED_EDGE('',*,*,#5498,.T.);
#5498 = EDGE_CURVE('',#5491,#5499,#5501,.T.);
#5499 = VERTEX_POINT('',#5500);
#5500 = CARTESIAN_POINT('',(15.627828,-0.99457,9.600000000014));
#5501 = LINE('',#5502,#5503);
#5502 = CARTESIAN_POINT('',(15.627828,-0.191870202642,9.600000000014));
#5503 = VECTOR('',#5504,1.);
#5504 = DIRECTION('',(-1.224606353822E-16,-1.,0.));
#5505 = ORIENTED_EDGE('',*,*,#5506,.T.);
#5506 = EDGE_CURVE('',#5499,#5481,#5507,.T.);
#5507 = LINE('',#5508,#5509);
#5508 = CARTESIAN_POINT('',(15.92853557827,-0.99457,9.600000000014));
#5509 = VECTOR('',#5510,1.);
#5510 = DIRECTION('',(1.,-1.224606353822E-16,0.));
#5511 = PLANE('',#5512);
#5512 = AXIS2_PLACEMENT_3D('',#5513,#5514,#5515);
#5513 = CARTESIAN_POINT('',(15.92853557827,-0.191870202642,
    9.600000000014));
#5514 = DIRECTION('',(0.,0.,-1.));
#5515 = DIRECTION('',(-1.,1.224606353822E-16,0.));
#5516 = ADVANCED_FACE('',(#5517),#5535,.T.);
#5517 = FACE_BOUND('',#5518,.T.);
#5518 = EDGE_LOOP('',(#5519,#5527,#5528,#5529));
#5519 = ORIENTED_EDGE('',*,*,#5520,.T.);
#5520 = EDGE_CURVE('',#5521,#4011,#5523,.T.);
#5521 = VERTEX_POINT('',#5522);
#5522 = CARTESIAN_POINT('',(21.627828,-0.99457,2.));
#5523 = LINE('',#5524,#5525);
#5524 = CARTESIAN_POINT('',(21.92853557827,-0.99457,2.));
#5525 = VECTOR('',#5526,1.);
#5526 = DIRECTION('',(1.,0.,0.));
#5527 = ORIENTED_EDGE('',*,*,#4036,.T.);
#5528 = ORIENTED_EDGE('',*,*,#5290,.T.);
#5529 = ORIENTED_EDGE('',*,*,#5530,.T.);
#5530 = EDGE_CURVE('',#5283,#5521,#5531,.T.);
#5531 = LINE('',#5532,#5533);
#5532 = CARTESIAN_POINT('',(20.877828,-1.74457,5.));
#5533 = VECTOR('',#5534,1.);
#5534 = DIRECTION('',(0.235702260396,0.235702260396,-0.942809041582));
#5535 = PLANE('',#5536);
#5536 = AXIS2_PLACEMENT_3D('',#5537,#5538,#5539);
#5537 = CARTESIAN_POINT('',(21.777828,-1.04457,2.2));
#5538 = DIRECTION('',(0.,-0.970142500145,-0.242535625036));
#5539 = DIRECTION('',(0.,-0.242535625036,0.970142500145));
#5540 = ADVANCED_FACE('',(#5541),#5566,.T.);
#5541 = FACE_BOUND('',#5542,.T.);
#5542 = EDGE_LOOP('',(#5543,#5551,#5559,#5565));
#5543 = ORIENTED_EDGE('',*,*,#5544,.F.);
#5544 = EDGE_CURVE('',#5545,#3971,#5547,.T.);
#5545 = VERTEX_POINT('',#5546);
#5546 = CARTESIAN_POINT('',(15.527828,0.90543,6.45));
#5547 = LINE('',#5548,#5549);
#5548 = CARTESIAN_POINT('',(15.527828,0.90543,4.150000000014));
#5549 = VECTOR('',#5550,1.);
#5550 = DIRECTION('',(0.,0.,1.));
#5551 = ORIENTED_EDGE('',*,*,#5552,.T.);
#5552 = EDGE_CURVE('',#5545,#5553,#5555,.T.);
#5553 = VERTEX_POINT('',#5554);
#5554 = CARTESIAN_POINT('',(16.027828,0.90543,6.45));
#5555 = LINE('',#5556,#5557);
#5556 = CARTESIAN_POINT('',(0.,0.90543,6.45));
#5557 = VECTOR('',#5558,1.);
#5558 = DIRECTION('',(1.,0.,0.));
#5559 = ORIENTED_EDGE('',*,*,#5560,.T.);
#5560 = EDGE_CURVE('',#5553,#3981,#5561,.T.);
#5561 = LINE('',#5562,#5563);
#5562 = CARTESIAN_POINT('',(16.027828,0.90543,5.));
#5563 = VECTOR('',#5564,1.);
#5564 = DIRECTION('',(0.,0.,1.));
#5565 = ORIENTED_EDGE('',*,*,#3980,.T.);
#5566 = PLANE('',#5567);
#5567 = AXIS2_PLACEMENT_3D('',#5568,#5569,#5570);
#5568 = CARTESIAN_POINT('',(15.527828,0.90543,7.));
#5569 = DIRECTION('',(0.,-1.,0.));
#5570 = DIRECTION('',(1.,0.,0.));
#5571 = ADVANCED_FACE('',(#5572),#5590,.T.);
#5572 = FACE_BOUND('',#5573,.T.);
#5573 = EDGE_LOOP('',(#5574,#5582,#5583,#5584));
#5574 = ORIENTED_EDGE('',*,*,#5575,.T.);
#5575 = EDGE_CURVE('',#5576,#5273,#5578,.T.);
#5576 = VERTEX_POINT('',#5577);
#5577 = CARTESIAN_POINT('',(22.027828,-0.59457,5.));
#5578 = LINE('',#5579,#5580);
#5579 = CARTESIAN_POINT('',(22.027828,0.,5.));
#5580 = VECTOR('',#5581,1.);
#5581 = DIRECTION('',(0.,-1.,1.224606353822E-16));
#5582 = ORIENTED_EDGE('',*,*,#5296,.F.);
#5583 = ORIENTED_EDGE('',*,*,#4028,.F.);
#5584 = ORIENTED_EDGE('',*,*,#5585,.F.);
#5585 = EDGE_CURVE('',#5576,#4021,#5586,.T.);
#5586 = LINE('',#5587,#5588);
#5587 = CARTESIAN_POINT('',(22.027828,-0.59457,7.434794375007));
#5588 = VECTOR('',#5589,1.);
#5589 = DIRECTION('',(0.,0.,-1.));
#5590 = PLANE('',#5591);
#5591 = AXIS2_PLACEMENT_3D('',#5592,#5593,#5594);
#5592 = CARTESIAN_POINT('',(22.027828,-1.09457,7.05));
#5593 = DIRECTION('',(1.,0.,0.));
#5594 = DIRECTION('',(-0.,1.,0.));
#5595 = ADVANCED_FACE('',(#5596),#5630,.T.);
#5596 = FACE_BOUND('',#5597,.T.);
#5597 = EDGE_LOOP('',(#5598,#5608,#5616,#5624));
#5598 = ORIENTED_EDGE('',*,*,#5599,.T.);
#5599 = EDGE_CURVE('',#5600,#5602,#5604,.T.);
#5600 = VERTEX_POINT('',#5601);
#5601 = CARTESIAN_POINT('',(24.027828,1.40543,5.));
#5602 = VERTEX_POINT('',#5603);
#5603 = CARTESIAN_POINT('',(24.027828,0.90543,5.));
#5604 = LINE('',#5605,#5606);
#5605 = CARTESIAN_POINT('',(24.027828,0.,5.));
#5606 = VECTOR('',#5607,1.);
#5607 = DIRECTION('',(0.,-1.,1.224606353822E-16));
#5608 = ORIENTED_EDGE('',*,*,#5609,.F.);
#5609 = EDGE_CURVE('',#5610,#5602,#5612,.T.);
#5610 = VERTEX_POINT('',#5611);
#5611 = CARTESIAN_POINT('',(24.027828,0.90543,2.4));
#5612 = LINE('',#5613,#5614);
#5613 = CARTESIAN_POINT('',(24.027828,0.90543,5.));
#5614 = VECTOR('',#5615,1.);
#5615 = DIRECTION('',(0.,0.,1.));
#5616 = ORIENTED_EDGE('',*,*,#5617,.F.);
#5617 = EDGE_CURVE('',#5618,#5610,#5620,.T.);
#5618 = VERTEX_POINT('',#5619);
#5619 = CARTESIAN_POINT('',(24.027828,1.40543,2.4));
#5620 = LINE('',#5621,#5622);
#5621 = CARTESIAN_POINT('',(24.027828,1.808129797358,2.4));
#5622 = VECTOR('',#5623,1.);
#5623 = DIRECTION('',(0.,-1.,0.));
#5624 = ORIENTED_EDGE('',*,*,#5625,.F.);
#5625 = EDGE_CURVE('',#5600,#5618,#5626,.T.);
#5626 = LINE('',#5627,#5628);
#5627 = CARTESIAN_POINT('',(24.027828,1.40543,7.434794375007));
#5628 = VECTOR('',#5629,1.);
#5629 = DIRECTION('',(0.,0.,-1.));
#5630 = PLANE('',#5631);
#5631 = AXIS2_PLACEMENT_3D('',#5632,#5633,#5634);
#5632 = CARTESIAN_POINT('',(24.027828,0.90543,7.05));
#5633 = DIRECTION('',(1.,0.,0.));
#5634 = DIRECTION('',(-0.,1.,0.));
#5635 = ADVANCED_FACE('',(#5636),#5670,.T.);
#5636 = FACE_BOUND('',#5637,.T.);
#5637 = EDGE_LOOP('',(#5638,#5648,#5656,#5664));
#5638 = ORIENTED_EDGE('',*,*,#5639,.F.);
#5639 = EDGE_CURVE('',#5640,#5642,#5644,.T.);
#5640 = VERTEX_POINT('',#5641);
#5641 = CARTESIAN_POINT('',(13.527828,-1.09457,6.45));
#5642 = VERTEX_POINT('',#5643);
#5643 = CARTESIAN_POINT('',(13.527828,-1.09457,9.200000000014));
#5644 = LINE('',#5645,#5646);
#5645 = CARTESIAN_POINT('',(13.527828,-1.09457,4.150000000014));
#5646 = VECTOR('',#5647,1.);
#5647 = DIRECTION('',(0.,0.,1.));
#5648 = ORIENTED_EDGE('',*,*,#5649,.T.);
#5649 = EDGE_CURVE('',#5640,#5650,#5652,.T.);
#5650 = VERTEX_POINT('',#5651);
#5651 = CARTESIAN_POINT('',(14.027828,-1.09457,6.45));
#5652 = LINE('',#5653,#5654);
#5653 = CARTESIAN_POINT('',(22.,-1.09457,6.45));
#5654 = VECTOR('',#5655,1.);
#5655 = DIRECTION('',(1.,0.,0.));
#5656 = ORIENTED_EDGE('',*,*,#5657,.T.);
#5657 = EDGE_CURVE('',#5650,#5658,#5660,.T.);
#5658 = VERTEX_POINT('',#5659);
#5659 = CARTESIAN_POINT('',(14.027828,-1.09457,9.200000000014));
#5660 = LINE('',#5661,#5662);
#5661 = CARTESIAN_POINT('',(14.027828,-1.09457,5.));
#5662 = VECTOR('',#5663,1.);
#5663 = DIRECTION('',(0.,0.,1.));
#5664 = ORIENTED_EDGE('',*,*,#5665,.T.);
#5665 = EDGE_CURVE('',#5658,#5642,#5666,.T.);
#5666 = LINE('',#5667,#5668);
#5667 = CARTESIAN_POINT('',(13.92853557827,-1.09457,9.200000000014));
#5668 = VECTOR('',#5669,1.);
#5669 = DIRECTION('',(-1.,1.224606353822E-16,0.));
#5670 = PLANE('',#5671);
#5671 = AXIS2_PLACEMENT_3D('',#5672,#5673,#5674);
#5672 = CARTESIAN_POINT('',(13.527828,-1.09457,7.));
#5673 = DIRECTION('',(0.,-1.,0.));
#5674 = DIRECTION('',(1.,0.,0.));
#5675 = ADVANCED_FACE('',(#5676),#5710,.F.);
#5676 = FACE_BOUND('',#5677,.T.);
#5677 = EDGE_LOOP('',(#5678,#5688,#5696,#5704));
#5678 = ORIENTED_EDGE('',*,*,#5679,.T.);
#5679 = EDGE_CURVE('',#5680,#5682,#5684,.T.);
#5680 = VERTEX_POINT('',#5681);
#5681 = CARTESIAN_POINT('',(21.927828,1.30543,9.600000000014));
#5682 = VERTEX_POINT('',#5683);
#5683 = CARTESIAN_POINT('',(22.027828,1.40543,9.200000000014));
#5684 = LINE('',#5685,#5686);
#5685 = CARTESIAN_POINT('',(22.677828,2.05543,6.600000000014));
#5686 = VECTOR('',#5687,1.);
#5687 = DIRECTION('',(0.235702260396,0.235702260396,-0.942809041582));
#5688 = ORIENTED_EDGE('',*,*,#5689,.F.);
#5689 = EDGE_CURVE('',#5690,#5682,#5692,.T.);
#5690 = VERTEX_POINT('',#5691);
#5691 = CARTESIAN_POINT('',(21.527828,1.40543,9.200000000014));
#5692 = LINE('',#5693,#5694);
#5693 = CARTESIAN_POINT('',(21.92853557827,1.40543,9.200000000014));
#5694 = VECTOR('',#5695,1.);
#5695 = DIRECTION('',(1.,-1.224606353822E-16,0.));
#5696 = ORIENTED_EDGE('',*,*,#5697,.T.);
#5697 = EDGE_CURVE('',#5690,#5698,#5700,.T.);
#5698 = VERTEX_POINT('',#5699);
#5699 = CARTESIAN_POINT('',(21.627828,1.30543,9.600000000014));
#5700 = LINE('',#5701,#5702);
#5701 = CARTESIAN_POINT('',(20.877828,2.05543,6.600000000014));
#5702 = VECTOR('',#5703,1.);
#5703 = DIRECTION('',(0.235702260396,-0.235702260396,0.942809041582));
#5704 = ORIENTED_EDGE('',*,*,#5705,.F.);
#5705 = EDGE_CURVE('',#5680,#5698,#5706,.T.);
#5706 = LINE('',#5707,#5708);
#5707 = CARTESIAN_POINT('',(21.92853557827,1.30543,9.600000000014));
#5708 = VECTOR('',#5709,1.);
#5709 = DIRECTION('',(-1.,1.224606353822E-16,0.));
#5710 = PLANE('',#5711);
#5711 = AXIS2_PLACEMENT_3D('',#5712,#5713,#5714);
#5712 = CARTESIAN_POINT('',(21.777828,1.35543,9.400000000014));
#5713 = DIRECTION('',(-1.188042669791E-16,-0.970142500145,
    -0.242535625036));
#5714 = DIRECTION('',(2.970106674478E-17,0.242535625036,-0.970142500145)
  );
#5715 = ADVANCED_FACE('',(#5716),#5750,.T.);
#5716 = FACE_BOUND('',#5717,.T.);
#5717 = EDGE_LOOP('',(#5718,#5728,#5736,#5744));
#5718 = ORIENTED_EDGE('',*,*,#5719,.F.);
#5719 = EDGE_CURVE('',#5720,#5722,#5724,.T.);
#5720 = VERTEX_POINT('',#5721);
#5721 = CARTESIAN_POINT('',(23.627828,1.00543,2.));
#5722 = VERTEX_POINT('',#5723);
#5723 = CARTESIAN_POINT('',(23.927828,1.00543,2.));
#5724 = LINE('',#5725,#5726);
#5725 = CARTESIAN_POINT('',(23.92853557827,1.00543,2.));
#5726 = VECTOR('',#5727,1.);
#5727 = DIRECTION('',(1.,0.,0.));
#5728 = ORIENTED_EDGE('',*,*,#5729,.F.);
#5729 = EDGE_CURVE('',#5730,#5720,#5732,.T.);
#5730 = VERTEX_POINT('',#5731);
#5731 = CARTESIAN_POINT('',(23.627828,1.30543,2.));
#5732 = LINE('',#5733,#5734);
#5733 = CARTESIAN_POINT('',(23.627828,1.808129797358,2.));
#5734 = VECTOR('',#5735,1.);
#5735 = DIRECTION('',(0.,-1.,0.));
#5736 = ORIENTED_EDGE('',*,*,#5737,.F.);
#5737 = EDGE_CURVE('',#5738,#5730,#5740,.T.);
#5738 = VERTEX_POINT('',#5739);
#5739 = CARTESIAN_POINT('',(23.927828,1.30543,2.));
#5740 = LINE('',#5741,#5742);
#5741 = CARTESIAN_POINT('',(23.92853557827,1.30543,2.));
#5742 = VECTOR('',#5743,1.);
#5743 = DIRECTION('',(-1.,0.,0.));
#5744 = ORIENTED_EDGE('',*,*,#5745,.F.);
#5745 = EDGE_CURVE('',#5722,#5738,#5746,.T.);
#5746 = LINE('',#5747,#5748);
#5747 = CARTESIAN_POINT('',(23.927828,1.808129797358,2.));
#5748 = VECTOR('',#5749,1.);
#5749 = DIRECTION('',(0.,1.,0.));
#5750 = PLANE('',#5751);
#5751 = AXIS2_PLACEMENT_3D('',#5752,#5753,#5754);
#5752 = CARTESIAN_POINT('',(23.92853557827,1.808129797358,2.));
#5753 = DIRECTION('',(0.,0.,-1.));
#5754 = DIRECTION('',(-1.,0.,0.));
#5755 = ADVANCED_FACE('',(#5756),#5772,.T.);
#5756 = FACE_BOUND('',#5757,.T.);
#5757 = EDGE_LOOP('',(#5758,#5764,#5765,#5771));
#5758 = ORIENTED_EDGE('',*,*,#5759,.T.);
#5759 = EDGE_CURVE('',#3495,#4949,#5760,.T.);
#5760 = LINE('',#5761,#5762);
#5761 = CARTESIAN_POINT('',(15.627828,-0.191870202642,2.));
#5762 = VECTOR('',#5763,1.);
#5763 = DIRECTION('',(0.,-1.,0.));
#5764 = ORIENTED_EDGE('',*,*,#4974,.F.);
#5765 = ORIENTED_EDGE('',*,*,#5766,.F.);
#5766 = EDGE_CURVE('',#3503,#4967,#5767,.T.);
#5767 = LINE('',#5768,#5769);
#5768 = CARTESIAN_POINT('',(15.527828,-0.191870202642,2.4));
#5769 = VECTOR('',#5770,1.);
#5770 = DIRECTION('',(0.,-1.,0.));
#5771 = ORIENTED_EDGE('',*,*,#3502,.T.);
#5772 = PLANE('',#5773);
#5773 = AXIS2_PLACEMENT_3D('',#5774,#5775,#5776);
#5774 = CARTESIAN_POINT('',(15.577828,-0.89457,2.2));
#5775 = DIRECTION('',(-0.970142500145,0.,-0.242535625036));
#5776 = DIRECTION('',(-0.242535625036,0.,0.970142500145));
#5777 = ADVANCED_FACE('',(#5778),#5808,.T.);
#5778 = FACE_BOUND('',#5779,.T.);
#5779 = EDGE_LOOP('',(#5780,#5790,#5796,#5802));
#5780 = ORIENTED_EDGE('',*,*,#5781,.T.);
#5781 = EDGE_CURVE('',#5782,#5784,#5786,.T.);
#5782 = VERTEX_POINT('',#5783);
#5783 = CARTESIAN_POINT('',(20.027828,-0.59457,5.));
#5784 = VERTEX_POINT('',#5785);
#5785 = CARTESIAN_POINT('',(20.027828,-1.09457,5.));
#5786 = LINE('',#5787,#5788);
#5787 = CARTESIAN_POINT('',(20.027828,0.,5.));
#5788 = VECTOR('',#5789,1.);
#5789 = DIRECTION('',(0.,-1.,1.224606353822E-16));
#5790 = ORIENTED_EDGE('',*,*,#5791,.F.);
#5791 = EDGE_CURVE('',#4723,#5784,#5792,.T.);
#5792 = LINE('',#5793,#5794);
#5793 = CARTESIAN_POINT('',(20.027828,-1.09457,5.));
#5794 = VECTOR('',#5795,1.);
#5795 = DIRECTION('',(0.,0.,1.));
#5796 = ORIENTED_EDGE('',*,*,#5797,.F.);
#5797 = EDGE_CURVE('',#5007,#4723,#5798,.T.);
#5798 = LINE('',#5799,#5800);
#5799 = CARTESIAN_POINT('',(20.027828,-0.191870202642,2.4));
#5800 = VECTOR('',#5801,1.);
#5801 = DIRECTION('',(0.,-1.,0.));
#5802 = ORIENTED_EDGE('',*,*,#5803,.F.);
#5803 = EDGE_CURVE('',#5782,#5007,#5804,.T.);
#5804 = LINE('',#5805,#5806);
#5805 = CARTESIAN_POINT('',(20.027828,-0.59457,7.434794375007));
#5806 = VECTOR('',#5807,1.);
#5807 = DIRECTION('',(0.,0.,-1.));
#5808 = PLANE('',#5809);
#5809 = AXIS2_PLACEMENT_3D('',#5810,#5811,#5812);
#5810 = CARTESIAN_POINT('',(20.027828,-1.09457,7.05));
#5811 = DIRECTION('',(1.,0.,0.));
#5812 = DIRECTION('',(-0.,1.,0.));
#5813 = ADVANCED_FACE('',(#5814),#5839,.F.);
#5814 = FACE_BOUND('',#5815,.T.);
#5815 = EDGE_LOOP('',(#5816,#5826,#5832,#5833));
#5816 = ORIENTED_EDGE('',*,*,#5817,.T.);
#5817 = EDGE_CURVE('',#5818,#5820,#5822,.T.);
#5818 = VERTEX_POINT('',#5819);
#5819 = CARTESIAN_POINT('',(21.927828,1.00543,9.600000000014));
#5820 = VERTEX_POINT('',#5821);
#5821 = CARTESIAN_POINT('',(22.027828,0.90543,9.200000000014));
#5822 = LINE('',#5823,#5824);
#5823 = CARTESIAN_POINT('',(22.677828,0.25543,6.600000000014));
#5824 = VECTOR('',#5825,1.);
#5825 = DIRECTION('',(0.235702260396,-0.235702260396,-0.942809041582));
#5826 = ORIENTED_EDGE('',*,*,#5827,.F.);
#5827 = EDGE_CURVE('',#5682,#5820,#5828,.T.);
#5828 = LINE('',#5829,#5830);
#5829 = CARTESIAN_POINT('',(22.027828,1.808129797358,9.200000000014));
#5830 = VECTOR('',#5831,1.);
#5831 = DIRECTION('',(-1.224606353822E-16,-1.,0.));
#5832 = ORIENTED_EDGE('',*,*,#5679,.F.);
#5833 = ORIENTED_EDGE('',*,*,#5834,.F.);
#5834 = EDGE_CURVE('',#5818,#5680,#5835,.T.);
#5835 = LINE('',#5836,#5837);
#5836 = CARTESIAN_POINT('',(21.927828,1.808129797358,9.600000000014));
#5837 = VECTOR('',#5838,1.);
#5838 = DIRECTION('',(1.224606353822E-16,1.,0.));
#5839 = PLANE('',#5840);
#5840 = AXIS2_PLACEMENT_3D('',#5841,#5842,#5843);
#5841 = CARTESIAN_POINT('',(21.977828,1.10543,9.400000000014));
#5842 = DIRECTION('',(-0.970142500145,1.188042669791E-16,-0.242535625036
    ));
#5843 = DIRECTION('',(0.242535625036,-2.970106674478E-17,-0.970142500145
    ));
#5844 = ADVANCED_FACE('',(#5845),#5870,.T.);
#5845 = FACE_BOUND('',#5846,.T.);
#5846 = EDGE_LOOP('',(#5847,#5857,#5863,#5864));
#5847 = ORIENTED_EDGE('',*,*,#5848,.F.);
#5848 = EDGE_CURVE('',#5849,#5851,#5853,.T.);
#5849 = VERTEX_POINT('',#5850);
#5850 = CARTESIAN_POINT('',(23.527828,1.40543,5.));
#5851 = VERTEX_POINT('',#5852);
#5852 = CARTESIAN_POINT('',(23.527828,1.40543,2.4));
#5853 = LINE('',#5854,#5855);
#5854 = CARTESIAN_POINT('',(23.527828,1.40543,7.05));
#5855 = VECTOR('',#5856,1.);
#5856 = DIRECTION('',(0.,0.,-1.));
#5857 = ORIENTED_EDGE('',*,*,#5858,.T.);
#5858 = EDGE_CURVE('',#5849,#5600,#5859,.T.);
#5859 = LINE('',#5860,#5861);
#5860 = CARTESIAN_POINT('',(0.,1.40543,5.));
#5861 = VECTOR('',#5862,1.);
#5862 = DIRECTION('',(1.,0.,0.));
#5863 = ORIENTED_EDGE('',*,*,#5625,.T.);
#5864 = ORIENTED_EDGE('',*,*,#5865,.F.);
#5865 = EDGE_CURVE('',#5851,#5618,#5866,.T.);
#5866 = LINE('',#5867,#5868);
#5867 = CARTESIAN_POINT('',(23.92853557827,1.40543,2.4));
#5868 = VECTOR('',#5869,1.);
#5869 = DIRECTION('',(1.,0.,0.));
#5870 = PLANE('',#5871);
#5871 = AXIS2_PLACEMENT_3D('',#5872,#5873,#5874);
#5872 = CARTESIAN_POINT('',(23.527828,1.40543,7.));
#5873 = DIRECTION('',(0.,1.,0.));
#5874 = DIRECTION('',(1.,0.,0.));
#5875 = ADVANCED_FACE('',(#5876),#5901,.F.);
#5876 = FACE_BOUND('',#5877,.T.);
#5877 = EDGE_LOOP('',(#5878,#5879,#5887,#5895));
#5878 = ORIENTED_EDGE('',*,*,#4926,.F.);
#5879 = ORIENTED_EDGE('',*,*,#5880,.T.);
#5880 = EDGE_CURVE('',#4919,#5881,#5883,.T.);
#5881 = VERTEX_POINT('',#5882);
#5882 = CARTESIAN_POINT('',(17.527828,-1.09457,9.200000000014));
#5883 = LINE('',#5884,#5885);
#5884 = CARTESIAN_POINT('',(17.527828,-0.191870202642,9.200000000014));
#5885 = VECTOR('',#5886,1.);
#5886 = DIRECTION('',(-1.224606353822E-16,-1.,0.));
#5887 = ORIENTED_EDGE('',*,*,#5888,.T.);
#5888 = EDGE_CURVE('',#5881,#5889,#5891,.T.);
#5889 = VERTEX_POINT('',#5890);
#5890 = CARTESIAN_POINT('',(17.627828,-0.99457,9.600000000014));
#5891 = LINE('',#5892,#5893);
#5892 = CARTESIAN_POINT('',(16.877828,-1.74457,6.600000000014));
#5893 = VECTOR('',#5894,1.);
#5894 = DIRECTION('',(0.235702260396,0.235702260396,0.942809041582));
#5895 = ORIENTED_EDGE('',*,*,#5896,.F.);
#5896 = EDGE_CURVE('',#4927,#5889,#5897,.T.);
#5897 = LINE('',#5898,#5899);
#5898 = CARTESIAN_POINT('',(17.627828,-0.191870202642,9.600000000014));
#5899 = VECTOR('',#5900,1.);
#5900 = DIRECTION('',(-1.224606353822E-16,-1.,0.));
#5901 = PLANE('',#5902);
#5902 = AXIS2_PLACEMENT_3D('',#5903,#5904,#5905);
#5903 = CARTESIAN_POINT('',(17.577828,-0.89457,9.400000000014));
#5904 = DIRECTION('',(0.970142500145,-1.188042669791E-16,-0.242535625036
    ));
#5905 = DIRECTION('',(-0.242535625036,2.970106674478E-17,-0.970142500145
    ));
#5906 = ADVANCED_FACE('',(#5907),#5932,.T.);
#5907 = FACE_BOUND('',#5908,.T.);
#5908 = EDGE_LOOP('',(#5909,#5917,#5918,#5926));
#5909 = ORIENTED_EDGE('',*,*,#5910,.T.);
#5910 = EDGE_CURVE('',#5911,#3551,#5913,.T.);
#5911 = VERTEX_POINT('',#5912);
#5912 = CARTESIAN_POINT('',(18.027828,-1.09457,5.));
#5913 = LINE('',#5914,#5915);
#5914 = CARTESIAN_POINT('',(0.,-1.09457,5.));
#5915 = VECTOR('',#5916,1.);
#5916 = DIRECTION('',(-1.,0.,0.));
#5917 = ORIENTED_EDGE('',*,*,#3550,.F.);
#5918 = ORIENTED_EDGE('',*,*,#5919,.F.);
#5919 = EDGE_CURVE('',#5920,#3543,#5922,.T.);
#5920 = VERTEX_POINT('',#5921);
#5921 = CARTESIAN_POINT('',(18.027828,-1.09457,2.4));
#5922 = LINE('',#5923,#5924);
#5923 = CARTESIAN_POINT('',(17.92853557827,-1.09457,2.4));
#5924 = VECTOR('',#5925,1.);
#5925 = DIRECTION('',(-1.,0.,0.));
#5926 = ORIENTED_EDGE('',*,*,#5927,.T.);
#5927 = EDGE_CURVE('',#5920,#5911,#5928,.T.);
#5928 = LINE('',#5929,#5930);
#5929 = CARTESIAN_POINT('',(18.027828,-1.09457,5.));
#5930 = VECTOR('',#5931,1.);
#5931 = DIRECTION('',(0.,0.,1.));
#5932 = PLANE('',#5933);
#5933 = AXIS2_PLACEMENT_3D('',#5934,#5935,#5936);
#5934 = CARTESIAN_POINT('',(17.527828,-1.09457,7.));
#5935 = DIRECTION('',(0.,-1.,0.));
#5936 = DIRECTION('',(1.,0.,0.));
#5937 = ADVANCED_FACE('',(#5938),#5956,.F.);
#5938 = FACE_BOUND('',#5939,.T.);
#5939 = EDGE_LOOP('',(#5940,#5948,#5954,#5955));
#5940 = ORIENTED_EDGE('',*,*,#5941,.F.);
#5941 = EDGE_CURVE('',#5942,#5135,#5944,.T.);
#5942 = VERTEX_POINT('',#5943);
#5943 = CARTESIAN_POINT('',(19.527828,-1.09457,6.45));
#5944 = LINE('',#5945,#5946);
#5945 = CARTESIAN_POINT('',(19.527828,0.,6.45));
#5946 = VECTOR('',#5947,1.);
#5947 = DIRECTION('',(0.,1.,-2.449212707645E-16));
#5948 = ORIENTED_EDGE('',*,*,#5949,.T.);
#5949 = EDGE_CURVE('',#5942,#4232,#5950,.T.);
#5950 = LINE('',#5951,#5952);
#5951 = CARTESIAN_POINT('',(19.527828,-1.09457,4.150000000014));
#5952 = VECTOR('',#5953,1.);
#5953 = DIRECTION('',(0.,0.,1.));
#5954 = ORIENTED_EDGE('',*,*,#4231,.F.);
#5955 = ORIENTED_EDGE('',*,*,#5142,.T.);
#5956 = PLANE('',#5957);
#5957 = AXIS2_PLACEMENT_3D('',#5958,#5959,#5960);
#5958 = CARTESIAN_POINT('',(19.527828,-3.29457,7.65));
#5959 = DIRECTION('',(1.,0.,0.));
#5960 = DIRECTION('',(0.,0.,1.));
#5961 = ADVANCED_FACE('',(#5962),#5987,.F.);
#5962 = FACE_BOUND('',#5963,.T.);
#5963 = EDGE_LOOP('',(#5964,#5974,#5980,#5981));
#5964 = ORIENTED_EDGE('',*,*,#5965,.F.);
#5965 = EDGE_CURVE('',#5966,#5968,#5970,.T.);
#5966 = VERTEX_POINT('',#5967);
#5967 = CARTESIAN_POINT('',(17.527828,-1.09457,6.45));
#5968 = VERTEX_POINT('',#5969);
#5969 = CARTESIAN_POINT('',(17.527828,-0.59457,6.45));
#5970 = LINE('',#5971,#5972);
#5971 = CARTESIAN_POINT('',(17.527828,0.,6.45));
#5972 = VECTOR('',#5973,1.);
#5973 = DIRECTION('',(0.,1.,-2.449212707645E-16));
#5974 = ORIENTED_EDGE('',*,*,#5975,.T.);
#5975 = EDGE_CURVE('',#5966,#5881,#5976,.T.);
#5976 = LINE('',#5977,#5978);
#5977 = CARTESIAN_POINT('',(17.527828,-1.09457,4.150000000014));
#5978 = VECTOR('',#5979,1.);
#5979 = DIRECTION('',(0.,0.,1.));
#5980 = ORIENTED_EDGE('',*,*,#5880,.F.);
#5981 = ORIENTED_EDGE('',*,*,#5982,.T.);
#5982 = EDGE_CURVE('',#4919,#5968,#5983,.T.);
#5983 = LINE('',#5984,#5985);
#5984 = CARTESIAN_POINT('',(17.527828,-0.59457,7.05));
#5985 = VECTOR('',#5986,1.);
#5986 = DIRECTION('',(0.,0.,-1.));
#5987 = PLANE('',#5988);
#5988 = AXIS2_PLACEMENT_3D('',#5989,#5990,#5991);
#5989 = CARTESIAN_POINT('',(17.527828,-3.29457,7.65));
#5990 = DIRECTION('',(1.,0.,0.));
#5991 = DIRECTION('',(0.,0.,1.));
#5992 = ADVANCED_FACE('',(#5993),#6027,.F.);
#5993 = FACE_BOUND('',#5994,.T.);
#5994 = EDGE_LOOP('',(#5995,#6005,#6013,#6021));
#5995 = ORIENTED_EDGE('',*,*,#5996,.T.);
#5996 = EDGE_CURVE('',#5997,#5999,#6001,.T.);
#5997 = VERTEX_POINT('',#5998);
#5998 = CARTESIAN_POINT('',(23.927828,1.00543,9.600000000014));
#5999 = VERTEX_POINT('',#6000);
#6000 = CARTESIAN_POINT('',(24.027828,0.90543,9.200000000014));
#6001 = LINE('',#6002,#6003);
#6002 = CARTESIAN_POINT('',(24.677828,0.25543,6.600000000014));
#6003 = VECTOR('',#6004,1.);
#6004 = DIRECTION('',(0.235702260396,-0.235702260396,-0.942809041582));
#6005 = ORIENTED_EDGE('',*,*,#6006,.F.);
#6006 = EDGE_CURVE('',#6007,#5999,#6009,.T.);
#6007 = VERTEX_POINT('',#6008);
#6008 = CARTESIAN_POINT('',(24.027828,1.40543,9.200000000014));
#6009 = LINE('',#6010,#6011);
#6010 = CARTESIAN_POINT('',(24.027828,1.808129797358,9.200000000014));
#6011 = VECTOR('',#6012,1.);
#6012 = DIRECTION('',(-1.224606353822E-16,-1.,0.));
#6013 = ORIENTED_EDGE('',*,*,#6014,.F.);
#6014 = EDGE_CURVE('',#6015,#6007,#6017,.T.);
#6015 = VERTEX_POINT('',#6016);
#6016 = CARTESIAN_POINT('',(23.927828,1.30543,9.600000000014));
#6017 = LINE('',#6018,#6019);
#6018 = CARTESIAN_POINT('',(24.677828,2.05543,6.600000000014));
#6019 = VECTOR('',#6020,1.);
#6020 = DIRECTION('',(0.235702260396,0.235702260396,-0.942809041582));
#6021 = ORIENTED_EDGE('',*,*,#6022,.F.);
#6022 = EDGE_CURVE('',#5997,#6015,#6023,.T.);
#6023 = LINE('',#6024,#6025);
#6024 = CARTESIAN_POINT('',(23.927828,1.808129797358,9.600000000014));
#6025 = VECTOR('',#6026,1.);
#6026 = DIRECTION('',(1.224606353822E-16,1.,0.));
#6027 = PLANE('',#6028);
#6028 = AXIS2_PLACEMENT_3D('',#6029,#6030,#6031);
#6029 = CARTESIAN_POINT('',(23.977828,1.10543,9.400000000014));
#6030 = DIRECTION('',(-0.970142500145,1.188042669791E-16,-0.242535625036
    ));
#6031 = DIRECTION('',(0.242535625036,-2.970106674478E-17,-0.970142500145
    ));
#6032 = ADVANCED_FACE('',(#6033),#6058,.T.);
#6033 = FACE_BOUND('',#6034,.T.);
#6034 = EDGE_LOOP('',(#6035,#6043,#6044,#6052));
#6035 = ORIENTED_EDGE('',*,*,#6036,.T.);
#6036 = EDGE_CURVE('',#6037,#4651,#6039,.T.);
#6037 = VERTEX_POINT('',#6038);
#6038 = CARTESIAN_POINT('',(23.927828,-0.99457,2.));
#6039 = LINE('',#6040,#6041);
#6040 = CARTESIAN_POINT('',(23.927828,-0.191870202642,2.));
#6041 = VECTOR('',#6042,1.);
#6042 = DIRECTION('',(0.,1.,0.));
#6043 = ORIENTED_EDGE('',*,*,#4667,.T.);
#6044 = ORIENTED_EDGE('',*,*,#6045,.T.);
#6045 = EDGE_CURVE('',#4660,#6046,#6048,.T.);
#6046 = VERTEX_POINT('',#6047);
#6047 = CARTESIAN_POINT('',(24.027828,-1.09457,2.4));
#6048 = LINE('',#6049,#6050);
#6049 = CARTESIAN_POINT('',(24.027828,-0.191870202642,2.4));
#6050 = VECTOR('',#6051,1.);
#6051 = DIRECTION('',(0.,-1.,0.));
#6052 = ORIENTED_EDGE('',*,*,#6053,.F.);
#6053 = EDGE_CURVE('',#6037,#6046,#6054,.T.);
#6054 = LINE('',#6055,#6056);
#6055 = CARTESIAN_POINT('',(24.677828,-1.74457,5.));
#6056 = VECTOR('',#6057,1.);
#6057 = DIRECTION('',(0.235702260396,-0.235702260396,0.942809041582));
#6058 = PLANE('',#6059);
#6059 = AXIS2_PLACEMENT_3D('',#6060,#6061,#6062);
#6060 = CARTESIAN_POINT('',(23.977828,-0.89457,2.2));
#6061 = DIRECTION('',(0.970142500145,0.,-0.242535625036));
#6062 = DIRECTION('',(0.242535625036,0.,0.970142500145));
#6063 = ADVANCED_FACE('',(#6064),#6075,.T.);
#6064 = FACE_BOUND('',#6065,.T.);
#6065 = EDGE_LOOP('',(#6066,#6072,#6073,#6074));
#6066 = ORIENTED_EDGE('',*,*,#6067,.T.);
#6067 = EDGE_CURVE('',#3575,#4791,#6068,.T.);
#6068 = LINE('',#6069,#6070);
#6069 = CARTESIAN_POINT('',(19.627828,1.808129797358,2.));
#6070 = VECTOR('',#6071,1.);
#6071 = DIRECTION('',(0.,-1.,0.));
#6072 = ORIENTED_EDGE('',*,*,#4814,.F.);
#6073 = ORIENTED_EDGE('',*,*,#3820,.F.);
#6074 = ORIENTED_EDGE('',*,*,#3582,.T.);
#6075 = PLANE('',#6076);
#6076 = AXIS2_PLACEMENT_3D('',#6077,#6078,#6079);
#6077 = CARTESIAN_POINT('',(19.577828,1.10543,2.2));
#6078 = DIRECTION('',(-0.970142500145,0.,-0.242535625036));
#6079 = DIRECTION('',(-0.242535625036,0.,0.970142500145));
#6080 = ADVANCED_FACE('',(#6081),#6115,.F.);
#6081 = FACE_BOUND('',#6082,.T.);
#6082 = EDGE_LOOP('',(#6083,#6093,#6101,#6109));
#6083 = ORIENTED_EDGE('',*,*,#6084,.F.);
#6084 = EDGE_CURVE('',#6085,#6087,#6089,.T.);
#6085 = VERTEX_POINT('',#6086);
#6086 = CARTESIAN_POINT('',(23.527828,0.90543,6.45));
#6087 = VERTEX_POINT('',#6088);
#6088 = CARTESIAN_POINT('',(23.527828,1.40543,6.45));
#6089 = LINE('',#6090,#6091);
#6090 = CARTESIAN_POINT('',(23.527828,0.,6.45));
#6091 = VECTOR('',#6092,1.);
#6092 = DIRECTION('',(0.,1.,-2.449212707645E-16));
#6093 = ORIENTED_EDGE('',*,*,#6094,.T.);
#6094 = EDGE_CURVE('',#6085,#6095,#6097,.T.);
#6095 = VERTEX_POINT('',#6096);
#6096 = CARTESIAN_POINT('',(23.527828,0.90543,9.200000000014));
#6097 = LINE('',#6098,#6099);
#6098 = CARTESIAN_POINT('',(23.527828,0.90543,4.150000000014));
#6099 = VECTOR('',#6100,1.);
#6100 = DIRECTION('',(0.,0.,1.));
#6101 = ORIENTED_EDGE('',*,*,#6102,.F.);
#6102 = EDGE_CURVE('',#6103,#6095,#6105,.T.);
#6103 = VERTEX_POINT('',#6104);
#6104 = CARTESIAN_POINT('',(23.527828,1.40543,9.200000000014));
#6105 = LINE('',#6106,#6107);
#6106 = CARTESIAN_POINT('',(23.527828,1.808129797358,9.200000000014));
#6107 = VECTOR('',#6108,1.);
#6108 = DIRECTION('',(-1.224606353822E-16,-1.,0.));
#6109 = ORIENTED_EDGE('',*,*,#6110,.T.);
#6110 = EDGE_CURVE('',#6103,#6087,#6111,.T.);
#6111 = LINE('',#6112,#6113);
#6112 = CARTESIAN_POINT('',(23.527828,1.40543,7.05));
#6113 = VECTOR('',#6114,1.);
#6114 = DIRECTION('',(0.,0.,-1.));
#6115 = PLANE('',#6116);
#6116 = AXIS2_PLACEMENT_3D('',#6117,#6118,#6119);
#6117 = CARTESIAN_POINT('',(23.527828,-1.29457,7.65));
#6118 = DIRECTION('',(1.,0.,0.));
#6119 = DIRECTION('',(0.,0.,1.));
#6120 = ADVANCED_FACE('',(#6121),#6155,.F.);
#6121 = FACE_BOUND('',#6122,.T.);
#6122 = EDGE_LOOP('',(#6123,#6133,#6141,#6149));
#6123 = ORIENTED_EDGE('',*,*,#6124,.T.);
#6124 = EDGE_CURVE('',#6125,#6127,#6129,.T.);
#6125 = VERTEX_POINT('',#6126);
#6126 = CARTESIAN_POINT('',(15.527828,1.40543,5.));
#6127 = VERTEX_POINT('',#6128);
#6128 = CARTESIAN_POINT('',(15.527828,1.40543,2.4));
#6129 = LINE('',#6130,#6131);
#6130 = CARTESIAN_POINT('',(15.527828,1.40543,7.05));
#6131 = VECTOR('',#6132,1.);
#6132 = DIRECTION('',(0.,0.,-1.));
#6133 = ORIENTED_EDGE('',*,*,#6134,.T.);
#6134 = EDGE_CURVE('',#6127,#6135,#6137,.T.);
#6135 = VERTEX_POINT('',#6136);
#6136 = CARTESIAN_POINT('',(15.527828,0.90543,2.4));
#6137 = LINE('',#6138,#6139);
#6138 = CARTESIAN_POINT('',(15.527828,1.808129797358,2.4));
#6139 = VECTOR('',#6140,1.);
#6140 = DIRECTION('',(0.,-1.,0.));
#6141 = ORIENTED_EDGE('',*,*,#6142,.T.);
#6142 = EDGE_CURVE('',#6135,#6143,#6145,.T.);
#6143 = VERTEX_POINT('',#6144);
#6144 = CARTESIAN_POINT('',(15.527828,0.90543,5.));
#6145 = LINE('',#6146,#6147);
#6146 = CARTESIAN_POINT('',(15.527828,0.90543,4.150000000014));
#6147 = VECTOR('',#6148,1.);
#6148 = DIRECTION('',(0.,0.,1.));
#6149 = ORIENTED_EDGE('',*,*,#6150,.F.);
#6150 = EDGE_CURVE('',#6125,#6143,#6151,.T.);
#6151 = LINE('',#6152,#6153);
#6152 = CARTESIAN_POINT('',(15.527828,0.,5.));
#6153 = VECTOR('',#6154,1.);
#6154 = DIRECTION('',(0.,-1.,1.224606353822E-16));
#6155 = PLANE('',#6156);
#6156 = AXIS2_PLACEMENT_3D('',#6157,#6158,#6159);
#6157 = CARTESIAN_POINT('',(15.527828,-1.29457,7.65));
#6158 = DIRECTION('',(1.,0.,0.));
#6159 = DIRECTION('',(0.,0.,1.));
#6160 = ADVANCED_FACE('',(#6161),#6179,.F.);
#6161 = FACE_BOUND('',#6162,.T.);
#6162 = EDGE_LOOP('',(#6163,#6171,#6177,#6178));
#6163 = ORIENTED_EDGE('',*,*,#6164,.T.);
#6164 = EDGE_CURVE('',#3931,#6165,#6167,.T.);
#6165 = VERTEX_POINT('',#6166);
#6166 = CARTESIAN_POINT('',(20.027828,0.90543,9.200000000014));
#6167 = LINE('',#6168,#6169);
#6168 = CARTESIAN_POINT('',(20.677828,0.25543,6.600000000014));
#6169 = VECTOR('',#6170,1.);
#6170 = DIRECTION('',(0.235702260396,-0.235702260396,-0.942809041582));
#6171 = ORIENTED_EDGE('',*,*,#6172,.F.);
#6172 = EDGE_CURVE('',#4191,#6165,#6173,.T.);
#6173 = LINE('',#6174,#6175);
#6174 = CARTESIAN_POINT('',(20.027828,1.808129797358,9.200000000014));
#6175 = VECTOR('',#6176,1.);
#6176 = DIRECTION('',(-1.224606353822E-16,-1.,0.));
#6177 = ORIENTED_EDGE('',*,*,#4190,.F.);
#6178 = ORIENTED_EDGE('',*,*,#3930,.F.);
#6179 = PLANE('',#6180);
#6180 = AXIS2_PLACEMENT_3D('',#6181,#6182,#6183);
#6181 = CARTESIAN_POINT('',(19.977828,1.10543,9.400000000014));
#6182 = DIRECTION('',(-0.970142500145,1.188042669791E-16,-0.242535625036
    ));
#6183 = DIRECTION('',(0.242535625036,-2.970106674478E-17,-0.970142500145
    ));
#6184 = ADVANCED_FACE('',(#6185),#6196,.F.);
#6185 = FACE_BOUND('',#6186,.T.);
#6186 = EDGE_LOOP('',(#6187,#6188,#6189,#6190));
#6187 = ORIENTED_EDGE('',*,*,#4768,.F.);
#6188 = ORIENTED_EDGE('',*,*,#3758,.F.);
#6189 = ORIENTED_EDGE('',*,*,#4292,.F.);
#6190 = ORIENTED_EDGE('',*,*,#6191,.F.);
#6191 = EDGE_CURVE('',#4769,#4293,#6192,.T.);
#6192 = LINE('',#6193,#6194);
#6193 = CARTESIAN_POINT('',(13.92853557827,1.00543,9.600000000014));
#6194 = VECTOR('',#6195,1.);
#6195 = DIRECTION('',(1.,-1.224606353822E-16,0.));
#6196 = PLANE('',#6197);
#6197 = AXIS2_PLACEMENT_3D('',#6198,#6199,#6200);
#6198 = CARTESIAN_POINT('',(13.777828,0.95543,9.400000000014));
#6199 = DIRECTION('',(1.188042669791E-16,0.970142500145,-0.242535625036)
  );
#6200 = DIRECTION('',(-2.970106674478E-17,-0.242535625036,
    -0.970142500145));
#6201 = ADVANCED_FACE('',(#6202),#6225,.T.);
#6202 = FACE_BOUND('',#6203,.T.);
#6203 = EDGE_LOOP('',(#6204,#6212,#6213,#6219));
#6204 = ORIENTED_EDGE('',*,*,#6205,.T.);
#6205 = EDGE_CURVE('',#6206,#4262,#6208,.T.);
#6206 = VERTEX_POINT('',#6207);
#6207 = CARTESIAN_POINT('',(15.627828,1.00543,2.));
#6208 = LINE('',#6209,#6210);
#6209 = CARTESIAN_POINT('',(15.92853557827,1.00543,2.));
#6210 = VECTOR('',#6211,1.);
#6211 = DIRECTION('',(1.,0.,0.));
#6212 = ORIENTED_EDGE('',*,*,#4278,.T.);
#6213 = ORIENTED_EDGE('',*,*,#6214,.T.);
#6214 = EDGE_CURVE('',#3783,#6135,#6215,.T.);
#6215 = LINE('',#6216,#6217);
#6216 = CARTESIAN_POINT('',(15.92853557827,0.90543,2.4));
#6217 = VECTOR('',#6218,1.);
#6218 = DIRECTION('',(-1.,0.,0.));
#6219 = ORIENTED_EDGE('',*,*,#6220,.T.);
#6220 = EDGE_CURVE('',#6135,#6206,#6221,.T.);
#6221 = LINE('',#6222,#6223);
#6222 = CARTESIAN_POINT('',(14.877828,0.25543,5.));
#6223 = VECTOR('',#6224,1.);
#6224 = DIRECTION('',(0.235702260396,0.235702260396,-0.942809041582));
#6225 = PLANE('',#6226);
#6226 = AXIS2_PLACEMENT_3D('',#6227,#6228,#6229);
#6227 = CARTESIAN_POINT('',(15.777828,0.95543,2.2));
#6228 = DIRECTION('',(0.,-0.970142500145,-0.242535625036));
#6229 = DIRECTION('',(0.,-0.242535625036,0.970142500145));
#6230 = ADVANCED_FACE('',(#6231),#6254,.F.);
#6231 = FACE_BOUND('',#6232,.T.);
#6232 = EDGE_LOOP('',(#6233,#6234,#6240,#6248));
#6233 = ORIENTED_EDGE('',*,*,#6014,.T.);
#6234 = ORIENTED_EDGE('',*,*,#6235,.F.);
#6235 = EDGE_CURVE('',#6103,#6007,#6236,.T.);
#6236 = LINE('',#6237,#6238);
#6237 = CARTESIAN_POINT('',(23.92853557827,1.40543,9.200000000014));
#6238 = VECTOR('',#6239,1.);
#6239 = DIRECTION('',(1.,-1.224606353822E-16,0.));
#6240 = ORIENTED_EDGE('',*,*,#6241,.T.);
#6241 = EDGE_CURVE('',#6103,#6242,#6244,.T.);
#6242 = VERTEX_POINT('',#6243);
#6243 = CARTESIAN_POINT('',(23.627828,1.30543,9.600000000014));
#6244 = LINE('',#6245,#6246);
#6245 = CARTESIAN_POINT('',(22.877828,2.05543,6.600000000014));
#6246 = VECTOR('',#6247,1.);
#6247 = DIRECTION('',(0.235702260396,-0.235702260396,0.942809041582));
#6248 = ORIENTED_EDGE('',*,*,#6249,.F.);
#6249 = EDGE_CURVE('',#6015,#6242,#6250,.T.);
#6250 = LINE('',#6251,#6252);
#6251 = CARTESIAN_POINT('',(23.92853557827,1.30543,9.600000000014));
#6252 = VECTOR('',#6253,1.);
#6253 = DIRECTION('',(-1.,1.224606353822E-16,0.));
#6254 = PLANE('',#6255);
#6255 = AXIS2_PLACEMENT_3D('',#6256,#6257,#6258);
#6256 = CARTESIAN_POINT('',(23.777828,1.35543,9.400000000014));
#6257 = DIRECTION('',(-1.188042669791E-16,-0.970142500145,
    -0.242535625036));
#6258 = DIRECTION('',(2.970106674478E-17,0.242535625036,-0.970142500145)
  );
#6259 = ADVANCED_FACE('',(#6260),#6283,.T.);
#6260 = FACE_BOUND('',#6261,.T.);
#6261 = EDGE_LOOP('',(#6262,#6270,#6271,#6277));
#6262 = ORIENTED_EDGE('',*,*,#6263,.T.);
#6263 = EDGE_CURVE('',#6264,#5911,#6266,.T.);
#6264 = VERTEX_POINT('',#6265);
#6265 = CARTESIAN_POINT('',(18.027828,-0.59457,5.));
#6266 = LINE('',#6267,#6268);
#6267 = CARTESIAN_POINT('',(18.027828,0.,5.));
#6268 = VECTOR('',#6269,1.);
#6269 = DIRECTION('',(0.,-1.,1.224606353822E-16));
#6270 = ORIENTED_EDGE('',*,*,#5927,.F.);
#6271 = ORIENTED_EDGE('',*,*,#6272,.F.);
#6272 = EDGE_CURVE('',#5367,#5920,#6273,.T.);
#6273 = LINE('',#6274,#6275);
#6274 = CARTESIAN_POINT('',(18.027828,-0.191870202642,2.4));
#6275 = VECTOR('',#6276,1.);
#6276 = DIRECTION('',(0.,-1.,0.));
#6277 = ORIENTED_EDGE('',*,*,#6278,.F.);
#6278 = EDGE_CURVE('',#6264,#5367,#6279,.T.);
#6279 = LINE('',#6280,#6281);
#6280 = CARTESIAN_POINT('',(18.027828,-0.59457,7.434794375007));
#6281 = VECTOR('',#6282,1.);
#6282 = DIRECTION('',(0.,0.,-1.));
#6283 = PLANE('',#6284);
#6284 = AXIS2_PLACEMENT_3D('',#6285,#6286,#6287);
#6285 = CARTESIAN_POINT('',(18.027828,-1.09457,7.05));
#6286 = DIRECTION('',(1.,0.,0.));
#6287 = DIRECTION('',(-0.,1.,0.));
#6288 = ADVANCED_FACE('',(#6289),#6307,.T.);
#6289 = FACE_BOUND('',#6290,.T.);
#6290 = EDGE_LOOP('',(#6291,#6292,#6300,#6306));
#6291 = ORIENTED_EDGE('',*,*,#4058,.F.);
#6292 = ORIENTED_EDGE('',*,*,#6293,.T.);
#6293 = EDGE_CURVE('',#4051,#6294,#6296,.T.);
#6294 = VERTEX_POINT('',#6295);
#6295 = CARTESIAN_POINT('',(24.027828,-1.09457,6.45));
#6296 = LINE('',#6297,#6298);
#6297 = CARTESIAN_POINT('',(0.,-1.09457,6.45));
#6298 = VECTOR('',#6299,1.);
#6299 = DIRECTION('',(1.,0.,0.));
#6300 = ORIENTED_EDGE('',*,*,#6301,.T.);
#6301 = EDGE_CURVE('',#6294,#3861,#6302,.T.);
#6302 = LINE('',#6303,#6304);
#6303 = CARTESIAN_POINT('',(24.027828,-1.09457,5.));
#6304 = VECTOR('',#6305,1.);
#6305 = DIRECTION('',(0.,0.,1.));
#6306 = ORIENTED_EDGE('',*,*,#3860,.T.);
#6307 = PLANE('',#6308);
#6308 = AXIS2_PLACEMENT_3D('',#6309,#6310,#6311);
#6309 = CARTESIAN_POINT('',(23.527828,-1.09457,7.));
#6310 = DIRECTION('',(0.,-1.,0.));
#6311 = DIRECTION('',(1.,0.,0.));
#6312 = ADVANCED_FACE('',(#6313),#6331,.T.);
#6313 = FACE_BOUND('',#6314,.T.);
#6314 = EDGE_LOOP('',(#6315,#6323,#6329,#6330));
#6315 = ORIENTED_EDGE('',*,*,#6316,.T.);
#6316 = EDGE_CURVE('',#4435,#6317,#6319,.T.);
#6317 = VERTEX_POINT('',#6318);
#6318 = CARTESIAN_POINT('',(17.927828,1.00543,2.));
#6319 = LINE('',#6320,#6321);
#6320 = CARTESIAN_POINT('',(17.92853557827,1.00543,2.));
#6321 = VECTOR('',#6322,1.);
#6322 = DIRECTION('',(1.,0.,0.));
#6323 = ORIENTED_EDGE('',*,*,#6324,.T.);
#6324 = EDGE_CURVE('',#6317,#4589,#6325,.T.);
#6325 = LINE('',#6326,#6327);
#6326 = CARTESIAN_POINT('',(18.677828,0.25543,5.));
#6327 = VECTOR('',#6328,1.);
#6328 = DIRECTION('',(0.235702260396,-0.235702260396,0.942809041582));
#6329 = ORIENTED_EDGE('',*,*,#4588,.T.);
#6330 = ORIENTED_EDGE('',*,*,#4442,.T.);
#6331 = PLANE('',#6332);
#6332 = AXIS2_PLACEMENT_3D('',#6333,#6334,#6335);
#6333 = CARTESIAN_POINT('',(17.777828,0.95543,2.2));
#6334 = DIRECTION('',(0.,-0.970142500145,-0.242535625036));
#6335 = DIRECTION('',(0.,-0.242535625036,0.970142500145));
#6336 = ADVANCED_FACE('',(#6337),#6367,.T.);
#6337 = FACE_BOUND('',#6338,.T.);
#6338 = EDGE_LOOP('',(#6339,#6349,#6355,#6361));
#6339 = ORIENTED_EDGE('',*,*,#6340,.T.);
#6340 = EDGE_CURVE('',#6341,#6343,#6345,.T.);
#6341 = VERTEX_POINT('',#6342);
#6342 = CARTESIAN_POINT('',(20.027828,1.40543,5.));
#6343 = VERTEX_POINT('',#6344);
#6344 = CARTESIAN_POINT('',(20.027828,0.90543,5.));
#6345 = LINE('',#6346,#6347);
#6346 = CARTESIAN_POINT('',(20.027828,0.,5.));
#6347 = VECTOR('',#6348,1.);
#6348 = DIRECTION('',(0.,-1.,1.224606353822E-16));
#6349 = ORIENTED_EDGE('',*,*,#6350,.F.);
#6350 = EDGE_CURVE('',#4801,#6343,#6351,.T.);
#6351 = LINE('',#6352,#6353);
#6352 = CARTESIAN_POINT('',(20.027828,0.90543,5.));
#6353 = VECTOR('',#6354,1.);
#6354 = DIRECTION('',(0.,0.,1.));
#6355 = ORIENTED_EDGE('',*,*,#6356,.F.);
#6356 = EDGE_CURVE('',#3591,#4801,#6357,.T.);
#6357 = LINE('',#6358,#6359);
#6358 = CARTESIAN_POINT('',(20.027828,1.808129797358,2.4));
#6359 = VECTOR('',#6360,1.);
#6360 = DIRECTION('',(0.,-1.,0.));
#6361 = ORIENTED_EDGE('',*,*,#6362,.F.);
#6362 = EDGE_CURVE('',#6341,#3591,#6363,.T.);
#6363 = LINE('',#6364,#6365);
#6364 = CARTESIAN_POINT('',(20.027828,1.40543,7.434794375007));
#6365 = VECTOR('',#6366,1.);
#6366 = DIRECTION('',(0.,0.,-1.));
#6367 = PLANE('',#6368);
#6368 = AXIS2_PLACEMENT_3D('',#6369,#6370,#6371);
#6369 = CARTESIAN_POINT('',(20.027828,0.90543,7.05));
#6370 = DIRECTION('',(1.,0.,0.));
#6371 = DIRECTION('',(-0.,1.,0.));
#6372 = ADVANCED_FACE('',(#6373),#6396,.T.);
#6373 = FACE_BOUND('',#6374,.T.);
#6374 = EDGE_LOOP('',(#6375,#6383,#6389,#6395));
#6375 = ORIENTED_EDGE('',*,*,#6376,.T.);
#6376 = EDGE_CURVE('',#4264,#6377,#6379,.T.);
#6377 = VERTEX_POINT('',#6378);
#6378 = CARTESIAN_POINT('',(15.627828,1.30543,2.));
#6379 = LINE('',#6380,#6381);
#6380 = CARTESIAN_POINT('',(15.92853557827,1.30543,2.));
#6381 = VECTOR('',#6382,1.);
#6382 = DIRECTION('',(-1.,0.,0.));
#6383 = ORIENTED_EDGE('',*,*,#6384,.F.);
#6384 = EDGE_CURVE('',#6127,#6377,#6385,.T.);
#6385 = LINE('',#6386,#6387);
#6386 = CARTESIAN_POINT('',(14.877828,2.05543,5.));
#6387 = VECTOR('',#6388,1.);
#6388 = DIRECTION('',(0.235702260396,-0.235702260396,-0.942809041582));
#6389 = ORIENTED_EDGE('',*,*,#6390,.T.);
#6390 = EDGE_CURVE('',#6127,#3791,#6391,.T.);
#6391 = LINE('',#6392,#6393);
#6392 = CARTESIAN_POINT('',(15.92853557827,1.40543,2.4));
#6393 = VECTOR('',#6394,1.);
#6394 = DIRECTION('',(1.,0.,0.));
#6395 = ORIENTED_EDGE('',*,*,#4271,.F.);
#6396 = PLANE('',#6397);
#6397 = AXIS2_PLACEMENT_3D('',#6398,#6399,#6400);
#6398 = CARTESIAN_POINT('',(15.777828,1.35543,2.2));
#6399 = DIRECTION('',(0.,0.970142500145,-0.242535625036));
#6400 = DIRECTION('',(0.,0.242535625036,0.970142500145));
#6401 = ADVANCED_FACE('',(#6402),#6420,.T.);
#6402 = FACE_BOUND('',#6403,.T.);
#6403 = EDGE_LOOP('',(#6404,#6405,#6406,#6414));
#6404 = ORIENTED_EDGE('',*,*,#6316,.F.);
#6405 = ORIENTED_EDGE('',*,*,#4432,.F.);
#6406 = ORIENTED_EDGE('',*,*,#6407,.F.);
#6407 = EDGE_CURVE('',#6408,#4433,#6410,.T.);
#6408 = VERTEX_POINT('',#6409);
#6409 = CARTESIAN_POINT('',(17.927828,1.30543,2.));
#6410 = LINE('',#6411,#6412);
#6411 = CARTESIAN_POINT('',(17.92853557827,1.30543,2.));
#6412 = VECTOR('',#6413,1.);
#6413 = DIRECTION('',(-1.,0.,0.));
#6414 = ORIENTED_EDGE('',*,*,#6415,.F.);
#6415 = EDGE_CURVE('',#6317,#6408,#6416,.T.);
#6416 = LINE('',#6417,#6418);
#6417 = CARTESIAN_POINT('',(17.927828,1.808129797358,2.));
#6418 = VECTOR('',#6419,1.);
#6419 = DIRECTION('',(0.,1.,0.));
#6420 = PLANE('',#6421);
#6421 = AXIS2_PLACEMENT_3D('',#6422,#6423,#6424);
#6422 = CARTESIAN_POINT('',(17.92853557827,1.808129797358,2.));
#6423 = DIRECTION('',(0.,0.,-1.));
#6424 = DIRECTION('',(-1.,0.,0.));
#6425 = ADVANCED_FACE('',(#6426),#6451,.T.);
#6426 = FACE_BOUND('',#6427,.T.);
#6427 = EDGE_LOOP('',(#6428,#6429,#6437,#6445));
#6428 = ORIENTED_EDGE('',*,*,#4418,.T.);
#6429 = ORIENTED_EDGE('',*,*,#6430,.T.);
#6430 = EDGE_CURVE('',#4411,#6431,#6433,.T.);
#6431 = VERTEX_POINT('',#6432);
#6432 = CARTESIAN_POINT('',(22.027828,1.40543,2.4));
#6433 = LINE('',#6434,#6435);
#6434 = CARTESIAN_POINT('',(22.677828,2.05543,5.));
#6435 = VECTOR('',#6436,1.);
#6436 = DIRECTION('',(0.235702260396,0.235702260396,0.942809041582));
#6437 = ORIENTED_EDGE('',*,*,#6438,.T.);
#6438 = EDGE_CURVE('',#6431,#6439,#6441,.T.);
#6439 = VERTEX_POINT('',#6440);
#6440 = CARTESIAN_POINT('',(22.027828,0.90543,2.4));
#6441 = LINE('',#6442,#6443);
#6442 = CARTESIAN_POINT('',(22.027828,1.808129797358,2.4));
#6443 = VECTOR('',#6444,1.);
#6444 = DIRECTION('',(0.,-1.,0.));
#6445 = ORIENTED_EDGE('',*,*,#6446,.F.);
#6446 = EDGE_CURVE('',#4395,#6439,#6447,.T.);
#6447 = LINE('',#6448,#6449);
#6448 = CARTESIAN_POINT('',(22.677828,0.25543,5.));
#6449 = VECTOR('',#6450,1.);
#6450 = DIRECTION('',(0.235702260396,-0.235702260396,0.942809041582));
#6451 = PLANE('',#6452);
#6452 = AXIS2_PLACEMENT_3D('',#6453,#6454,#6455);
#6453 = CARTESIAN_POINT('',(21.977828,1.10543,2.2));
#6454 = DIRECTION('',(0.970142500145,0.,-0.242535625036));
#6455 = DIRECTION('',(0.242535625036,0.,0.970142500145));
#6456 = ADVANCED_FACE('',(#6457),#6482,.T.);
#6457 = FACE_BOUND('',#6458,.T.);
#6458 = EDGE_LOOP('',(#6459,#6469,#6475,#6476));
#6459 = ORIENTED_EDGE('',*,*,#6460,.F.);
#6460 = EDGE_CURVE('',#6461,#6463,#6465,.T.);
#6461 = VERTEX_POINT('',#6462);
#6462 = CARTESIAN_POINT('',(21.277828,-2.34457,6.6));
#6463 = VERTEX_POINT('',#6464);
#6464 = CARTESIAN_POINT('',(20.277828,-2.34457,6.6));
#6465 = LINE('',#6466,#6467);
#6466 = CARTESIAN_POINT('',(15.555656,-2.34457,6.6));
#6467 = VECTOR('',#6468,1.);
#6468 = DIRECTION('',(-1.,0.,0.));
#6469 = ORIENTED_EDGE('',*,*,#6470,.F.);
#6470 = EDGE_CURVE('',#5063,#6461,#6471,.T.);
#6471 = LINE('',#6472,#6473);
#6472 = CARTESIAN_POINT('',(21.277828,3.641509836727E-16,6.6));
#6473 = VECTOR('',#6474,1.);
#6474 = DIRECTION('',(0.,-1.,1.224606353822E-16));
#6475 = ORIENTED_EDGE('',*,*,#5062,.T.);
#6476 = ORIENTED_EDGE('',*,*,#6477,.F.);
#6477 = EDGE_CURVE('',#6463,#5053,#6478,.T.);
#6478 = LINE('',#6479,#6480);
#6479 = CARTESIAN_POINT('',(20.277828,3.641509836727E-16,6.6));
#6480 = VECTOR('',#6481,1.);
#6481 = DIRECTION('',(0.,1.,-1.224606353822E-16));
#6482 = PLANE('',#6483);
#6483 = AXIS2_PLACEMENT_3D('',#6484,#6485,#6486);
#6484 = CARTESIAN_POINT('',(29.4258304,2.05543,6.6));
#6485 = DIRECTION('',(0.,1.224606353822E-16,1.));
#6486 = DIRECTION('',(0.,-1.,1.224606353822E-16));
#6487 = ADVANCED_FACE('',(#6488),#6499,.T.);
#6488 = FACE_BOUND('',#6489,.T.);
#6489 = EDGE_LOOP('',(#6490,#6491,#6492,#6493));
#6490 = ORIENTED_EDGE('',*,*,#4712,.F.);
#6491 = ORIENTED_EDGE('',*,*,#5388,.F.);
#6492 = ORIENTED_EDGE('',*,*,#4988,.F.);
#6493 = ORIENTED_EDGE('',*,*,#6494,.F.);
#6494 = EDGE_CURVE('',#4715,#4989,#6495,.T.);
#6495 = LINE('',#6496,#6497);
#6496 = CARTESIAN_POINT('',(19.927828,-0.191870202642,2.));
#6497 = VECTOR('',#6498,1.);
#6498 = DIRECTION('',(0.,1.,0.));
#6499 = PLANE('',#6500);
#6500 = AXIS2_PLACEMENT_3D('',#6501,#6502,#6503);
#6501 = CARTESIAN_POINT('',(19.92853557827,-0.191870202642,2.));
#6502 = DIRECTION('',(0.,0.,-1.));
#6503 = DIRECTION('',(-1.,0.,0.));
#6504 = ADVANCED_FACE('',(#6505),#6516,.T.);
#6505 = FACE_BOUND('',#6506,.T.);
#6506 = EDGE_LOOP('',(#6507,#6513,#6514,#6515));
#6507 = ORIENTED_EDGE('',*,*,#6508,.T.);
#6508 = EDGE_CURVE('',#6343,#3829,#6509,.T.);
#6509 = LINE('',#6510,#6511);
#6510 = CARTESIAN_POINT('',(0.,0.90543,5.));
#6511 = VECTOR('',#6512,1.);
#6512 = DIRECTION('',(-1.,0.,0.));
#6513 = ORIENTED_EDGE('',*,*,#3828,.F.);
#6514 = ORIENTED_EDGE('',*,*,#4808,.F.);
#6515 = ORIENTED_EDGE('',*,*,#6350,.T.);
#6516 = PLANE('',#6517);
#6517 = AXIS2_PLACEMENT_3D('',#6518,#6519,#6520);
#6518 = CARTESIAN_POINT('',(19.527828,0.90543,7.));
#6519 = DIRECTION('',(0.,-1.,0.));
#6520 = DIRECTION('',(1.,0.,0.));
#6521 = ADVANCED_FACE('',(#6522),#6547,.T.);
#6522 = FACE_BOUND('',#6523,.T.);
#6523 = EDGE_LOOP('',(#6524,#6532,#6540,#6546));
#6524 = ORIENTED_EDGE('',*,*,#6525,.T.);
#6525 = EDGE_CURVE('',#4013,#6526,#6528,.T.);
#6526 = VERTEX_POINT('',#6527);
#6527 = CARTESIAN_POINT('',(21.627828,-0.69457,2.));
#6528 = LINE('',#6529,#6530);
#6529 = CARTESIAN_POINT('',(21.92853557827,-0.69457,2.));
#6530 = VECTOR('',#6531,1.);
#6531 = DIRECTION('',(-1.,0.,0.));
#6532 = ORIENTED_EDGE('',*,*,#6533,.F.);
#6533 = EDGE_CURVE('',#6534,#6526,#6536,.T.);
#6534 = VERTEX_POINT('',#6535);
#6535 = CARTESIAN_POINT('',(21.527828,-0.59457,2.4));
#6536 = LINE('',#6537,#6538);
#6537 = CARTESIAN_POINT('',(20.877828,5.543E-02,5.));
#6538 = VECTOR('',#6539,1.);
#6539 = DIRECTION('',(0.235702260396,-0.235702260396,-0.942809041582));
#6540 = ORIENTED_EDGE('',*,*,#6541,.T.);
#6541 = EDGE_CURVE('',#6534,#4021,#6542,.T.);
#6542 = LINE('',#6543,#6544);
#6543 = CARTESIAN_POINT('',(21.92853557827,-0.59457,2.4));
#6544 = VECTOR('',#6545,1.);
#6545 = DIRECTION('',(1.,0.,0.));
#6546 = ORIENTED_EDGE('',*,*,#4020,.F.);
#6547 = PLANE('',#6548);
#6548 = AXIS2_PLACEMENT_3D('',#6549,#6550,#6551);
#6549 = CARTESIAN_POINT('',(21.777828,-0.64457,2.2));
#6550 = DIRECTION('',(0.,0.970142500145,-0.242535625036));
#6551 = DIRECTION('',(0.,0.242535625036,0.970142500145));
#6552 = ADVANCED_FACE('',(#6553),#6578,.F.);
#6553 = FACE_BOUND('',#6554,.T.);
#6554 = EDGE_LOOP('',(#6555,#6563,#6571,#6577));
#6555 = ORIENTED_EDGE('',*,*,#6556,.F.);
#6556 = EDGE_CURVE('',#6557,#5491,#6559,.T.);
#6557 = VERTEX_POINT('',#6558);
#6558 = CARTESIAN_POINT('',(15.527828,-0.59457,9.200000000014));
#6559 = LINE('',#6560,#6561);
#6560 = CARTESIAN_POINT('',(14.877828,5.543E-02,6.600000000014));
#6561 = VECTOR('',#6562,1.);
#6562 = DIRECTION('',(0.235702260396,-0.235702260396,0.942809041582));
#6563 = ORIENTED_EDGE('',*,*,#6564,.T.);
#6564 = EDGE_CURVE('',#6557,#6565,#6567,.T.);
#6565 = VERTEX_POINT('',#6566);
#6566 = CARTESIAN_POINT('',(15.527828,-1.09457,9.200000000014));
#6567 = LINE('',#6568,#6569);
#6568 = CARTESIAN_POINT('',(15.527828,-0.191870202642,9.200000000014));
#6569 = VECTOR('',#6570,1.);
#6570 = DIRECTION('',(-1.224606353822E-16,-1.,0.));
#6571 = ORIENTED_EDGE('',*,*,#6572,.T.);
#6572 = EDGE_CURVE('',#6565,#5499,#6573,.T.);
#6573 = LINE('',#6574,#6575);
#6574 = CARTESIAN_POINT('',(14.877828,-1.74457,6.600000000014));
#6575 = VECTOR('',#6576,1.);
#6576 = DIRECTION('',(0.235702260396,0.235702260396,0.942809041582));
#6577 = ORIENTED_EDGE('',*,*,#5498,.F.);
#6578 = PLANE('',#6579);
#6579 = AXIS2_PLACEMENT_3D('',#6580,#6581,#6582);
#6580 = CARTESIAN_POINT('',(15.577828,-0.89457,9.400000000014));
#6581 = DIRECTION('',(0.970142500145,-1.188042669791E-16,-0.242535625036
    ));
#6582 = DIRECTION('',(-0.242535625036,2.970106674478E-17,-0.970142500145
    ));
#6583 = ADVANCED_FACE('',(#6584),#6595,.F.);
#6584 = FACE_BOUND('',#6585,.T.);
#6585 = EDGE_LOOP('',(#6586,#6587,#6588,#6594));
#6586 = ORIENTED_EDGE('',*,*,#4206,.F.);
#6587 = ORIENTED_EDGE('',*,*,#5188,.T.);
#6588 = ORIENTED_EDGE('',*,*,#6589,.T.);
#6589 = EDGE_CURVE('',#5181,#3949,#6590,.T.);
#6590 = LINE('',#6591,#6592);
#6591 = CARTESIAN_POINT('',(18.877828,0.25543,6.600000000014));
#6592 = VECTOR('',#6593,1.);
#6593 = DIRECTION('',(0.235702260396,0.235702260396,0.942809041582));
#6594 = ORIENTED_EDGE('',*,*,#3948,.F.);
#6595 = PLANE('',#6596);
#6596 = AXIS2_PLACEMENT_3D('',#6597,#6598,#6599);
#6597 = CARTESIAN_POINT('',(19.577828,1.10543,9.400000000014));
#6598 = DIRECTION('',(0.970142500145,-1.188042669791E-16,-0.242535625036
    ));
#6599 = DIRECTION('',(-0.242535625036,2.970106674478E-17,-0.970142500145
    ));
#6600 = ADVANCED_FACE('',(#6601),#6635,.F.);
#6601 = FACE_BOUND('',#6602,.T.);
#6602 = EDGE_LOOP('',(#6603,#6613,#6621,#6629));
#6603 = ORIENTED_EDGE('',*,*,#6604,.T.);
#6604 = EDGE_CURVE('',#6605,#6607,#6609,.T.);
#6605 = VERTEX_POINT('',#6606);
#6606 = CARTESIAN_POINT('',(21.527828,1.40543,5.));
#6607 = VERTEX_POINT('',#6608);
#6608 = CARTESIAN_POINT('',(21.527828,1.40543,2.4));
#6609 = LINE('',#6610,#6611);
#6610 = CARTESIAN_POINT('',(21.527828,1.40543,7.05));
#6611 = VECTOR('',#6612,1.);
#6612 = DIRECTION('',(0.,0.,-1.));
#6613 = ORIENTED_EDGE('',*,*,#6614,.T.);
#6614 = EDGE_CURVE('',#6607,#6615,#6617,.T.);
#6615 = VERTEX_POINT('',#6616);
#6616 = CARTESIAN_POINT('',(21.527828,0.90543,2.4));
#6617 = LINE('',#6618,#6619);
#6618 = CARTESIAN_POINT('',(21.527828,1.808129797358,2.4));
#6619 = VECTOR('',#6620,1.);
#6620 = DIRECTION('',(0.,-1.,0.));
#6621 = ORIENTED_EDGE('',*,*,#6622,.T.);
#6622 = EDGE_CURVE('',#6615,#6623,#6625,.T.);
#6623 = VERTEX_POINT('',#6624);
#6624 = CARTESIAN_POINT('',(21.527828,0.90543,5.));
#6625 = LINE('',#6626,#6627);
#6626 = CARTESIAN_POINT('',(21.527828,0.90543,4.150000000014));
#6627 = VECTOR('',#6628,1.);
#6628 = DIRECTION('',(0.,0.,1.));
#6629 = ORIENTED_EDGE('',*,*,#6630,.F.);
#6630 = EDGE_CURVE('',#6605,#6623,#6631,.T.);
#6631 = LINE('',#6632,#6633);
#6632 = CARTESIAN_POINT('',(21.527828,0.,5.));
#6633 = VECTOR('',#6634,1.);
#6634 = DIRECTION('',(0.,-1.,1.224606353822E-16));
#6635 = PLANE('',#6636);
#6636 = AXIS2_PLACEMENT_3D('',#6637,#6638,#6639);
#6637 = CARTESIAN_POINT('',(21.527828,-1.29457,7.65));
#6638 = DIRECTION('',(1.,0.,0.));
#6639 = DIRECTION('',(0.,0.,1.));
#6640 = ADVANCED_FACE('',(#6641),#6659,.F.);
#6641 = FACE_BOUND('',#6642,.T.);
#6642 = EDGE_LOOP('',(#6643,#6644,#6645,#6653));
#6643 = ORIENTED_EDGE('',*,*,#5449,.T.);
#6644 = ORIENTED_EDGE('',*,*,#4550,.T.);
#6645 = ORIENTED_EDGE('',*,*,#6646,.T.);
#6646 = EDGE_CURVE('',#4543,#6647,#6649,.T.);
#6647 = VERTEX_POINT('',#6648);
#6648 = CARTESIAN_POINT('',(23.527828,-1.09457,5.));
#6649 = LINE('',#6650,#6651);
#6650 = CARTESIAN_POINT('',(23.527828,-1.09457,4.150000000014));
#6651 = VECTOR('',#6652,1.);
#6652 = DIRECTION('',(0.,0.,1.));
#6653 = ORIENTED_EDGE('',*,*,#6654,.F.);
#6654 = EDGE_CURVE('',#5450,#6647,#6655,.T.);
#6655 = LINE('',#6656,#6657);
#6656 = CARTESIAN_POINT('',(23.527828,0.,5.));
#6657 = VECTOR('',#6658,1.);
#6658 = DIRECTION('',(0.,-1.,1.224606353822E-16));
#6659 = PLANE('',#6660);
#6660 = AXIS2_PLACEMENT_3D('',#6661,#6662,#6663);
#6661 = CARTESIAN_POINT('',(23.527828,-3.29457,7.65));
#6662 = DIRECTION('',(1.,0.,0.));
#6663 = DIRECTION('',(0.,0.,1.));
#6664 = ADVANCED_FACE('',(#6665),#6681,.F.);
#6665 = FACE_BOUND('',#6666,.T.);
#6666 = EDGE_LOOP('',(#6667,#6668,#6674,#6675));
#6667 = ORIENTED_EDGE('',*,*,#3988,.T.);
#6668 = ORIENTED_EDGE('',*,*,#6669,.F.);
#6669 = EDGE_CURVE('',#4871,#3981,#6670,.T.);
#6670 = LINE('',#6671,#6672);
#6671 = CARTESIAN_POINT('',(16.027828,1.808129797358,9.200000000014));
#6672 = VECTOR('',#6673,1.);
#6673 = DIRECTION('',(-1.224606353822E-16,-1.,0.));
#6674 = ORIENTED_EDGE('',*,*,#4868,.F.);
#6675 = ORIENTED_EDGE('',*,*,#6676,.F.);
#6676 = EDGE_CURVE('',#3989,#4869,#6677,.T.);
#6677 = LINE('',#6678,#6679);
#6678 = CARTESIAN_POINT('',(15.927828,1.808129797358,9.600000000014));
#6679 = VECTOR('',#6680,1.);
#6680 = DIRECTION('',(1.224606353822E-16,1.,0.));
#6681 = PLANE('',#6682);
#6682 = AXIS2_PLACEMENT_3D('',#6683,#6684,#6685);
#6683 = CARTESIAN_POINT('',(15.977828,1.10543,9.400000000014));
#6684 = DIRECTION('',(-0.970142500145,1.188042669791E-16,-0.242535625036
    ));
#6685 = DIRECTION('',(0.242535625036,-2.970106674478E-17,-0.970142500145
    ));
#6686 = ADVANCED_FACE('',(#6687),#6703,.T.);
#6687 = FACE_BOUND('',#6688,.T.);
#6688 = EDGE_LOOP('',(#6689,#6690,#6696,#6702));
#6689 = ORIENTED_EDGE('',*,*,#6415,.T.);
#6690 = ORIENTED_EDGE('',*,*,#6691,.T.);
#6691 = EDGE_CURVE('',#6408,#3671,#6692,.T.);
#6692 = LINE('',#6693,#6694);
#6693 = CARTESIAN_POINT('',(18.677828,2.05543,5.));
#6694 = VECTOR('',#6695,1.);
#6695 = DIRECTION('',(0.235702260396,0.235702260396,0.942809041582));
#6696 = ORIENTED_EDGE('',*,*,#6697,.T.);
#6697 = EDGE_CURVE('',#3671,#4589,#6698,.T.);
#6698 = LINE('',#6699,#6700);
#6699 = CARTESIAN_POINT('',(18.027828,1.808129797358,2.4));
#6700 = VECTOR('',#6701,1.);
#6701 = DIRECTION('',(0.,-1.,0.));
#6702 = ORIENTED_EDGE('',*,*,#6324,.F.);
#6703 = PLANE('',#6704);
#6704 = AXIS2_PLACEMENT_3D('',#6705,#6706,#6707);
#6705 = CARTESIAN_POINT('',(17.977828,1.10543,2.2));
#6706 = DIRECTION('',(0.970142500145,0.,-0.242535625036));
#6707 = DIRECTION('',(0.242535625036,0.,0.970142500145));
#6708 = ADVANCED_FACE('',(#6709),#6732,.T.);
#6709 = FACE_BOUND('',#6710,.T.);
#6710 = EDGE_LOOP('',(#6711,#6712,#6720,#6726));
#6711 = ORIENTED_EDGE('',*,*,#6604,.F.);
#6712 = ORIENTED_EDGE('',*,*,#6713,.T.);
#6713 = EDGE_CURVE('',#6605,#6714,#6716,.T.);
#6714 = VERTEX_POINT('',#6715);
#6715 = CARTESIAN_POINT('',(22.027828,1.40543,5.));
#6716 = LINE('',#6717,#6718);
#6717 = CARTESIAN_POINT('',(0.,1.40543,5.));
#6718 = VECTOR('',#6719,1.);
#6719 = DIRECTION('',(1.,0.,0.));
#6720 = ORIENTED_EDGE('',*,*,#6721,.T.);
#6721 = EDGE_CURVE('',#6714,#6431,#6722,.T.);
#6722 = LINE('',#6723,#6724);
#6723 = CARTESIAN_POINT('',(22.027828,1.40543,7.434794375007));
#6724 = VECTOR('',#6725,1.);
#6725 = DIRECTION('',(0.,0.,-1.));
#6726 = ORIENTED_EDGE('',*,*,#6727,.F.);
#6727 = EDGE_CURVE('',#6607,#6431,#6728,.T.);
#6728 = LINE('',#6729,#6730);
#6729 = CARTESIAN_POINT('',(21.92853557827,1.40543,2.4));
#6730 = VECTOR('',#6731,1.);
#6731 = DIRECTION('',(1.,0.,0.));
#6732 = PLANE('',#6733);
#6733 = AXIS2_PLACEMENT_3D('',#6734,#6735,#6736);
#6734 = CARTESIAN_POINT('',(21.527828,1.40543,7.));
#6735 = DIRECTION('',(0.,1.,0.));
#6736 = DIRECTION('',(1.,0.,0.));
#6737 = ADVANCED_FACE('',(#6738),#6754,.F.);
#6738 = FACE_BOUND('',#6739,.T.);
#6739 = EDGE_LOOP('',(#6740,#6741,#6747,#6748));
#6740 = ORIENTED_EDGE('',*,*,#4886,.F.);
#6741 = ORIENTED_EDGE('',*,*,#6742,.T.);
#6742 = EDGE_CURVE('',#4879,#3971,#6743,.T.);
#6743 = LINE('',#6744,#6745);
#6744 = CARTESIAN_POINT('',(15.527828,1.808129797358,9.200000000014));
#6745 = VECTOR('',#6746,1.);
#6746 = DIRECTION('',(-1.224606353822E-16,-1.,0.));
#6747 = ORIENTED_EDGE('',*,*,#3970,.T.);
#6748 = ORIENTED_EDGE('',*,*,#6749,.F.);
#6749 = EDGE_CURVE('',#4887,#3973,#6750,.T.);
#6750 = LINE('',#6751,#6752);
#6751 = CARTESIAN_POINT('',(15.627828,1.808129797358,9.600000000014));
#6752 = VECTOR('',#6753,1.);
#6753 = DIRECTION('',(-1.224606353822E-16,-1.,0.));
#6754 = PLANE('',#6755);
#6755 = AXIS2_PLACEMENT_3D('',#6756,#6757,#6758);
#6756 = CARTESIAN_POINT('',(15.577828,1.10543,9.400000000014));
#6757 = DIRECTION('',(0.970142500145,-1.188042669791E-16,-0.242535625036
    ));
#6758 = DIRECTION('',(-0.242535625036,2.970106674478E-17,-0.970142500145
    ));
#6759 = ADVANCED_FACE('',(#6760),#6778,.T.);
#6760 = FACE_BOUND('',#6761,.T.);
#6761 = EDGE_LOOP('',(#6762,#6770,#6776,#6777));
#6762 = ORIENTED_EDGE('',*,*,#6763,.T.);
#6763 = EDGE_CURVE('',#5784,#6764,#6766,.T.);
#6764 = VERTEX_POINT('',#6765);
#6765 = CARTESIAN_POINT('',(19.527828,-1.09457,5.));
#6766 = LINE('',#6767,#6768);
#6767 = CARTESIAN_POINT('',(0.,-1.09457,5.));
#6768 = VECTOR('',#6769,1.);
#6769 = DIRECTION('',(-1.,0.,0.));
#6770 = ORIENTED_EDGE('',*,*,#6771,.F.);
#6771 = EDGE_CURVE('',#4731,#6764,#6772,.T.);
#6772 = LINE('',#6773,#6774);
#6773 = CARTESIAN_POINT('',(19.527828,-1.09457,4.150000000014));
#6774 = VECTOR('',#6775,1.);
#6775 = DIRECTION('',(0.,0.,1.));
#6776 = ORIENTED_EDGE('',*,*,#4730,.F.);
#6777 = ORIENTED_EDGE('',*,*,#5791,.T.);
#6778 = PLANE('',#6779);
#6779 = AXIS2_PLACEMENT_3D('',#6780,#6781,#6782);
#6780 = CARTESIAN_POINT('',(19.527828,-1.09457,7.));
#6781 = DIRECTION('',(0.,-1.,0.));
#6782 = DIRECTION('',(1.,0.,0.));
#6783 = ADVANCED_FACE('',(#6784),#6816,.F.);
#6784 = FACE_BOUND('',#6785,.T.);
#6785 = EDGE_LOOP('',(#6786,#6796,#6804,#6810));
#6786 = ORIENTED_EDGE('',*,*,#6787,.F.);
#6787 = EDGE_CURVE('',#6788,#6790,#6792,.T.);
#6788 = VERTEX_POINT('',#6789);
#6789 = CARTESIAN_POINT('',(21.527828,0.90543,6.45));
#6790 = VERTEX_POINT('',#6791);
#6791 = CARTESIAN_POINT('',(21.527828,1.40543,6.45));
#6792 = LINE('',#6793,#6794);
#6793 = CARTESIAN_POINT('',(21.527828,0.,6.45));
#6794 = VECTOR('',#6795,1.);
#6795 = DIRECTION('',(0.,1.,-2.449212707645E-16));
#6796 = ORIENTED_EDGE('',*,*,#6797,.T.);
#6797 = EDGE_CURVE('',#6788,#6798,#6800,.T.);
#6798 = VERTEX_POINT('',#6799);
#6799 = CARTESIAN_POINT('',(21.527828,0.90543,9.200000000014));
#6800 = LINE('',#6801,#6802);
#6801 = CARTESIAN_POINT('',(21.527828,0.90543,4.150000000014));
#6802 = VECTOR('',#6803,1.);
#6803 = DIRECTION('',(0.,0.,1.));
#6804 = ORIENTED_EDGE('',*,*,#6805,.F.);
#6805 = EDGE_CURVE('',#5690,#6798,#6806,.T.);
#6806 = LINE('',#6807,#6808);
#6807 = CARTESIAN_POINT('',(21.527828,1.808129797358,9.200000000014));
#6808 = VECTOR('',#6809,1.);
#6809 = DIRECTION('',(-1.224606353822E-16,-1.,0.));
#6810 = ORIENTED_EDGE('',*,*,#6811,.T.);
#6811 = EDGE_CURVE('',#5690,#6790,#6812,.T.);
#6812 = LINE('',#6813,#6814);
#6813 = CARTESIAN_POINT('',(21.527828,1.40543,7.05));
#6814 = VECTOR('',#6815,1.);
#6815 = DIRECTION('',(0.,0.,-1.));
#6816 = PLANE('',#6817);
#6817 = AXIS2_PLACEMENT_3D('',#6818,#6819,#6820);
#6818 = CARTESIAN_POINT('',(21.527828,-1.29457,7.65));
#6819 = DIRECTION('',(1.,0.,0.));
#6820 = DIRECTION('',(0.,0.,1.));
#6821 = ADVANCED_FACE('',(#6822),#6833,.T.);
#6822 = FACE_BOUND('',#6823,.T.);
#6823 = EDGE_LOOP('',(#6824,#6825,#6831,#6832));
#6824 = ORIENTED_EDGE('',*,*,#4410,.T.);
#6825 = ORIENTED_EDGE('',*,*,#6826,.F.);
#6826 = EDGE_CURVE('',#6607,#4403,#6827,.T.);
#6827 = LINE('',#6828,#6829);
#6828 = CARTESIAN_POINT('',(20.877828,2.05543,5.));
#6829 = VECTOR('',#6830,1.);
#6830 = DIRECTION('',(0.235702260396,-0.235702260396,-0.942809041582));
#6831 = ORIENTED_EDGE('',*,*,#6727,.T.);
#6832 = ORIENTED_EDGE('',*,*,#6430,.F.);
#6833 = PLANE('',#6834);
#6834 = AXIS2_PLACEMENT_3D('',#6835,#6836,#6837);
#6835 = CARTESIAN_POINT('',(21.777828,1.35543,2.2));
#6836 = DIRECTION('',(0.,0.970142500145,-0.242535625036));
#6837 = DIRECTION('',(0.,0.242535625036,0.970142500145));
#6838 = ADVANCED_FACE('',(#6839),#6850,.T.);
#6839 = FACE_BOUND('',#6840,.T.);
#6840 = EDGE_LOOP('',(#6841,#6842,#6848,#6849));
#6841 = ORIENTED_EDGE('',*,*,#6301,.F.);
#6842 = ORIENTED_EDGE('',*,*,#6843,.T.);
#6843 = EDGE_CURVE('',#6294,#3891,#6844,.T.);
#6844 = LINE('',#6845,#6846);
#6845 = CARTESIAN_POINT('',(24.027828,0.,6.45));
#6846 = VECTOR('',#6847,1.);
#6847 = DIRECTION('',(0.,1.,-2.449212707645E-16));
#6848 = ORIENTED_EDGE('',*,*,#3916,.F.);
#6849 = ORIENTED_EDGE('',*,*,#4471,.T.);
#6850 = PLANE('',#6851);
#6851 = AXIS2_PLACEMENT_3D('',#6852,#6853,#6854);
#6852 = CARTESIAN_POINT('',(24.027828,-1.09457,7.05));
#6853 = DIRECTION('',(1.,0.,0.));
#6854 = DIRECTION('',(-0.,1.,0.));
#6855 = ADVANCED_FACE('',(#6856),#6881,.T.);
#6856 = FACE_BOUND('',#6857,.T.);
#6857 = EDGE_LOOP('',(#6858,#6866,#6874,#6880));
#6858 = ORIENTED_EDGE('',*,*,#6859,.F.);
#6859 = EDGE_CURVE('',#6860,#3503,#6862,.T.);
#6860 = VERTEX_POINT('',#6861);
#6861 = CARTESIAN_POINT('',(15.527828,-0.59457,5.));
#6862 = LINE('',#6863,#6864);
#6863 = CARTESIAN_POINT('',(15.527828,-0.59457,7.05));
#6864 = VECTOR('',#6865,1.);
#6865 = DIRECTION('',(0.,0.,-1.));
#6866 = ORIENTED_EDGE('',*,*,#6867,.T.);
#6867 = EDGE_CURVE('',#6860,#6868,#6870,.T.);
#6868 = VERTEX_POINT('',#6869);
#6869 = CARTESIAN_POINT('',(16.027828,-0.59457,5.));
#6870 = LINE('',#6871,#6872);
#6871 = CARTESIAN_POINT('',(0.,-0.59457,5.));
#6872 = VECTOR('',#6873,1.);
#6873 = DIRECTION('',(1.,0.,0.));
#6874 = ORIENTED_EDGE('',*,*,#6875,.T.);
#6875 = EDGE_CURVE('',#6868,#3511,#6876,.T.);
#6876 = LINE('',#6877,#6878);
#6877 = CARTESIAN_POINT('',(16.027828,-0.59457,7.434794375007));
#6878 = VECTOR('',#6879,1.);
#6879 = DIRECTION('',(0.,0.,-1.));
#6880 = ORIENTED_EDGE('',*,*,#3510,.F.);
#6881 = PLANE('',#6882);
#6882 = AXIS2_PLACEMENT_3D('',#6883,#6884,#6885);
#6883 = CARTESIAN_POINT('',(15.527828,-0.59457,7.));
#6884 = DIRECTION('',(0.,1.,0.));
#6885 = DIRECTION('',(1.,0.,0.));
#6886 = ADVANCED_FACE('',(#6887),#6903,.T.);
#6887 = FACE_BOUND('',#6888,.T.);
#6888 = EDGE_LOOP('',(#6889,#6890,#6891,#6897));
#6889 = ORIENTED_EDGE('',*,*,#4392,.T.);
#6890 = ORIENTED_EDGE('',*,*,#6446,.T.);
#6891 = ORIENTED_EDGE('',*,*,#6892,.T.);
#6892 = EDGE_CURVE('',#6439,#6615,#6893,.T.);
#6893 = LINE('',#6894,#6895);
#6894 = CARTESIAN_POINT('',(21.92853557827,0.90543,2.4));
#6895 = VECTOR('',#6896,1.);
#6896 = DIRECTION('',(-1.,0.,0.));
#6897 = ORIENTED_EDGE('',*,*,#6898,.T.);
#6898 = EDGE_CURVE('',#6615,#4393,#6899,.T.);
#6899 = LINE('',#6900,#6901);
#6900 = CARTESIAN_POINT('',(20.877828,0.25543,5.));
#6901 = VECTOR('',#6902,1.);
#6902 = DIRECTION('',(0.235702260396,0.235702260396,-0.942809041582));
#6903 = PLANE('',#6904);
#6904 = AXIS2_PLACEMENT_3D('',#6905,#6906,#6907);
#6905 = CARTESIAN_POINT('',(21.777828,0.95543,2.2));
#6906 = DIRECTION('',(0.,-0.970142500145,-0.242535625036));
#6907 = DIRECTION('',(0.,-0.242535625036,0.970142500145));
#6908 = ADVANCED_FACE('',(#6909),#6925,.T.);
#6909 = FACE_BOUND('',#6910,.T.);
#6910 = EDGE_LOOP('',(#6911,#6912,#6918,#6919));
#6911 = ORIENTED_EDGE('',*,*,#5737,.T.);
#6912 = ORIENTED_EDGE('',*,*,#6913,.F.);
#6913 = EDGE_CURVE('',#5851,#5730,#6914,.T.);
#6914 = LINE('',#6915,#6916);
#6915 = CARTESIAN_POINT('',(22.877828,2.05543,5.));
#6916 = VECTOR('',#6917,1.);
#6917 = DIRECTION('',(0.235702260396,-0.235702260396,-0.942809041582));
#6918 = ORIENTED_EDGE('',*,*,#5865,.T.);
#6919 = ORIENTED_EDGE('',*,*,#6920,.F.);
#6920 = EDGE_CURVE('',#5738,#5618,#6921,.T.);
#6921 = LINE('',#6922,#6923);
#6922 = CARTESIAN_POINT('',(24.677828,2.05543,5.));
#6923 = VECTOR('',#6924,1.);
#6924 = DIRECTION('',(0.235702260396,0.235702260396,0.942809041582));
#6925 = PLANE('',#6926);
#6926 = AXIS2_PLACEMENT_3D('',#6927,#6928,#6929);
#6927 = CARTESIAN_POINT('',(23.777828,1.35543,2.2));
#6928 = DIRECTION('',(0.,0.970142500145,-0.242535625036));
#6929 = DIRECTION('',(0.,0.242535625036,0.970142500145));
#6930 = ADVANCED_FACE('',(#6931),#6942,.T.);
#6931 = FACE_BOUND('',#6932,.T.);
#6932 = EDGE_LOOP('',(#6933,#6934,#6940,#6941));
#6933 = ORIENTED_EDGE('',*,*,#6124,.F.);
#6934 = ORIENTED_EDGE('',*,*,#6935,.T.);
#6935 = EDGE_CURVE('',#6125,#3773,#6936,.T.);
#6936 = LINE('',#6937,#6938);
#6937 = CARTESIAN_POINT('',(0.,1.40543,5.));
#6938 = VECTOR('',#6939,1.);
#6939 = DIRECTION('',(1.,0.,0.));
#6940 = ORIENTED_EDGE('',*,*,#3798,.T.);
#6941 = ORIENTED_EDGE('',*,*,#6390,.F.);
#6942 = PLANE('',#6943);
#6943 = AXIS2_PLACEMENT_3D('',#6944,#6945,#6946);
#6944 = CARTESIAN_POINT('',(15.527828,1.40543,7.));
#6945 = DIRECTION('',(0.,1.,0.));
#6946 = DIRECTION('',(1.,0.,0.));
#6947 = ADVANCED_FACE('',(#6948),#6973,.T.);
#6948 = FACE_BOUND('',#6949,.T.);
#6949 = EDGE_LOOP('',(#6950,#6960,#6966,#6967));
#6950 = ORIENTED_EDGE('',*,*,#6951,.F.);
#6951 = EDGE_CURVE('',#6952,#6954,#6956,.T.);
#6952 = VERTEX_POINT('',#6953);
#6953 = CARTESIAN_POINT('',(17.627828,-0.99457,2.));
#6954 = VERTEX_POINT('',#6955);
#6955 = CARTESIAN_POINT('',(17.927828,-0.99457,2.));
#6956 = LINE('',#6957,#6958);
#6957 = CARTESIAN_POINT('',(17.92853557827,-0.99457,2.));
#6958 = VECTOR('',#6959,1.);
#6959 = DIRECTION('',(1.,0.,0.));
#6960 = ORIENTED_EDGE('',*,*,#6961,.F.);
#6961 = EDGE_CURVE('',#5353,#6952,#6962,.T.);
#6962 = LINE('',#6963,#6964);
#6963 = CARTESIAN_POINT('',(17.627828,-0.191870202642,2.));
#6964 = VECTOR('',#6965,1.);
#6965 = DIRECTION('',(0.,-1.,0.));
#6966 = ORIENTED_EDGE('',*,*,#5350,.F.);
#6967 = ORIENTED_EDGE('',*,*,#6968,.F.);
#6968 = EDGE_CURVE('',#6954,#5351,#6969,.T.);
#6969 = LINE('',#6970,#6971);
#6970 = CARTESIAN_POINT('',(17.927828,-0.191870202642,2.));
#6971 = VECTOR('',#6972,1.);
#6972 = DIRECTION('',(0.,1.,0.));
#6973 = PLANE('',#6974);
#6974 = AXIS2_PLACEMENT_3D('',#6975,#6976,#6977);
#6975 = CARTESIAN_POINT('',(17.92853557827,-0.191870202642,2.));
#6976 = DIRECTION('',(0.,0.,-1.));
#6977 = DIRECTION('',(-1.,0.,0.));
#6978 = ADVANCED_FACE('',(#6979),#7155,.F.);
#6979 = FACE_BOUND('',#6980,.T.);
#6980 = EDGE_LOOP('',(#6981,#6991,#6999,#7005,#7006,#7007,#7008,#7014,
    #7015,#7021,#7022,#7030,#7036,#7037,#7045,#7053,#7061,#7069,#7077,
    #7085,#7093,#7101,#7109,#7117,#7125,#7133,#7141,#7149));
#6981 = ORIENTED_EDGE('',*,*,#6982,.F.);
#6982 = EDGE_CURVE('',#6983,#6985,#6987,.T.);
#6983 = VERTEX_POINT('',#6984);
#6984 = CARTESIAN_POINT('',(15.277828,2.05543,6.6));
#6985 = VERTEX_POINT('',#6986);
#6986 = CARTESIAN_POINT('',(14.277828,2.05543,6.6));
#6987 = LINE('',#6988,#6989);
#6988 = CARTESIAN_POINT('',(15.555656,2.05543,6.6));
#6989 = VECTOR('',#6990,1.);
#6990 = DIRECTION('',(-1.,0.,0.));
#6991 = ORIENTED_EDGE('',*,*,#6992,.T.);
#6992 = EDGE_CURVE('',#6983,#6993,#6995,.T.);
#6993 = VERTEX_POINT('',#6994);
#6994 = CARTESIAN_POINT('',(15.277828,2.05543,6.45));
#6995 = LINE('',#6996,#6997);
#6996 = CARTESIAN_POINT('',(15.277828,2.05543,-5.034185275674E-16));
#6997 = VECTOR('',#6998,1.);
#6998 = DIRECTION('',(0.,-2.449212707645E-16,-1.));
#6999 = ORIENTED_EDGE('',*,*,#7000,.F.);
#7000 = EDGE_CURVE('',#5029,#6993,#7001,.T.);
#7001 = LINE('',#7002,#7003);
#7002 = CARTESIAN_POINT('',(18.,2.05543,6.45));
#7003 = VECTOR('',#7004,1.);
#7004 = DIRECTION('',(-1.,0.,0.));
#7005 = ORIENTED_EDGE('',*,*,#5028,.T.);
#7006 = ORIENTED_EDGE('',*,*,#4160,.F.);
#7007 = ORIENTED_EDGE('',*,*,#5258,.F.);
#7008 = ORIENTED_EDGE('',*,*,#7009,.T.);
#7009 = EDGE_CURVE('',#5251,#5321,#7010,.T.);
#7010 = LINE('',#7011,#7012);
#7011 = CARTESIAN_POINT('',(15.555656,2.05543,6.45));
#7012 = VECTOR('',#7013,1.);
#7013 = DIRECTION('',(1.,0.,0.));
#7014 = ORIENTED_EDGE('',*,*,#5320,.F.);
#7015 = ORIENTED_EDGE('',*,*,#7016,.F.);
#7016 = EDGE_CURVE('',#4129,#5311,#7017,.T.);
#7017 = LINE('',#7018,#7019);
#7018 = CARTESIAN_POINT('',(15.555656,2.05543,6.6));
#7019 = VECTOR('',#7020,1.);
#7020 = DIRECTION('',(-1.,0.,0.));
#7021 = ORIENTED_EDGE('',*,*,#4128,.T.);
#7022 = ORIENTED_EDGE('',*,*,#7023,.F.);
#7023 = EDGE_CURVE('',#7024,#4121,#7026,.T.);
#7024 = VERTEX_POINT('',#7025);
#7025 = CARTESIAN_POINT('',(20.277828,2.05543,6.45));
#7026 = LINE('',#7027,#7028);
#7027 = CARTESIAN_POINT('',(22.,2.05543,6.45));
#7028 = VECTOR('',#7029,1.);
#7029 = DIRECTION('',(-1.,0.,0.));
#7030 = ORIENTED_EDGE('',*,*,#7031,.T.);
#7031 = EDGE_CURVE('',#7024,#5095,#7032,.T.);
#7032 = LINE('',#7033,#7034);
#7033 = CARTESIAN_POINT('',(20.277828,2.05543,-9.860761315263E-32));
#7034 = VECTOR('',#7035,1.);
#7035 = DIRECTION('',(0.,0.,1.));
#7036 = ORIENTED_EDGE('',*,*,#5092,.F.);
#7037 = ORIENTED_EDGE('',*,*,#7038,.T.);
#7038 = EDGE_CURVE('',#5093,#7039,#7041,.T.);
#7039 = VERTEX_POINT('',#7040);
#7040 = CARTESIAN_POINT('',(21.277828,2.05543,6.45));
#7041 = LINE('',#7042,#7043);
#7042 = CARTESIAN_POINT('',(21.277828,2.05543,-9.860761315263E-32));
#7043 = VECTOR('',#7044,1.);
#7044 = DIRECTION('',(0.,0.,-1.));
#7045 = ORIENTED_EDGE('',*,*,#7046,.F.);
#7046 = EDGE_CURVE('',#7047,#7039,#7049,.T.);
#7047 = VERTEX_POINT('',#7048);
#7048 = CARTESIAN_POINT('',(22.277828,2.05543,6.45));
#7049 = LINE('',#7050,#7051);
#7050 = CARTESIAN_POINT('',(22.,2.05543,6.45));
#7051 = VECTOR('',#7052,1.);
#7052 = DIRECTION('',(-1.,0.,0.));
#7053 = ORIENTED_EDGE('',*,*,#7054,.T.);
#7054 = EDGE_CURVE('',#7047,#7055,#7057,.T.);
#7055 = VERTEX_POINT('',#7056);
#7056 = CARTESIAN_POINT('',(22.277828,2.05543,6.6));
#7057 = LINE('',#7058,#7059);
#7058 = CARTESIAN_POINT('',(22.277828,2.05543,-9.860761315263E-32));
#7059 = VECTOR('',#7060,1.);
#7060 = DIRECTION('',(0.,0.,1.));
#7061 = ORIENTED_EDGE('',*,*,#7062,.F.);
#7062 = EDGE_CURVE('',#7063,#7055,#7065,.T.);
#7063 = VERTEX_POINT('',#7064);
#7064 = CARTESIAN_POINT('',(23.277828,2.05543,6.6));
#7065 = LINE('',#7066,#7067);
#7066 = CARTESIAN_POINT('',(15.555656,2.05543,6.6));
#7067 = VECTOR('',#7068,1.);
#7068 = DIRECTION('',(-1.,0.,0.));
#7069 = ORIENTED_EDGE('',*,*,#7070,.T.);
#7070 = EDGE_CURVE('',#7063,#7071,#7073,.T.);
#7071 = VERTEX_POINT('',#7072);
#7072 = CARTESIAN_POINT('',(23.277828,2.05543,6.45));
#7073 = LINE('',#7074,#7075);
#7074 = CARTESIAN_POINT('',(23.277828,2.05543,-9.860761315263E-32));
#7075 = VECTOR('',#7076,1.);
#7076 = DIRECTION('',(0.,0.,-1.));
#7077 = ORIENTED_EDGE('',*,*,#7078,.F.);
#7078 = EDGE_CURVE('',#7079,#7071,#7081,.T.);
#7079 = VERTEX_POINT('',#7080);
#7080 = CARTESIAN_POINT('',(24.777828,2.05543,6.45));
#7081 = LINE('',#7082,#7083);
#7082 = CARTESIAN_POINT('',(22.,2.05543,6.45));
#7083 = VECTOR('',#7084,1.);
#7084 = DIRECTION('',(-1.,0.,0.));
#7085 = ORIENTED_EDGE('',*,*,#7086,.T.);
#7086 = EDGE_CURVE('',#7079,#7087,#7089,.T.);
#7087 = VERTEX_POINT('',#7088);
#7088 = CARTESIAN_POINT('',(24.777828,2.05543,6.6));
#7089 = LINE('',#7090,#7091);
#7090 = CARTESIAN_POINT('',(24.777828,2.05543,-9.860761315263E-32));
#7091 = VECTOR('',#7092,1.);
#7092 = DIRECTION('',(0.,0.,1.));
#7093 = ORIENTED_EDGE('',*,*,#7094,.F.);
#7094 = EDGE_CURVE('',#7095,#7087,#7097,.T.);
#7095 = VERTEX_POINT('',#7096);
#7096 = CARTESIAN_POINT('',(25.777828,2.05543,6.6));
#7097 = LINE('',#7098,#7099);
#7098 = CARTESIAN_POINT('',(15.555656,2.05543,6.6));
#7099 = VECTOR('',#7100,1.);
#7100 = DIRECTION('',(-1.,0.,0.));
#7101 = ORIENTED_EDGE('',*,*,#7102,.T.);
#7102 = EDGE_CURVE('',#7095,#7103,#7105,.T.);
#7103 = VERTEX_POINT('',#7104);
#7104 = CARTESIAN_POINT('',(25.777828,2.05543,5.6));
#7105 = LINE('',#7106,#7107);
#7106 = CARTESIAN_POINT('',(25.777828,2.05543,-2.517092637837E-16));
#7107 = VECTOR('',#7108,1.);
#7108 = DIRECTION('',(0.,-1.224606353822E-16,-1.));
#7109 = ORIENTED_EDGE('',*,*,#7110,.T.);
#7110 = EDGE_CURVE('',#7103,#7111,#7113,.T.);
#7111 = VERTEX_POINT('',#7112);
#7112 = CARTESIAN_POINT('',(11.777828,2.05543,5.6));
#7113 = LINE('',#7114,#7115);
#7114 = CARTESIAN_POINT('',(28.777828,2.05543,5.6));
#7115 = VECTOR('',#7116,1.);
#7116 = DIRECTION('',(-1.,0.,0.));
#7117 = ORIENTED_EDGE('',*,*,#7118,.F.);
#7118 = EDGE_CURVE('',#7119,#7111,#7121,.T.);
#7119 = VERTEX_POINT('',#7120);
#7120 = CARTESIAN_POINT('',(11.777828,2.05543,6.6));
#7121 = LINE('',#7122,#7123);
#7122 = CARTESIAN_POINT('',(11.777828,2.05543,0.));
#7123 = VECTOR('',#7124,1.);
#7124 = DIRECTION('',(0.,0.,-1.));
#7125 = ORIENTED_EDGE('',*,*,#7126,.T.);
#7126 = EDGE_CURVE('',#7119,#7127,#7129,.T.);
#7127 = VERTEX_POINT('',#7128);
#7128 = CARTESIAN_POINT('',(12.777828,2.05543,6.6));
#7129 = LINE('',#7130,#7131);
#7130 = CARTESIAN_POINT('',(22.,2.05543,6.6));
#7131 = VECTOR('',#7132,1.);
#7132 = DIRECTION('',(1.,0.,0.));
#7133 = ORIENTED_EDGE('',*,*,#7134,.F.);
#7134 = EDGE_CURVE('',#7135,#7127,#7137,.T.);
#7135 = VERTEX_POINT('',#7136);
#7136 = CARTESIAN_POINT('',(12.777828,2.05543,6.45));
#7137 = LINE('',#7138,#7139);
#7138 = CARTESIAN_POINT('',(12.777828,2.05543,2.517092637837E-16));
#7139 = VECTOR('',#7140,1.);
#7140 = DIRECTION('',(0.,-1.224606353822E-16,1.));
#7141 = ORIENTED_EDGE('',*,*,#7142,.T.);
#7142 = EDGE_CURVE('',#7135,#7143,#7145,.T.);
#7143 = VERTEX_POINT('',#7144);
#7144 = CARTESIAN_POINT('',(14.277828,2.05543,6.45));
#7145 = LINE('',#7146,#7147);
#7146 = CARTESIAN_POINT('',(15.555656,2.05543,6.45));
#7147 = VECTOR('',#7148,1.);
#7148 = DIRECTION('',(1.,0.,0.));
#7149 = ORIENTED_EDGE('',*,*,#7150,.F.);
#7150 = EDGE_CURVE('',#6985,#7143,#7151,.T.);
#7151 = LINE('',#7152,#7153);
#7152 = CARTESIAN_POINT('',(14.277828,2.05543,2.517092637837E-16));
#7153 = VECTOR('',#7154,1.);
#7154 = DIRECTION('',(0.,1.224606353822E-16,-1.));
#7155 = PLANE('',#7156);
#7156 = AXIS2_PLACEMENT_3D('',#7157,#7158,#7159);
#7157 = CARTESIAN_POINT('',(10.7778256,2.05543,5.6));
#7158 = DIRECTION('',(0.,-1.,2.449212707645E-16));
#7159 = DIRECTION('',(0.,2.449212707645E-16,1.));
#7160 = ADVANCED_FACE('',(#7161),#7167,.T.);
#7161 = FACE_BOUND('',#7162,.T.);
#7162 = EDGE_LOOP('',(#7163,#7164,#7165,#7166));
#7163 = ORIENTED_EDGE('',*,*,#6494,.T.);
#7164 = ORIENTED_EDGE('',*,*,#5014,.T.);
#7165 = ORIENTED_EDGE('',*,*,#5797,.T.);
#7166 = ORIENTED_EDGE('',*,*,#4722,.F.);
#7167 = PLANE('',#7168);
#7168 = AXIS2_PLACEMENT_3D('',#7169,#7170,#7171);
#7169 = CARTESIAN_POINT('',(19.977828,-0.89457,2.2));
#7170 = DIRECTION('',(0.970142500145,0.,-0.242535625036));
#7171 = DIRECTION('',(0.242535625036,0.,0.970142500145));
#7172 = ADVANCED_FACE('',(#7173),#7196,.T.);
#7173 = FACE_BOUND('',#7174,.T.);
#7174 = EDGE_LOOP('',(#7175,#7176,#7182,#7190));
#7175 = ORIENTED_EDGE('',*,*,#5719,.T.);
#7176 = ORIENTED_EDGE('',*,*,#7177,.T.);
#7177 = EDGE_CURVE('',#5722,#5610,#7178,.T.);
#7178 = LINE('',#7179,#7180);
#7179 = CARTESIAN_POINT('',(24.677828,0.25543,5.));
#7180 = VECTOR('',#7181,1.);
#7181 = DIRECTION('',(0.235702260396,-0.235702260396,0.942809041582));
#7182 = ORIENTED_EDGE('',*,*,#7183,.T.);
#7183 = EDGE_CURVE('',#5610,#7184,#7186,.T.);
#7184 = VERTEX_POINT('',#7185);
#7185 = CARTESIAN_POINT('',(23.527828,0.90543,2.4));
#7186 = LINE('',#7187,#7188);
#7187 = CARTESIAN_POINT('',(23.92853557827,0.90543,2.4));
#7188 = VECTOR('',#7189,1.);
#7189 = DIRECTION('',(-1.,0.,0.));
#7190 = ORIENTED_EDGE('',*,*,#7191,.T.);
#7191 = EDGE_CURVE('',#7184,#5720,#7192,.T.);
#7192 = LINE('',#7193,#7194);
#7193 = CARTESIAN_POINT('',(22.877828,0.25543,5.));
#7194 = VECTOR('',#7195,1.);
#7195 = DIRECTION('',(0.235702260396,0.235702260396,-0.942809041582));
#7196 = PLANE('',#7197);
#7197 = AXIS2_PLACEMENT_3D('',#7198,#7199,#7200);
#7198 = CARTESIAN_POINT('',(23.777828,0.95543,2.2));
#7199 = DIRECTION('',(0.,-0.970142500145,-0.242535625036));
#7200 = DIRECTION('',(0.,-0.242535625036,0.970142500145));
#7201 = ADVANCED_FACE('',(#7202),#7225,.T.);
#7202 = FACE_BOUND('',#7203,.T.);
#7203 = EDGE_LOOP('',(#7204,#7212,#7213,#7219));
#7204 = ORIENTED_EDGE('',*,*,#7205,.T.);
#7205 = EDGE_CURVE('',#7206,#6647,#7208,.T.);
#7206 = VERTEX_POINT('',#7207);
#7207 = CARTESIAN_POINT('',(24.027828,-1.09457,5.));
#7208 = LINE('',#7209,#7210);
#7209 = CARTESIAN_POINT('',(0.,-1.09457,5.));
#7210 = VECTOR('',#7211,1.);
#7211 = DIRECTION('',(-1.,0.,0.));
#7212 = ORIENTED_EDGE('',*,*,#6646,.F.);
#7213 = ORIENTED_EDGE('',*,*,#7214,.F.);
#7214 = EDGE_CURVE('',#6046,#4543,#7215,.T.);
#7215 = LINE('',#7216,#7217);
#7216 = CARTESIAN_POINT('',(23.92853557827,-1.09457,2.4));
#7217 = VECTOR('',#7218,1.);
#7218 = DIRECTION('',(-1.,0.,0.));
#7219 = ORIENTED_EDGE('',*,*,#7220,.T.);
#7220 = EDGE_CURVE('',#6046,#7206,#7221,.T.);
#7221 = LINE('',#7222,#7223);
#7222 = CARTESIAN_POINT('',(24.027828,-1.09457,5.));
#7223 = VECTOR('',#7224,1.);
#7224 = DIRECTION('',(0.,0.,1.));
#7225 = PLANE('',#7226);
#7226 = AXIS2_PLACEMENT_3D('',#7227,#7228,#7229);
#7227 = CARTESIAN_POINT('',(23.527828,-1.09457,7.));
#7228 = DIRECTION('',(0.,-1.,0.));
#7229 = DIRECTION('',(1.,0.,0.));
#7230 = ADVANCED_FACE('',(#7231),#7256,.T.);
#7231 = FACE_BOUND('',#7232,.T.);
#7232 = EDGE_LOOP('',(#7233,#7241,#7249,#7255));
#7233 = ORIENTED_EDGE('',*,*,#7234,.F.);
#7234 = EDGE_CURVE('',#7235,#6165,#7237,.T.);
#7235 = VERTEX_POINT('',#7236);
#7236 = CARTESIAN_POINT('',(20.027828,0.90543,6.45));
#7237 = LINE('',#7238,#7239);
#7238 = CARTESIAN_POINT('',(20.027828,0.90543,5.));
#7239 = VECTOR('',#7240,1.);
#7240 = DIRECTION('',(0.,0.,1.));
#7241 = ORIENTED_EDGE('',*,*,#7242,.T.);
#7242 = EDGE_CURVE('',#7235,#7243,#7245,.T.);
#7243 = VERTEX_POINT('',#7244);
#7244 = CARTESIAN_POINT('',(20.027828,1.40543,6.45));
#7245 = LINE('',#7246,#7247);
#7246 = CARTESIAN_POINT('',(20.027828,0.,6.45));
#7247 = VECTOR('',#7248,1.);
#7248 = DIRECTION('',(0.,1.,-2.449212707645E-16));
#7249 = ORIENTED_EDGE('',*,*,#7250,.F.);
#7250 = EDGE_CURVE('',#4191,#7243,#7251,.T.);
#7251 = LINE('',#7252,#7253);
#7252 = CARTESIAN_POINT('',(20.027828,1.40543,7.434794375007));
#7253 = VECTOR('',#7254,1.);
#7254 = DIRECTION('',(0.,0.,-1.));
#7255 = ORIENTED_EDGE('',*,*,#6172,.T.);
#7256 = PLANE('',#7257);
#7257 = AXIS2_PLACEMENT_3D('',#7258,#7259,#7260);
#7258 = CARTESIAN_POINT('',(20.027828,0.90543,7.05));
#7259 = DIRECTION('',(1.,0.,0.));
#7260 = DIRECTION('',(-0.,1.,0.));
#7261 = ADVANCED_FACE('',(#7262),#7278,.T.);
#7262 = FACE_BOUND('',#7263,.T.);
#7263 = EDGE_LOOP('',(#7264,#7270,#7271,#7277));
#7264 = ORIENTED_EDGE('',*,*,#7265,.T.);
#7265 = EDGE_CURVE('',#4951,#3493,#7266,.T.);
#7266 = LINE('',#7267,#7268);
#7267 = CARTESIAN_POINT('',(15.927828,-0.191870202642,2.));
#7268 = VECTOR('',#7269,1.);
#7269 = DIRECTION('',(0.,1.,0.));
#7270 = ORIENTED_EDGE('',*,*,#3518,.T.);
#7271 = ORIENTED_EDGE('',*,*,#7272,.T.);
#7272 = EDGE_CURVE('',#3511,#4959,#7273,.T.);
#7273 = LINE('',#7274,#7275);
#7274 = CARTESIAN_POINT('',(16.027828,-0.191870202642,2.4));
#7275 = VECTOR('',#7276,1.);
#7276 = DIRECTION('',(0.,-1.,0.));
#7277 = ORIENTED_EDGE('',*,*,#4958,.F.);
#7278 = PLANE('',#7279);
#7279 = AXIS2_PLACEMENT_3D('',#7280,#7281,#7282);
#7280 = CARTESIAN_POINT('',(15.977828,-0.89457,2.2));
#7281 = DIRECTION('',(0.970142500145,0.,-0.242535625036));
#7282 = DIRECTION('',(0.242535625036,0.,0.970142500145));
#7283 = ADVANCED_FACE('',(#7284),#7302,.T.);
#7284 = FACE_BOUND('',#7285,.T.);
#7285 = EDGE_LOOP('',(#7286,#7287,#7288,#7296));
#7286 = ORIENTED_EDGE('',*,*,#5070,.F.);
#7287 = ORIENTED_EDGE('',*,*,#6470,.T.);
#7288 = ORIENTED_EDGE('',*,*,#7289,.F.);
#7289 = EDGE_CURVE('',#7290,#6461,#7292,.T.);
#7290 = VERTEX_POINT('',#7291);
#7291 = CARTESIAN_POINT('',(21.277828,-2.34457,6.45));
#7292 = LINE('',#7293,#7294);
#7293 = CARTESIAN_POINT('',(21.277828,-2.34457,2.871175318981E-16));
#7294 = VECTOR('',#7295,1.);
#7295 = DIRECTION('',(0.,1.224606353822E-16,1.));
#7296 = ORIENTED_EDGE('',*,*,#7297,.T.);
#7297 = EDGE_CURVE('',#7290,#5071,#7298,.T.);
#7298 = LINE('',#7299,#7300);
#7299 = CARTESIAN_POINT('',(21.277828,3.457818883654E-16,6.45));
#7300 = VECTOR('',#7301,1.);
#7301 = DIRECTION('',(0.,1.,-2.449212707645E-16));
#7302 = PLANE('',#7303);
#7303 = AXIS2_PLACEMENT_3D('',#7304,#7305,#7306);
#7304 = CARTESIAN_POINT('',(21.277828,-2.34457,6.6));
#7305 = DIRECTION('',(1.,0.,0.));
#7306 = DIRECTION('',(0.,-1.,1.224606353822E-16));
#7307 = ADVANCED_FACE('',(#7308),#7326,.T.);
#7308 = FACE_BOUND('',#7309,.T.);
#7309 = EDGE_LOOP('',(#7310,#7318,#7324,#7325));
#7310 = ORIENTED_EDGE('',*,*,#7311,.T.);
#7311 = EDGE_CURVE('',#5602,#7312,#7314,.T.);
#7312 = VERTEX_POINT('',#7313);
#7313 = CARTESIAN_POINT('',(23.527828,0.90543,5.));
#7314 = LINE('',#7315,#7316);
#7315 = CARTESIAN_POINT('',(0.,0.90543,5.));
#7316 = VECTOR('',#7317,1.);
#7317 = DIRECTION('',(-1.,0.,0.));
#7318 = ORIENTED_EDGE('',*,*,#7319,.F.);
#7319 = EDGE_CURVE('',#7184,#7312,#7320,.T.);
#7320 = LINE('',#7321,#7322);
#7321 = CARTESIAN_POINT('',(23.527828,0.90543,4.150000000014));
#7322 = VECTOR('',#7323,1.);
#7323 = DIRECTION('',(0.,0.,1.));
#7324 = ORIENTED_EDGE('',*,*,#7183,.F.);
#7325 = ORIENTED_EDGE('',*,*,#5609,.T.);
#7326 = PLANE('',#7327);
#7327 = AXIS2_PLACEMENT_3D('',#7328,#7329,#7330);
#7328 = CARTESIAN_POINT('',(23.527828,0.90543,7.));
#7329 = DIRECTION('',(0.,-1.,0.));
#7330 = DIRECTION('',(1.,0.,0.));
#7331 = ADVANCED_FACE('',(#7332),#7343,.T.);
#7332 = FACE_BOUND('',#7333,.T.);
#7333 = EDGE_LOOP('',(#7334,#7340,#7341,#7342));
#7334 = ORIENTED_EDGE('',*,*,#7335,.T.);
#7335 = EDGE_CURVE('',#4535,#6037,#7336,.T.);
#7336 = LINE('',#7337,#7338);
#7337 = CARTESIAN_POINT('',(23.92853557827,-0.99457,2.));
#7338 = VECTOR('',#7339,1.);
#7339 = DIRECTION('',(1.,0.,0.));
#7340 = ORIENTED_EDGE('',*,*,#6053,.T.);
#7341 = ORIENTED_EDGE('',*,*,#7214,.T.);
#7342 = ORIENTED_EDGE('',*,*,#4542,.T.);
#7343 = PLANE('',#7344);
#7344 = AXIS2_PLACEMENT_3D('',#7345,#7346,#7347);
#7345 = CARTESIAN_POINT('',(23.777828,-1.04457,2.2));
#7346 = DIRECTION('',(0.,-0.970142500145,-0.242535625036));
#7347 = DIRECTION('',(0.,-0.242535625036,0.970142500145));
#7348 = ADVANCED_FACE('',(#7349),#7367,.T.);
#7349 = FACE_BOUND('',#7350,.T.);
#7350 = EDGE_LOOP('',(#7351,#7359,#7360,#7361));
#7351 = ORIENTED_EDGE('',*,*,#7352,.T.);
#7352 = EDGE_CURVE('',#7353,#6623,#7355,.T.);
#7353 = VERTEX_POINT('',#7354);
#7354 = CARTESIAN_POINT('',(22.027828,0.90543,5.));
#7355 = LINE('',#7356,#7357);
#7356 = CARTESIAN_POINT('',(0.,0.90543,5.));
#7357 = VECTOR('',#7358,1.);
#7358 = DIRECTION('',(-1.,0.,0.));
#7359 = ORIENTED_EDGE('',*,*,#6622,.F.);
#7360 = ORIENTED_EDGE('',*,*,#6892,.F.);
#7361 = ORIENTED_EDGE('',*,*,#7362,.T.);
#7362 = EDGE_CURVE('',#6439,#7353,#7363,.T.);
#7363 = LINE('',#7364,#7365);
#7364 = CARTESIAN_POINT('',(22.027828,0.90543,5.));
#7365 = VECTOR('',#7366,1.);
#7366 = DIRECTION('',(0.,0.,1.));
#7367 = PLANE('',#7368);
#7368 = AXIS2_PLACEMENT_3D('',#7369,#7370,#7371);
#7369 = CARTESIAN_POINT('',(21.527828,0.90543,7.));
#7370 = DIRECTION('',(0.,-1.,0.));
#7371 = DIRECTION('',(1.,0.,0.));
#7372 = ADVANCED_FACE('',(#7373),#7391,.F.);
#7373 = FACE_BOUND('',#7374,.T.);
#7374 = EDGE_LOOP('',(#7375,#7383,#7389,#7390));
#7375 = ORIENTED_EDGE('',*,*,#7376,.T.);
#7376 = EDGE_CURVE('',#5483,#7377,#7379,.T.);
#7377 = VERTEX_POINT('',#7378);
#7378 = CARTESIAN_POINT('',(16.027828,-0.59457,9.200000000014));
#7379 = LINE('',#7380,#7381);
#7380 = CARTESIAN_POINT('',(16.677828,5.543E-02,6.600000000014));
#7381 = VECTOR('',#7382,1.);
#7382 = DIRECTION('',(0.235702260396,0.235702260396,-0.942809041582));
#7383 = ORIENTED_EDGE('',*,*,#7384,.F.);
#7384 = EDGE_CURVE('',#6557,#7377,#7385,.T.);
#7385 = LINE('',#7386,#7387);
#7386 = CARTESIAN_POINT('',(15.92853557827,-0.59457,9.200000000014));
#7387 = VECTOR('',#7388,1.);
#7388 = DIRECTION('',(1.,-1.224606353822E-16,0.));
#7389 = ORIENTED_EDGE('',*,*,#6556,.T.);
#7390 = ORIENTED_EDGE('',*,*,#5490,.F.);
#7391 = PLANE('',#7392);
#7392 = AXIS2_PLACEMENT_3D('',#7393,#7394,#7395);
#7393 = CARTESIAN_POINT('',(15.777828,-0.64457,9.400000000014));
#7394 = DIRECTION('',(-1.188042669791E-16,-0.970142500145,
    -0.242535625036));
#7395 = DIRECTION('',(2.970106674478E-17,0.242535625036,-0.970142500145)
  );
#7396 = ADVANCED_FACE('',(#7397),#7431,.T.);
#7397 = FACE_BOUND('',#7398,.T.);
#7398 = EDGE_LOOP('',(#7399,#7409,#7417,#7425));
#7399 = ORIENTED_EDGE('',*,*,#7400,.F.);
#7400 = EDGE_CURVE('',#7401,#7403,#7405,.T.);
#7401 = VERTEX_POINT('',#7402);
#7402 = CARTESIAN_POINT('',(18.277828,-0.34457,6.6));
#7403 = VERTEX_POINT('',#7404);
#7404 = CARTESIAN_POINT('',(18.277828,-2.34457,6.6));
#7405 = LINE('',#7406,#7407);
#7406 = CARTESIAN_POINT('',(18.277828,3.641509836727E-16,6.6));
#7407 = VECTOR('',#7408,1.);
#7408 = DIRECTION('',(0.,-1.,1.224606353822E-16));
#7409 = ORIENTED_EDGE('',*,*,#7410,.F.);
#7410 = EDGE_CURVE('',#7411,#7401,#7413,.T.);
#7411 = VERTEX_POINT('',#7412);
#7412 = CARTESIAN_POINT('',(18.277828,-0.34457,6.45));
#7413 = LINE('',#7414,#7415);
#7414 = CARTESIAN_POINT('',(18.277828,-0.34457,4.219626113366E-17));
#7415 = VECTOR('',#7416,1.);
#7416 = DIRECTION('',(0.,0.,1.));
#7417 = ORIENTED_EDGE('',*,*,#7418,.F.);
#7418 = EDGE_CURVE('',#7419,#7411,#7421,.T.);
#7419 = VERTEX_POINT('',#7420);
#7420 = CARTESIAN_POINT('',(18.277828,-2.34457,6.45));
#7421 = LINE('',#7422,#7423);
#7422 = CARTESIAN_POINT('',(18.277828,3.457818883654E-16,6.45));
#7423 = VECTOR('',#7424,1.);
#7424 = DIRECTION('',(0.,1.,-1.224606353822E-16));
#7425 = ORIENTED_EDGE('',*,*,#7426,.F.);
#7426 = EDGE_CURVE('',#7403,#7419,#7427,.T.);
#7427 = LINE('',#7428,#7429);
#7428 = CARTESIAN_POINT('',(18.277828,-2.34457,2.871175318981E-16));
#7429 = VECTOR('',#7430,1.);
#7430 = DIRECTION('',(0.,-1.224606353822E-16,-1.));
#7431 = PLANE('',#7432);
#7432 = AXIS2_PLACEMENT_3D('',#7433,#7434,#7435);
#7433 = CARTESIAN_POINT('',(18.277828,-1.17457,6.6));
#7434 = DIRECTION('',(-1.,0.,0.));
#7435 = DIRECTION('',(0.,1.,-1.224606353822E-16));
#7436 = ADVANCED_FACE('',(#7437),#7462,.F.);
#7437 = FACE_BOUND('',#7438,.T.);
#7438 = EDGE_LOOP('',(#7439,#7449,#7455,#7456));
#7439 = ORIENTED_EDGE('',*,*,#7440,.T.);
#7440 = EDGE_CURVE('',#7441,#7443,#7445,.T.);
#7441 = VERTEX_POINT('',#7442);
#7442 = CARTESIAN_POINT('',(17.927828,-0.99457,9.600000000014));
#7443 = VERTEX_POINT('',#7444);
#7444 = CARTESIAN_POINT('',(18.027828,-1.09457,9.200000000014));
#7445 = LINE('',#7446,#7447);
#7446 = CARTESIAN_POINT('',(18.677828,-1.74457,6.600000000014));
#7447 = VECTOR('',#7448,1.);
#7448 = DIRECTION('',(0.235702260396,-0.235702260396,-0.942809041582));
#7449 = ORIENTED_EDGE('',*,*,#7450,.F.);
#7450 = EDGE_CURVE('',#4911,#7443,#7451,.T.);
#7451 = LINE('',#7452,#7453);
#7452 = CARTESIAN_POINT('',(18.027828,-0.191870202642,9.200000000014));
#7453 = VECTOR('',#7454,1.);
#7454 = DIRECTION('',(-1.224606353822E-16,-1.,0.));
#7455 = ORIENTED_EDGE('',*,*,#4908,.F.);
#7456 = ORIENTED_EDGE('',*,*,#7457,.F.);
#7457 = EDGE_CURVE('',#7441,#4909,#7458,.T.);
#7458 = LINE('',#7459,#7460);
#7459 = CARTESIAN_POINT('',(17.927828,-0.191870202642,9.600000000014));
#7460 = VECTOR('',#7461,1.);
#7461 = DIRECTION('',(1.224606353822E-16,1.,0.));
#7462 = PLANE('',#7463);
#7463 = AXIS2_PLACEMENT_3D('',#7464,#7465,#7466);
#7464 = CARTESIAN_POINT('',(17.977828,-0.89457,9.400000000014));
#7465 = DIRECTION('',(-0.970142500145,1.188042669791E-16,-0.242535625036
    ));
#7466 = DIRECTION('',(0.242535625036,-2.970106674478E-17,-0.970142500145
    ));
#7467 = ADVANCED_FACE('',(#7468),#7479,.T.);
#7468 = FACE_BOUND('',#7469,.T.);
#7469 = EDGE_LOOP('',(#7470,#7471,#7472,#7478));
#7470 = ORIENTED_EDGE('',*,*,#5729,.T.);
#7471 = ORIENTED_EDGE('',*,*,#7191,.F.);
#7472 = ORIENTED_EDGE('',*,*,#7473,.F.);
#7473 = EDGE_CURVE('',#5851,#7184,#7474,.T.);
#7474 = LINE('',#7475,#7476);
#7475 = CARTESIAN_POINT('',(23.527828,1.808129797358,2.4));
#7476 = VECTOR('',#7477,1.);
#7477 = DIRECTION('',(0.,-1.,0.));
#7478 = ORIENTED_EDGE('',*,*,#6913,.T.);
#7479 = PLANE('',#7480);
#7480 = AXIS2_PLACEMENT_3D('',#7481,#7482,#7483);
#7481 = CARTESIAN_POINT('',(23.577828,1.10543,2.2));
#7482 = DIRECTION('',(-0.970142500145,0.,-0.242535625036));
#7483 = DIRECTION('',(-0.242535625036,0.,0.970142500145));
#7484 = ADVANCED_FACE('',(#7485),#7496,.T.);
#7485 = FACE_BOUND('',#7486,.T.);
#7486 = EDGE_LOOP('',(#7487,#7488,#7489,#7490));
#7487 = ORIENTED_EDGE('',*,*,#4790,.F.);
#7488 = ORIENTED_EDGE('',*,*,#6067,.F.);
#7489 = ORIENTED_EDGE('',*,*,#3572,.F.);
#7490 = ORIENTED_EDGE('',*,*,#7491,.F.);
#7491 = EDGE_CURVE('',#4793,#3573,#7492,.T.);
#7492 = LINE('',#7493,#7494);
#7493 = CARTESIAN_POINT('',(19.927828,1.808129797358,2.));
#7494 = VECTOR('',#7495,1.);
#7495 = DIRECTION('',(0.,1.,0.));
#7496 = PLANE('',#7497);
#7497 = AXIS2_PLACEMENT_3D('',#7498,#7499,#7500);
#7498 = CARTESIAN_POINT('',(19.92853557827,1.808129797358,2.));
#7499 = DIRECTION('',(0.,0.,-1.));
#7500 = DIRECTION('',(-1.,0.,0.));
#7501 = ADVANCED_FACE('',(#7502),#7518,.T.);
#7502 = FACE_BOUND('',#7503,.T.);
#7503 = EDGE_LOOP('',(#7504,#7505,#7511,#7512));
#7504 = ORIENTED_EDGE('',*,*,#5180,.F.);
#7505 = ORIENTED_EDGE('',*,*,#7506,.T.);
#7506 = EDGE_CURVE('',#5171,#7235,#7507,.T.);
#7507 = LINE('',#7508,#7509);
#7508 = CARTESIAN_POINT('',(0.,0.90543,6.45));
#7509 = VECTOR('',#7510,1.);
#7510 = DIRECTION('',(1.,0.,0.));
#7511 = ORIENTED_EDGE('',*,*,#7234,.T.);
#7512 = ORIENTED_EDGE('',*,*,#7513,.T.);
#7513 = EDGE_CURVE('',#6165,#5181,#7514,.T.);
#7514 = LINE('',#7515,#7516);
#7515 = CARTESIAN_POINT('',(19.92853557827,0.90543,9.200000000014));
#7516 = VECTOR('',#7517,1.);
#7517 = DIRECTION('',(-1.,1.224606353822E-16,0.));
#7518 = PLANE('',#7519);
#7519 = AXIS2_PLACEMENT_3D('',#7520,#7521,#7522);
#7520 = CARTESIAN_POINT('',(19.527828,0.90543,7.));
#7521 = DIRECTION('',(0.,-1.,0.));
#7522 = DIRECTION('',(1.,0.,0.));
#7523 = ADVANCED_FACE('',(#7524),#7535,.T.);
#7524 = FACE_BOUND('',#7525,.T.);
#7525 = EDGE_LOOP('',(#7526,#7532,#7533,#7534));
#7526 = ORIENTED_EDGE('',*,*,#7527,.T.);
#7527 = EDGE_CURVE('',#6714,#7353,#7528,.T.);
#7528 = LINE('',#7529,#7530);
#7529 = CARTESIAN_POINT('',(22.027828,0.,5.));
#7530 = VECTOR('',#7531,1.);
#7531 = DIRECTION('',(0.,-1.,1.224606353822E-16));
#7532 = ORIENTED_EDGE('',*,*,#7362,.F.);
#7533 = ORIENTED_EDGE('',*,*,#6438,.F.);
#7534 = ORIENTED_EDGE('',*,*,#6721,.F.);
#7535 = PLANE('',#7536);
#7536 = AXIS2_PLACEMENT_3D('',#7537,#7538,#7539);
#7537 = CARTESIAN_POINT('',(22.027828,0.90543,7.05));
#7538 = DIRECTION('',(1.,0.,0.));
#7539 = DIRECTION('',(-0.,1.,0.));
#7540 = ADVANCED_FACE('',(#7541),#7575,.T.);
#7541 = FACE_BOUND('',#7542,.T.);
#7542 = EDGE_LOOP('',(#7543,#7553,#7561,#7569));
#7543 = ORIENTED_EDGE('',*,*,#7544,.T.);
#7544 = EDGE_CURVE('',#7545,#7547,#7549,.T.);
#7545 = VERTEX_POINT('',#7546);
#7546 = CARTESIAN_POINT('',(22.277828,-2.34457,6.6));
#7547 = VERTEX_POINT('',#7548);
#7548 = CARTESIAN_POINT('',(22.277828,-0.34457,6.6));
#7549 = LINE('',#7550,#7551);
#7550 = CARTESIAN_POINT('',(22.277828,3.641509836727E-16,6.6));
#7551 = VECTOR('',#7552,1.);
#7552 = DIRECTION('',(0.,1.,-1.224606353822E-16));
#7553 = ORIENTED_EDGE('',*,*,#7554,.T.);
#7554 = EDGE_CURVE('',#7547,#7555,#7557,.T.);
#7555 = VERTEX_POINT('',#7556);
#7556 = CARTESIAN_POINT('',(22.277828,-0.34457,6.45));
#7557 = LINE('',#7558,#7559);
#7558 = CARTESIAN_POINT('',(22.277828,-0.34457,-9.244463733059E-32));
#7559 = VECTOR('',#7560,1.);
#7560 = DIRECTION('',(0.,0.,-1.));
#7561 = ORIENTED_EDGE('',*,*,#7562,.F.);
#7562 = EDGE_CURVE('',#7563,#7555,#7565,.T.);
#7563 = VERTEX_POINT('',#7564);
#7564 = CARTESIAN_POINT('',(22.277828,-2.34457,6.45));
#7565 = LINE('',#7566,#7567);
#7566 = CARTESIAN_POINT('',(22.277828,2.775557561563E-16,6.45));
#7567 = VECTOR('',#7568,1.);
#7568 = DIRECTION('',(0.,1.,0.));
#7569 = ORIENTED_EDGE('',*,*,#7570,.F.);
#7570 = EDGE_CURVE('',#7545,#7563,#7571,.T.);
#7571 = LINE('',#7572,#7573);
#7572 = CARTESIAN_POINT('',(22.277828,-2.34457,2.871175318981E-16));
#7573 = VECTOR('',#7574,1.);
#7574 = DIRECTION('',(0.,-1.224606353822E-16,-1.));
#7575 = PLANE('',#7576);
#7576 = AXIS2_PLACEMENT_3D('',#7577,#7578,#7579);
#7577 = CARTESIAN_POINT('',(22.277828,-1.17457,6.6));
#7578 = DIRECTION('',(-1.,0.,0.));
#7579 = DIRECTION('',(0.,1.,-1.224606353822E-16));
#7580 = ADVANCED_FACE('',(#7581),#7604,.F.);
#7581 = FACE_BOUND('',#7582,.T.);
#7582 = EDGE_LOOP('',(#7583,#7591,#7597,#7603));
#7583 = ORIENTED_EDGE('',*,*,#7584,.T.);
#7584 = EDGE_CURVE('',#4362,#7585,#7587,.T.);
#7585 = VERTEX_POINT('',#7586);
#7586 = CARTESIAN_POINT('',(20.027828,-1.09457,9.200000000014));
#7587 = LINE('',#7588,#7589);
#7588 = CARTESIAN_POINT('',(20.677828,-1.74457,6.600000000014));
#7589 = VECTOR('',#7590,1.);
#7590 = DIRECTION('',(0.235702260396,-0.235702260396,-0.942809041582));
#7591 = ORIENTED_EDGE('',*,*,#7592,.F.);
#7592 = EDGE_CURVE('',#5149,#7585,#7593,.T.);
#7593 = LINE('',#7594,#7595);
#7594 = CARTESIAN_POINT('',(20.027828,-0.191870202642,9.200000000014));
#7595 = VECTOR('',#7596,1.);
#7596 = DIRECTION('',(-1.224606353822E-16,-1.,0.));
#7597 = ORIENTED_EDGE('',*,*,#7598,.F.);
#7598 = EDGE_CURVE('',#4364,#5149,#7599,.T.);
#7599 = LINE('',#7600,#7601);
#7600 = CARTESIAN_POINT('',(20.677828,5.543E-02,6.600000000014));
#7601 = VECTOR('',#7602,1.);
#7602 = DIRECTION('',(0.235702260396,0.235702260396,-0.942809041582));
#7603 = ORIENTED_EDGE('',*,*,#4361,.F.);
#7604 = PLANE('',#7605);
#7605 = AXIS2_PLACEMENT_3D('',#7606,#7607,#7608);
#7606 = CARTESIAN_POINT('',(19.977828,-0.89457,9.400000000014));
#7607 = DIRECTION('',(-0.970142500145,1.188042669791E-16,-0.242535625036
    ));
#7608 = DIRECTION('',(0.242535625036,-2.970106674478E-17,-0.970142500145
    ));
#7609 = ADVANCED_FACE('',(#7610),#7621,.F.);
#7610 = FACE_BOUND('',#7611,.T.);
#7611 = EDGE_LOOP('',(#7612,#7613,#7619,#7620));
#7612 = ORIENTED_EDGE('',*,*,#4316,.T.);
#7613 = ORIENTED_EDGE('',*,*,#7614,.T.);
#7614 = EDGE_CURVE('',#4309,#4755,#7615,.T.);
#7615 = LINE('',#7616,#7617);
#7616 = CARTESIAN_POINT('',(13.92853557827,1.30543,9.600000000014));
#7617 = VECTOR('',#7618,1.);
#7618 = DIRECTION('',(-1.,1.224606353822E-16,0.));
#7619 = ORIENTED_EDGE('',*,*,#4776,.T.);
#7620 = ORIENTED_EDGE('',*,*,#6191,.T.);
#7621 = PLANE('',#7622);
#7622 = AXIS2_PLACEMENT_3D('',#7623,#7624,#7625);
#7623 = CARTESIAN_POINT('',(13.92853557827,1.808129797358,9.600000000014
    ));
#7624 = DIRECTION('',(0.,0.,-1.));
#7625 = DIRECTION('',(-1.,1.224606353822E-16,0.));
#7626 = ADVANCED_FACE('',(#7627),#7645,.T.);
#7627 = FACE_BOUND('',#7628,.T.);
#7628 = EDGE_LOOP('',(#7629,#7637,#7643,#7644));
#7629 = ORIENTED_EDGE('',*,*,#7630,.F.);
#7630 = EDGE_CURVE('',#7631,#7585,#7633,.T.);
#7631 = VERTEX_POINT('',#7632);
#7632 = CARTESIAN_POINT('',(20.027828,-1.09457,6.45));
#7633 = LINE('',#7634,#7635);
#7634 = CARTESIAN_POINT('',(20.027828,-1.09457,5.));
#7635 = VECTOR('',#7636,1.);
#7636 = DIRECTION('',(0.,0.,1.));
#7637 = ORIENTED_EDGE('',*,*,#7638,.T.);
#7638 = EDGE_CURVE('',#7631,#5133,#7639,.T.);
#7639 = LINE('',#7640,#7641);
#7640 = CARTESIAN_POINT('',(20.027828,0.,6.45));
#7641 = VECTOR('',#7642,1.);
#7642 = DIRECTION('',(0.,1.,-2.449212707645E-16));
#7643 = ORIENTED_EDGE('',*,*,#5156,.F.);
#7644 = ORIENTED_EDGE('',*,*,#7592,.T.);
#7645 = PLANE('',#7646);
#7646 = AXIS2_PLACEMENT_3D('',#7647,#7648,#7649);
#7647 = CARTESIAN_POINT('',(20.027828,-1.09457,7.05));
#7648 = DIRECTION('',(1.,0.,0.));
#7649 = DIRECTION('',(-0.,1.,0.));
#7650 = ADVANCED_FACE('',(#7651),#7662,.T.);
#7651 = FACE_BOUND('',#7652,.T.);
#7652 = EDGE_LOOP('',(#7653,#7659,#7660,#7661));
#7653 = ORIENTED_EDGE('',*,*,#7654,.T.);
#7654 = EDGE_CURVE('',#7243,#5173,#7655,.T.);
#7655 = LINE('',#7656,#7657);
#7656 = CARTESIAN_POINT('',(0.,1.40543,6.45));
#7657 = VECTOR('',#7658,1.);
#7658 = DIRECTION('',(-1.,0.,0.));
#7659 = ORIENTED_EDGE('',*,*,#5194,.F.);
#7660 = ORIENTED_EDGE('',*,*,#4198,.T.);
#7661 = ORIENTED_EDGE('',*,*,#7250,.T.);
#7662 = PLANE('',#7663);
#7663 = AXIS2_PLACEMENT_3D('',#7664,#7665,#7666);
#7664 = CARTESIAN_POINT('',(19.527828,1.40543,7.));
#7665 = DIRECTION('',(0.,1.,0.));
#7666 = DIRECTION('',(1.,0.,0.));
#7667 = ADVANCED_FACE('',(#7668),#7686,.F.);
#7668 = FACE_BOUND('',#7669,.T.);
#7669 = EDGE_LOOP('',(#7670,#7671,#7672,#7680));
#7670 = ORIENTED_EDGE('',*,*,#6241,.F.);
#7671 = ORIENTED_EDGE('',*,*,#6102,.T.);
#7672 = ORIENTED_EDGE('',*,*,#7673,.T.);
#7673 = EDGE_CURVE('',#6095,#7674,#7676,.T.);
#7674 = VERTEX_POINT('',#7675);
#7675 = CARTESIAN_POINT('',(23.627828,1.00543,9.600000000014));
#7676 = LINE('',#7677,#7678);
#7677 = CARTESIAN_POINT('',(22.877828,0.25543,6.600000000014));
#7678 = VECTOR('',#7679,1.);
#7679 = DIRECTION('',(0.235702260396,0.235702260396,0.942809041582));
#7680 = ORIENTED_EDGE('',*,*,#7681,.F.);
#7681 = EDGE_CURVE('',#6242,#7674,#7682,.T.);
#7682 = LINE('',#7683,#7684);
#7683 = CARTESIAN_POINT('',(23.627828,1.808129797358,9.600000000014));
#7684 = VECTOR('',#7685,1.);
#7685 = DIRECTION('',(-1.224606353822E-16,-1.,0.));
#7686 = PLANE('',#7687);
#7687 = AXIS2_PLACEMENT_3D('',#7688,#7689,#7690);
#7688 = CARTESIAN_POINT('',(23.577828,1.10543,9.400000000014));
#7689 = DIRECTION('',(0.970142500145,-1.188042669791E-16,-0.242535625036
    ));
#7690 = DIRECTION('',(-0.242535625036,2.970106674478E-17,-0.970142500145
    ));
#7691 = ADVANCED_FACE('',(#7692),#7703,.F.);
#7692 = FACE_BOUND('',#7693,.T.);
#7693 = EDGE_LOOP('',(#7694,#7700,#7701,#7702));
#7694 = ORIENTED_EDGE('',*,*,#7695,.F.);
#7695 = EDGE_CURVE('',#3901,#4088,#7696,.T.);
#7696 = LINE('',#7697,#7698);
#7697 = CARTESIAN_POINT('',(22.877828,5.543E-02,6.600000000014));
#7698 = VECTOR('',#7699,1.);
#7699 = DIRECTION('',(0.235702260396,-0.235702260396,0.942809041582));
#7700 = ORIENTED_EDGE('',*,*,#4064,.T.);
#7701 = ORIENTED_EDGE('',*,*,#3850,.T.);
#7702 = ORIENTED_EDGE('',*,*,#4095,.F.);
#7703 = PLANE('',#7704);
#7704 = AXIS2_PLACEMENT_3D('',#7705,#7706,#7707);
#7705 = CARTESIAN_POINT('',(23.577828,-0.89457,9.400000000014));
#7706 = DIRECTION('',(0.970142500145,-1.188042669791E-16,-0.242535625036
    ));
#7707 = DIRECTION('',(-0.242535625036,2.970106674478E-17,-0.970142500145
    ));
#7708 = ADVANCED_FACE('',(#7709),#7727,.F.);
#7709 = FACE_BOUND('',#7710,.T.);
#7710 = EDGE_LOOP('',(#7711,#7712,#7720,#7726));
#7711 = ORIENTED_EDGE('',*,*,#4346,.T.);
#7712 = ORIENTED_EDGE('',*,*,#7713,.F.);
#7713 = EDGE_CURVE('',#7714,#4339,#7716,.T.);
#7714 = VERTEX_POINT('',#7715);
#7715 = CARTESIAN_POINT('',(17.527828,1.40543,9.200000000014));
#7716 = LINE('',#7717,#7718);
#7717 = CARTESIAN_POINT('',(17.92853557827,1.40543,9.200000000014));
#7718 = VECTOR('',#7719,1.);
#7719 = DIRECTION('',(1.,-1.224606353822E-16,0.));
#7720 = ORIENTED_EDGE('',*,*,#7721,.T.);
#7721 = EDGE_CURVE('',#7714,#3703,#7722,.T.);
#7722 = LINE('',#7723,#7724);
#7723 = CARTESIAN_POINT('',(16.877828,2.05543,6.600000000014));
#7724 = VECTOR('',#7725,1.);
#7725 = DIRECTION('',(0.235702260396,-0.235702260396,0.942809041582));
#7726 = ORIENTED_EDGE('',*,*,#3702,.F.);
#7727 = PLANE('',#7728);
#7728 = AXIS2_PLACEMENT_3D('',#7729,#7730,#7731);
#7729 = CARTESIAN_POINT('',(17.777828,1.35543,9.400000000014));
#7730 = DIRECTION('',(-1.188042669791E-16,-0.970142500145,
    -0.242535625036));
#7731 = DIRECTION('',(2.970106674478E-17,0.242535625036,-0.970142500145)
  );
#7732 = ADVANCED_FACE('',(#7733),#7751,.F.);
#7733 = FACE_BOUND('',#7734,.T.);
#7734 = EDGE_LOOP('',(#7735,#7736,#7744,#7750));
#7735 = ORIENTED_EDGE('',*,*,#5052,.T.);
#7736 = ORIENTED_EDGE('',*,*,#7737,.T.);
#7737 = EDGE_CURVE('',#5055,#7738,#7740,.T.);
#7738 = VERTEX_POINT('',#7739);
#7739 = CARTESIAN_POINT('',(20.277828,-2.34457,6.45));
#7740 = LINE('',#7741,#7742);
#7741 = CARTESIAN_POINT('',(20.277828,2.775557561563E-16,6.45));
#7742 = VECTOR('',#7743,1.);
#7743 = DIRECTION('',(0.,-1.,0.));
#7744 = ORIENTED_EDGE('',*,*,#7745,.F.);
#7745 = EDGE_CURVE('',#6463,#7738,#7746,.T.);
#7746 = LINE('',#7747,#7748);
#7747 = CARTESIAN_POINT('',(20.277828,-2.34457,2.871175318981E-16));
#7748 = VECTOR('',#7749,1.);
#7749 = DIRECTION('',(0.,-1.224606353822E-16,-1.));
#7750 = ORIENTED_EDGE('',*,*,#6477,.T.);
#7751 = PLANE('',#7752);
#7752 = AXIS2_PLACEMENT_3D('',#7753,#7754,#7755);
#7753 = CARTESIAN_POINT('',(20.277828,-1.17457,8.));
#7754 = DIRECTION('',(1.,0.,0.));
#7755 = DIRECTION('',(0.,-1.,0.));
#7756 = ADVANCED_FACE('',(#7757),#7763,.T.);
#7757 = FACE_BOUND('',#7758,.T.);
#7758 = EDGE_LOOP('',(#7759,#7760,#7761,#7762));
#7759 = ORIENTED_EDGE('',*,*,#5745,.T.);
#7760 = ORIENTED_EDGE('',*,*,#6920,.T.);
#7761 = ORIENTED_EDGE('',*,*,#5617,.T.);
#7762 = ORIENTED_EDGE('',*,*,#7177,.F.);
#7763 = PLANE('',#7764);
#7764 = AXIS2_PLACEMENT_3D('',#7765,#7766,#7767);
#7765 = CARTESIAN_POINT('',(23.977828,1.10543,2.2));
#7766 = DIRECTION('',(0.970142500145,0.,-0.242535625036));
#7767 = DIRECTION('',(0.242535625036,0.,0.970142500145));
#7768 = ADVANCED_FACE('',(#7769),#7780,.T.);
#7769 = FACE_BOUND('',#7770,.T.);
#7770 = EDGE_LOOP('',(#7771,#7777,#7778,#7779));
#7771 = ORIENTED_EDGE('',*,*,#7772,.T.);
#7772 = EDGE_CURVE('',#3663,#4573,#7773,.T.);
#7773 = LINE('',#7774,#7775);
#7774 = CARTESIAN_POINT('',(18.027828,0.,5.));
#7775 = VECTOR('',#7776,1.);
#7776 = DIRECTION('',(0.,-1.,1.224606353822E-16));
#7777 = ORIENTED_EDGE('',*,*,#4596,.F.);
#7778 = ORIENTED_EDGE('',*,*,#6697,.F.);
#7779 = ORIENTED_EDGE('',*,*,#3670,.F.);
#7780 = PLANE('',#7781);
#7781 = AXIS2_PLACEMENT_3D('',#7782,#7783,#7784);
#7782 = CARTESIAN_POINT('',(18.027828,0.90543,7.05));
#7783 = DIRECTION('',(1.,0.,0.));
#7784 = DIRECTION('',(-0.,1.,0.));
#7785 = ADVANCED_FACE('',(#7786),#7797,.F.);
#7786 = FACE_BOUND('',#7787,.T.);
#7787 = EDGE_LOOP('',(#7788,#7789,#7790,#7791));
#7788 = ORIENTED_EDGE('',*,*,#5848,.T.);
#7789 = ORIENTED_EDGE('',*,*,#7473,.T.);
#7790 = ORIENTED_EDGE('',*,*,#7319,.T.);
#7791 = ORIENTED_EDGE('',*,*,#7792,.F.);
#7792 = EDGE_CURVE('',#5849,#7312,#7793,.T.);
#7793 = LINE('',#7794,#7795);
#7794 = CARTESIAN_POINT('',(23.527828,0.,5.));
#7795 = VECTOR('',#7796,1.);
#7796 = DIRECTION('',(0.,-1.,1.224606353822E-16));
#7797 = PLANE('',#7798);
#7798 = AXIS2_PLACEMENT_3D('',#7799,#7800,#7801);
#7799 = CARTESIAN_POINT('',(23.527828,-1.29457,7.65));
#7800 = DIRECTION('',(1.,0.,0.));
#7801 = DIRECTION('',(0.,0.,1.));
#7802 = ADVANCED_FACE('',(#7803),#7819,.T.);
#7803 = FACE_BOUND('',#7804,.T.);
#7804 = EDGE_LOOP('',(#7805,#7806,#7812,#7813));
#7805 = ORIENTED_EDGE('',*,*,#6951,.T.);
#7806 = ORIENTED_EDGE('',*,*,#7807,.T.);
#7807 = EDGE_CURVE('',#6954,#5920,#7808,.T.);
#7808 = LINE('',#7809,#7810);
#7809 = CARTESIAN_POINT('',(18.677828,-1.74457,5.));
#7810 = VECTOR('',#7811,1.);
#7811 = DIRECTION('',(0.235702260396,-0.235702260396,0.942809041582));
#7812 = ORIENTED_EDGE('',*,*,#5919,.T.);
#7813 = ORIENTED_EDGE('',*,*,#7814,.T.);
#7814 = EDGE_CURVE('',#3543,#6952,#7815,.T.);
#7815 = LINE('',#7816,#7817);
#7816 = CARTESIAN_POINT('',(16.877828,-1.74457,5.));
#7817 = VECTOR('',#7818,1.);
#7818 = DIRECTION('',(0.235702260396,0.235702260396,-0.942809041582));
#7819 = PLANE('',#7820);
#7820 = AXIS2_PLACEMENT_3D('',#7821,#7822,#7823);
#7821 = CARTESIAN_POINT('',(17.777828,-1.04457,2.2));
#7822 = DIRECTION('',(0.,-0.970142500145,-0.242535625036));
#7823 = DIRECTION('',(0.,-0.242535625036,0.970142500145));
#7824 = ADVANCED_FACE('',(#7825),#7831,.T.);
#7825 = FACE_BOUND('',#7826,.T.);
#7826 = EDGE_LOOP('',(#7827,#7828,#7829,#7830));
#7827 = ORIENTED_EDGE('',*,*,#7335,.F.);
#7828 = ORIENTED_EDGE('',*,*,#4532,.F.);
#7829 = ORIENTED_EDGE('',*,*,#4650,.F.);
#7830 = ORIENTED_EDGE('',*,*,#6036,.F.);
#7831 = PLANE('',#7832);
#7832 = AXIS2_PLACEMENT_3D('',#7833,#7834,#7835);
#7833 = CARTESIAN_POINT('',(23.92853557827,-0.191870202642,2.));
#7834 = DIRECTION('',(0.,0.,-1.));
#7835 = DIRECTION('',(-1.,0.,0.));
#7836 = ADVANCED_FACE('',(#7837),#7853,.F.);
#7837 = FACE_BOUND('',#7838,.T.);
#7838 = EDGE_LOOP('',(#7839,#7840,#7846,#7847));
#7839 = ORIENTED_EDGE('',*,*,#4828,.T.);
#7840 = ORIENTED_EDGE('',*,*,#7841,.F.);
#7841 = EDGE_CURVE('',#7071,#4831,#7842,.T.);
#7842 = LINE('',#7843,#7844);
#7843 = CARTESIAN_POINT('',(23.277828,2.775557561563E-16,6.45));
#7844 = VECTOR('',#7845,1.);
#7845 = DIRECTION('',(0.,-1.,0.));
#7846 = ORIENTED_EDGE('',*,*,#7070,.F.);
#7847 = ORIENTED_EDGE('',*,*,#7848,.T.);
#7848 = EDGE_CURVE('',#7063,#4829,#7849,.T.);
#7849 = LINE('',#7850,#7851);
#7850 = CARTESIAN_POINT('',(23.277828,3.641509836727E-16,6.6));
#7851 = VECTOR('',#7852,1.);
#7852 = DIRECTION('',(0.,-1.,1.224606353822E-16));
#7853 = PLANE('',#7854);
#7854 = AXIS2_PLACEMENT_3D('',#7855,#7856,#7857);
#7855 = CARTESIAN_POINT('',(23.277828,2.05543,6.65));
#7856 = DIRECTION('',(-1.,0.,0.));
#7857 = DIRECTION('',(0.,1.,0.));
#7858 = ADVANCED_FACE('',(#7859),#7884,.T.);
#7859 = FACE_BOUND('',#7860,.T.);
#7860 = EDGE_LOOP('',(#7861,#7862,#7870,#7878));
#7861 = ORIENTED_EDGE('',*,*,#7110,.F.);
#7862 = ORIENTED_EDGE('',*,*,#7863,.T.);
#7863 = EDGE_CURVE('',#7103,#7864,#7866,.T.);
#7864 = VERTEX_POINT('',#7865);
#7865 = CARTESIAN_POINT('',(25.777828,2.65543,5.6));
#7866 = LINE('',#7867,#7868);
#7867 = CARTESIAN_POINT('',(25.777828,2.775557561563E-16,5.6));
#7868 = VECTOR('',#7869,1.);
#7869 = DIRECTION('',(0.,1.,0.));
#7870 = ORIENTED_EDGE('',*,*,#7871,.F.);
#7871 = EDGE_CURVE('',#7872,#7864,#7874,.T.);
#7872 = VERTEX_POINT('',#7873);
#7873 = CARTESIAN_POINT('',(11.777828,2.65543,5.6));
#7874 = LINE('',#7875,#7876);
#7875 = CARTESIAN_POINT('',(15.555656,2.65543,5.6));
#7876 = VECTOR('',#7877,1.);
#7877 = DIRECTION('',(1.,0.,0.));
#7878 = ORIENTED_EDGE('',*,*,#7879,.F.);
#7879 = EDGE_CURVE('',#7111,#7872,#7880,.T.);
#7880 = LINE('',#7881,#7882);
#7881 = CARTESIAN_POINT('',(11.777828,3.586540786582E-17,5.6));
#7882 = VECTOR('',#7883,1.);
#7883 = DIRECTION('',(0.,1.,1.224606353822E-16));
#7884 = PLANE('',#7885);
#7885 = AXIS2_PLACEMENT_3D('',#7886,#7887,#7888);
#7886 = CARTESIAN_POINT('',(6.777828,2.65543,5.6));
#7887 = DIRECTION('',(0.,2.449212707645E-16,1.));
#7888 = DIRECTION('',(0.,-1.,2.449212707645E-16));
#7889 = ADVANCED_FACE('',(#7890),#7913,.F.);
#7890 = FACE_BOUND('',#7891,.T.);
#7891 = EDGE_LOOP('',(#7892,#7900,#7906,#7907));
#7892 = ORIENTED_EDGE('',*,*,#7893,.T.);
#7893 = EDGE_CURVE('',#7894,#6534,#7896,.T.);
#7894 = VERTEX_POINT('',#7895);
#7895 = CARTESIAN_POINT('',(21.527828,-0.59457,5.));
#7896 = LINE('',#7897,#7898);
#7897 = CARTESIAN_POINT('',(21.527828,-0.59457,7.05));
#7898 = VECTOR('',#7899,1.);
#7899 = DIRECTION('',(0.,0.,-1.));
#7900 = ORIENTED_EDGE('',*,*,#7901,.T.);
#7901 = EDGE_CURVE('',#6534,#5283,#7902,.T.);
#7902 = LINE('',#7903,#7904);
#7903 = CARTESIAN_POINT('',(21.527828,-0.191870202642,2.4));
#7904 = VECTOR('',#7905,1.);
#7905 = DIRECTION('',(0.,-1.,0.));
#7906 = ORIENTED_EDGE('',*,*,#5282,.T.);
#7907 = ORIENTED_EDGE('',*,*,#7908,.F.);
#7908 = EDGE_CURVE('',#7894,#5275,#7909,.T.);
#7909 = LINE('',#7910,#7911);
#7910 = CARTESIAN_POINT('',(21.527828,0.,5.));
#7911 = VECTOR('',#7912,1.);
#7912 = DIRECTION('',(0.,-1.,1.224606353822E-16));
#7913 = PLANE('',#7914);
#7914 = AXIS2_PLACEMENT_3D('',#7915,#7916,#7917);
#7915 = CARTESIAN_POINT('',(21.527828,-3.29457,7.65));
#7916 = DIRECTION('',(1.,0.,0.));
#7917 = DIRECTION('',(0.,0.,1.));
#7918 = ADVANCED_FACE('',(#7919),#7930,.T.);
#7919 = FACE_BOUND('',#7920,.T.);
#7920 = EDGE_LOOP('',(#7921,#7922,#7928,#7929));
#7921 = ORIENTED_EDGE('',*,*,#7893,.F.);
#7922 = ORIENTED_EDGE('',*,*,#7923,.T.);
#7923 = EDGE_CURVE('',#7894,#5576,#7924,.T.);
#7924 = LINE('',#7925,#7926);
#7925 = CARTESIAN_POINT('',(0.,-0.59457,5.));
#7926 = VECTOR('',#7927,1.);
#7927 = DIRECTION('',(1.,0.,0.));
#7928 = ORIENTED_EDGE('',*,*,#5585,.T.);
#7929 = ORIENTED_EDGE('',*,*,#6541,.F.);
#7930 = PLANE('',#7931);
#7931 = AXIS2_PLACEMENT_3D('',#7932,#7933,#7934);
#7932 = CARTESIAN_POINT('',(21.527828,-0.59457,7.));
#7933 = DIRECTION('',(0.,1.,0.));
#7934 = DIRECTION('',(1.,0.,0.));
#7935 = ADVANCED_FACE('',(#7936),#7968,.F.);
#7936 = FACE_BOUND('',#7937,.T.);
#7937 = EDGE_LOOP('',(#7938,#7948,#7956,#7962));
#7938 = ORIENTED_EDGE('',*,*,#7939,.F.);
#7939 = EDGE_CURVE('',#7940,#7942,#7944,.T.);
#7940 = VERTEX_POINT('',#7941);
#7941 = CARTESIAN_POINT('',(17.527828,0.90543,6.45));
#7942 = VERTEX_POINT('',#7943);
#7943 = CARTESIAN_POINT('',(17.527828,1.40543,6.45));
#7944 = LINE('',#7945,#7946);
#7945 = CARTESIAN_POINT('',(17.527828,0.,6.45));
#7946 = VECTOR('',#7947,1.);
#7947 = DIRECTION('',(0.,1.,-2.449212707645E-16));
#7948 = ORIENTED_EDGE('',*,*,#7949,.T.);
#7949 = EDGE_CURVE('',#7940,#7950,#7952,.T.);
#7950 = VERTEX_POINT('',#7951);
#7951 = CARTESIAN_POINT('',(17.527828,0.90543,9.200000000014));
#7952 = LINE('',#7953,#7954);
#7953 = CARTESIAN_POINT('',(17.527828,0.90543,4.150000000014));
#7954 = VECTOR('',#7955,1.);
#7955 = DIRECTION('',(0.,0.,1.));
#7956 = ORIENTED_EDGE('',*,*,#7957,.F.);
#7957 = EDGE_CURVE('',#7714,#7950,#7958,.T.);
#7958 = LINE('',#7959,#7960);
#7959 = CARTESIAN_POINT('',(17.527828,1.808129797358,9.200000000014));
#7960 = VECTOR('',#7961,1.);
#7961 = DIRECTION('',(-1.224606353822E-16,-1.,0.));
#7962 = ORIENTED_EDGE('',*,*,#7963,.T.);
#7963 = EDGE_CURVE('',#7714,#7942,#7964,.T.);
#7964 = LINE('',#7965,#7966);
#7965 = CARTESIAN_POINT('',(17.527828,1.40543,7.05));
#7966 = VECTOR('',#7967,1.);
#7967 = DIRECTION('',(0.,0.,-1.));
#7968 = PLANE('',#7969);
#7969 = AXIS2_PLACEMENT_3D('',#7970,#7971,#7972);
#7970 = CARTESIAN_POINT('',(17.527828,-1.29457,7.65));
#7971 = DIRECTION('',(1.,0.,0.));
#7972 = DIRECTION('',(0.,0.,1.));
#7973 = ADVANCED_FACE('',(#7974),#7985,.T.);
#7974 = FACE_BOUND('',#7975,.T.);
#7975 = EDGE_LOOP('',(#7976,#7982,#7983,#7984));
#7976 = ORIENTED_EDGE('',*,*,#7977,.T.);
#7977 = EDGE_CURVE('',#3775,#6143,#7978,.T.);
#7978 = LINE('',#7979,#7980);
#7979 = CARTESIAN_POINT('',(0.,0.90543,5.));
#7980 = VECTOR('',#7981,1.);
#7981 = DIRECTION('',(-1.,0.,0.));
#7982 = ORIENTED_EDGE('',*,*,#6142,.F.);
#7983 = ORIENTED_EDGE('',*,*,#6214,.F.);
#7984 = ORIENTED_EDGE('',*,*,#3782,.T.);
#7985 = PLANE('',#7986);
#7986 = AXIS2_PLACEMENT_3D('',#7987,#7988,#7989);
#7987 = CARTESIAN_POINT('',(15.527828,0.90543,7.));
#7988 = DIRECTION('',(0.,-1.,0.));
#7989 = DIRECTION('',(1.,0.,0.));
#7990 = ADVANCED_FACE('',(#7991),#8009,.F.);
#7991 = FACE_BOUND('',#7992,.T.);
#7992 = EDGE_LOOP('',(#7993,#8001,#8002,#8003));
#7993 = ORIENTED_EDGE('',*,*,#7994,.F.);
#7994 = EDGE_CURVE('',#3733,#7995,#7997,.T.);
#7995 = VERTEX_POINT('',#7996);
#7996 = CARTESIAN_POINT('',(13.527828,1.40543,6.45));
#7997 = LINE('',#7998,#7999);
#7998 = CARTESIAN_POINT('',(13.527828,0.,6.45));
#7999 = VECTOR('',#8000,1.);
#8000 = DIRECTION('',(0.,1.,-2.449212707645E-16));
#8001 = ORIENTED_EDGE('',*,*,#3732,.T.);
#8002 = ORIENTED_EDGE('',*,*,#4762,.F.);
#8003 = ORIENTED_EDGE('',*,*,#8004,.T.);
#8004 = EDGE_CURVE('',#4753,#7995,#8005,.T.);
#8005 = LINE('',#8006,#8007);
#8006 = CARTESIAN_POINT('',(13.527828,1.40543,7.05));
#8007 = VECTOR('',#8008,1.);
#8008 = DIRECTION('',(0.,0.,-1.));
#8009 = PLANE('',#8010);
#8010 = AXIS2_PLACEMENT_3D('',#8011,#8012,#8013);
#8011 = CARTESIAN_POINT('',(13.527828,-1.29457,7.65));
#8012 = DIRECTION('',(1.,0.,0.));
#8013 = DIRECTION('',(0.,0.,1.));
#8014 = ADVANCED_FACE('',(#8015),#8021,.T.);
#8015 = FACE_BOUND('',#8016,.T.);
#8016 = EDGE_LOOP('',(#8017,#8018,#8019,#8020));
#8017 = ORIENTED_EDGE('',*,*,#6407,.T.);
#8018 = ORIENTED_EDGE('',*,*,#4456,.F.);
#8019 = ORIENTED_EDGE('',*,*,#3678,.T.);
#8020 = ORIENTED_EDGE('',*,*,#6691,.F.);
#8021 = PLANE('',#8022);
#8022 = AXIS2_PLACEMENT_3D('',#8023,#8024,#8025);
#8023 = CARTESIAN_POINT('',(17.777828,1.35543,2.2));
#8024 = DIRECTION('',(0.,0.970142500145,-0.242535625036));
#8025 = DIRECTION('',(0.,0.242535625036,0.970142500145));
#8026 = ADVANCED_FACE('',(#8027),#8045,.F.);
#8027 = FACE_BOUND('',#8028,.T.);
#8028 = EDGE_LOOP('',(#8029,#8030,#8031,#8039));
#8029 = ORIENTED_EDGE('',*,*,#5834,.T.);
#8030 = ORIENTED_EDGE('',*,*,#5705,.T.);
#8031 = ORIENTED_EDGE('',*,*,#8032,.T.);
#8032 = EDGE_CURVE('',#5698,#8033,#8035,.T.);
#8033 = VERTEX_POINT('',#8034);
#8034 = CARTESIAN_POINT('',(21.627828,1.00543,9.600000000014));
#8035 = LINE('',#8036,#8037);
#8036 = CARTESIAN_POINT('',(21.627828,1.808129797358,9.600000000014));
#8037 = VECTOR('',#8038,1.);
#8038 = DIRECTION('',(-1.224606353822E-16,-1.,0.));
#8039 = ORIENTED_EDGE('',*,*,#8040,.T.);
#8040 = EDGE_CURVE('',#8033,#5818,#8041,.T.);
#8041 = LINE('',#8042,#8043);
#8042 = CARTESIAN_POINT('',(21.92853557827,1.00543,9.600000000014));
#8043 = VECTOR('',#8044,1.);
#8044 = DIRECTION('',(1.,-1.224606353822E-16,0.));
#8045 = PLANE('',#8046);
#8046 = AXIS2_PLACEMENT_3D('',#8047,#8048,#8049);
#8047 = CARTESIAN_POINT('',(21.92853557827,1.808129797358,9.600000000014
    ));
#8048 = DIRECTION('',(0.,0.,-1.));
#8049 = DIRECTION('',(-1.,1.224606353822E-16,0.));
#8050 = ADVANCED_FACE('',(#8051),#8057,.T.);
#8051 = FACE_BOUND('',#8052,.T.);
#8052 = EDGE_LOOP('',(#8053,#8054,#8055,#8056));
#8053 = ORIENTED_EDGE('',*,*,#6961,.T.);
#8054 = ORIENTED_EDGE('',*,*,#7814,.F.);
#8055 = ORIENTED_EDGE('',*,*,#3542,.F.);
#8056 = ORIENTED_EDGE('',*,*,#5360,.T.);
#8057 = PLANE('',#8058);
#8058 = AXIS2_PLACEMENT_3D('',#8059,#8060,#8061);
#8059 = CARTESIAN_POINT('',(17.577828,-0.89457,2.2));
#8060 = DIRECTION('',(-0.970142500145,0.,-0.242535625036));
#8061 = DIRECTION('',(-0.242535625036,0.,0.970142500145));
#8062 = ADVANCED_FACE('',(#8063),#8074,.T.);
#8063 = FACE_BOUND('',#8064,.T.);
#8064 = EDGE_LOOP('',(#8065,#8071,#8072,#8073));
#8065 = ORIENTED_EDGE('',*,*,#8066,.T.);
#8066 = EDGE_CURVE('',#6377,#6206,#8067,.T.);
#8067 = LINE('',#8068,#8069);
#8068 = CARTESIAN_POINT('',(15.627828,1.808129797358,2.));
#8069 = VECTOR('',#8070,1.);
#8070 = DIRECTION('',(0.,-1.,0.));
#8071 = ORIENTED_EDGE('',*,*,#6220,.F.);
#8072 = ORIENTED_EDGE('',*,*,#6134,.F.);
#8073 = ORIENTED_EDGE('',*,*,#6384,.T.);
#8074 = PLANE('',#8075);
#8075 = AXIS2_PLACEMENT_3D('',#8076,#8077,#8078);
#8076 = CARTESIAN_POINT('',(15.577828,1.10543,2.2));
#8077 = DIRECTION('',(-0.970142500145,0.,-0.242535625036));
#8078 = DIRECTION('',(-0.242535625036,0.,0.970142500145));
#8079 = ADVANCED_FACE('',(#8080),#8091,.F.);
#8080 = FACE_BOUND('',#8081,.T.);
#8081 = EDGE_LOOP('',(#8082,#8083,#8084,#8090));
#8082 = ORIENTED_EDGE('',*,*,#5697,.F.);
#8083 = ORIENTED_EDGE('',*,*,#6805,.T.);
#8084 = ORIENTED_EDGE('',*,*,#8085,.T.);
#8085 = EDGE_CURVE('',#6798,#8033,#8086,.T.);
#8086 = LINE('',#8087,#8088);
#8087 = CARTESIAN_POINT('',(20.877828,0.25543,6.600000000014));
#8088 = VECTOR('',#8089,1.);
#8089 = DIRECTION('',(0.235702260396,0.235702260396,0.942809041582));
#8090 = ORIENTED_EDGE('',*,*,#8032,.F.);
#8091 = PLANE('',#8092);
#8092 = AXIS2_PLACEMENT_3D('',#8093,#8094,#8095);
#8093 = CARTESIAN_POINT('',(21.577828,1.10543,9.400000000014));
#8094 = DIRECTION('',(0.970142500145,-1.188042669791E-16,-0.242535625036
    ));
#8095 = DIRECTION('',(-0.242535625036,2.970106674478E-17,-0.970142500145
    ));
#8096 = ADVANCED_FACE('',(#8097),#8131,.F.);
#8097 = FACE_BOUND('',#8098,.T.);
#8098 = EDGE_LOOP('',(#8099,#8109,#8117,#8125));
#8099 = ORIENTED_EDGE('',*,*,#8100,.F.);
#8100 = EDGE_CURVE('',#8101,#8103,#8105,.T.);
#8101 = VERTEX_POINT('',#8102);
#8102 = CARTESIAN_POINT('',(25.777828,-0.74457,3.1));
#8103 = VERTEX_POINT('',#8104);
#8104 = CARTESIAN_POINT('',(25.077828,-0.74457,3.1));
#8105 = LINE('',#8106,#8107);
#8106 = CARTESIAN_POINT('',(22.,-0.74457,3.1));
#8107 = VECTOR('',#8108,1.);
#8108 = DIRECTION('',(-1.,0.,0.));
#8109 = ORIENTED_EDGE('',*,*,#8110,.T.);
#8110 = EDGE_CURVE('',#8101,#8111,#8113,.T.);
#8111 = VERTEX_POINT('',#8112);
#8112 = CARTESIAN_POINT('',(25.777828,-0.74457,2.022028177491E-16));
#8113 = LINE('',#8114,#8115);
#8114 = CARTESIAN_POINT('',(25.777828,-0.74457,-8.628166150855E-32));
#8115 = VECTOR('',#8116,1.);
#8116 = DIRECTION('',(0.,0.,-1.));
#8117 = ORIENTED_EDGE('',*,*,#8118,.T.);
#8118 = EDGE_CURVE('',#8111,#8119,#8121,.T.);
#8119 = VERTEX_POINT('',#8120);
#8120 = CARTESIAN_POINT('',(25.077828,-0.74457,2.022028177491E-16));
#8121 = LINE('',#8122,#8123);
#8122 = CARTESIAN_POINT('',(25.777828,-0.74457,2.022028177491E-16));
#8123 = VECTOR('',#8124,1.);
#8124 = DIRECTION('',(-1.,0.,0.));
#8125 = ORIENTED_EDGE('',*,*,#8126,.F.);
#8126 = EDGE_CURVE('',#8103,#8119,#8127,.T.);
#8127 = LINE('',#8128,#8129);
#8128 = CARTESIAN_POINT('',(25.077828,-0.74457,9.118051528655E-17));
#8129 = VECTOR('',#8130,1.);
#8130 = DIRECTION('',(0.,-1.224606353822E-16,-1.));
#8131 = PLANE('',#8132);
#8132 = AXIS2_PLACEMENT_3D('',#8133,#8134,#8135);
#8133 = CARTESIAN_POINT('',(25.328638632314,-0.74457,0.159394827922));
#8134 = DIRECTION('',(0.,-1.,1.224606353822E-16));
#8135 = DIRECTION('',(1.,0.,0.));
#8136 = ADVANCED_FACE('',(#8137),#8254,.T.);
#8137 = FACE_BOUND('',#8138,.T.);
#8138 = EDGE_LOOP('',(#8139,#8140,#8194,#8202));
#8139 = ORIENTED_EDGE('',*,*,#8100,.T.);
#8140 = ORIENTED_EDGE('',*,*,#8141,.F.);
#8141 = EDGE_CURVE('',#8142,#8103,#8144,.T.);
#8142 = VERTEX_POINT('',#8143);
#8143 = CARTESIAN_POINT('',(25.077828,-0.34457,3.5));
#8144 = B_SPLINE_CURVE_WITH_KNOTS('',3,(#8145,#8146,#8147,#8148,#8149,
    #8150,#8151,#8152,#8153,#8154,#8155,#8156,#8157,#8158,#8159,#8160,
    #8161,#8162,#8163,#8164,#8165,#8166,#8167,#8168,#8169,#8170,#8171,
    #8172,#8173,#8174,#8175,#8176,#8177,#8178,#8179,#8180,#8181,#8182,
    #8183,#8184,#8185,#8186,#8187,#8188,#8189,#8190,#8191,#8192,#8193),
  .UNSPECIFIED.,.F.,.F.,(4,3,3,3,3,3,3,3,3,3,3,3,3,3,3,3,4),(0.,
    3.916891397883E-02,7.852273852549E-02,0.117867842819,0.157014758895,
    0.196213520198,0.235592654069,0.27495718791,0.314115709627,
    0.35330645733,0.392683009818,0.43205080151,0.471216965739,
    0.510399556517,0.549773357933,0.589144238955,0.628318530719),
  .UNSPECIFIED.);
#8145 = CARTESIAN_POINT('',(25.077828,-0.34457,3.5));
#8146 = CARTESIAN_POINT('',(25.077828,-0.357576075882,3.5));
#8147 = CARTESIAN_POINT('',(25.077828,-0.370641214601,3.499364302601));
#8148 = CARTESIAN_POINT('',(25.077828,-0.383676347007,3.498083777143));
#8149 = CARTESIAN_POINT('',(25.077828,-0.396711272119,3.496803272049));
#8150 = CARTESIAN_POINT('',(25.077828,-0.409713575429,3.494878028634));
#8151 = CARTESIAN_POINT('',(25.077828,-0.422589379067,3.492317443522));
#8152 = CARTESIAN_POINT('',(25.077828,-0.435465191922,3.489756856578));
#8153 = CARTESIAN_POINT('',(25.077828,-0.448211852582,3.48656146307));
#8154 = CARTESIAN_POINT('',(25.077828,-0.46073948543,3.482759259399));
#8155 = CARTESIAN_POINT('',(25.077828,-0.473268398986,3.478956667025));
#8156 = CARTESIAN_POINT('',(25.077828,-0.485571280018,3.47454994964));
#8157 = CARTESIAN_POINT('',(25.077828,-0.497583435371,3.469576634267));
#8158 = CARTESIAN_POINT('',(25.077828,-0.509609970205,3.46459736545));
#8159 = CARTESIAN_POINT('',(25.077828,-0.521447129619,3.459007352284));
#8160 = CARTESIAN_POINT('',(25.077828,-0.533008724326,3.452832605033));
#8161 = CARTESIAN_POINT('',(25.077828,-0.544570141249,3.446657952733));
#8162 = CARTESIAN_POINT('',(25.077828,-0.555853599602,3.439899662414));
#8163 = CARTESIAN_POINT('',(25.077828,-0.566775813522,3.432602730652));
#8164 = CARTESIAN_POINT('',(25.077828,-0.577698040456,3.425305790195));
#8165 = CARTESIAN_POINT('',(25.077828,-0.588256771635,3.417471727351));
#8166 = CARTESIAN_POINT('',(25.077828,-0.598379743873,3.409161145546));
#8167 = CARTESIAN_POINT('',(25.077828,-0.608503284279,3.400850097296));
#8168 = CARTESIAN_POINT('',(25.077828,-0.618187575694,3.39206584379));
#8169 = CARTESIAN_POINT('',(25.077828,-0.627381912244,3.382873509352));
#8170 = CARTESIAN_POINT('',(25.077828,-0.636584563259,3.373672862259));
#8171 = CARTESIAN_POINT('',(25.077828,-0.645379256243,3.363980192117));
#8172 = CARTESIAN_POINT('',(25.077828,-0.653696316463,3.353852162627));
#8173 = CARTESIAN_POINT('',(25.077828,-0.66201324456,3.343724294027));
#8174 = CARTESIAN_POINT('',(25.077828,-0.669850747329,3.333162987006));
#8175 = CARTESIAN_POINT('',(25.077828,-0.677148915594,3.322241456309));
#8176 = CARTESIAN_POINT('',(25.077828,-0.684447089072,3.31131991781));
#8177 = CARTESIAN_POINT('',(25.077828,-0.691204425135,3.300040418162));
#8178 = CARTESIAN_POINT('',(25.077828,-0.697377064101,3.288486539361));
#8179 = CARTESIAN_POINT('',(25.077828,-0.70354986953,3.276932348977));
#8180 = CARTESIAN_POINT('',(25.077828,-0.709136687335,3.265106666295));
#8181 = CARTESIAN_POINT('',(25.077828,-0.714113419321,3.253093635518));
#8182 = CARTESIAN_POINT('',(25.077828,-0.719092637003,3.241074604673));
#8183 = CARTESIAN_POINT('',(25.077828,-0.723507238241,3.228756634931));
#8184 = CARTESIAN_POINT('',(25.077828,-0.727314406505,3.216218412007));
#8185 = CARTESIAN_POINT('',(25.077828,-0.731121512348,3.203680394657));
#8186 = CARTESIAN_POINT('',(25.077828,-0.734320260926,3.190924577566));
#8187 = CARTESIAN_POINT('',(25.077828,-0.736883067138,3.178041382324));
#8188 = CARTESIAN_POINT('',(25.077828,-0.739445873961,3.165158184012));
#8189 = CARTESIAN_POINT('',(25.077828,-0.741372210887,3.152150272212));
#8190 = CARTESIAN_POINT('',(25.077828,-0.742653251344,3.139111699026));
#8191 = CARTESIAN_POINT('',(25.077828,-0.743934313461,3.12607290538));
#8192 = CARTESIAN_POINT('',(25.077828,-0.74457,3.113006065115));
#8193 = CARTESIAN_POINT('',(25.077828,-0.74457,3.1));
#8194 = ORIENTED_EDGE('',*,*,#8195,.F.);
#8195 = EDGE_CURVE('',#8196,#8142,#8198,.T.);
#8196 = VERTEX_POINT('',#8197);
#8197 = CARTESIAN_POINT('',(25.777828,-0.34457,3.5));
#8198 = LINE('',#8199,#8200);
#8199 = CARTESIAN_POINT('',(22.,-0.34457,3.5));
#8200 = VECTOR('',#8201,1.);
#8201 = DIRECTION('',(-1.,0.,0.));
#8202 = ORIENTED_EDGE('',*,*,#8203,.F.);
#8203 = EDGE_CURVE('',#8101,#8196,#8204,.T.);
#8204 = B_SPLINE_CURVE_WITH_KNOTS('',3,(#8205,#8206,#8207,#8208,#8209,
    #8210,#8211,#8212,#8213,#8214,#8215,#8216,#8217,#8218,#8219,#8220,
    #8221,#8222,#8223,#8224,#8225,#8226,#8227,#8228,#8229,#8230,#8231,
    #8232,#8233,#8234,#8235,#8236,#8237,#8238,#8239,#8240,#8241,#8242,
    #8243,#8244,#8245,#8246,#8247,#8248,#8249,#8250,#8251,#8252,#8253),
  .UNSPECIFIED.,.F.,.F.,(4,3,3,3,3,3,3,3,3,3,3,3,3,3,3,3,4),(0.,
    3.916891397883E-02,7.852273852549E-02,0.117867842819,0.157014758895,
    0.196213520198,0.235592654069,0.27495718791,0.314115709627,
    0.35330645733,0.392683009818,0.43205080151,0.471216965739,
    0.510399556517,0.549773357933,0.589144238955,0.628318530719),
  .UNSPECIFIED.);
#8205 = CARTESIAN_POINT('',(25.777828,-0.74457,3.1));
#8206 = CARTESIAN_POINT('',(25.777828,-0.74457,3.113006075871));
#8207 = CARTESIAN_POINT('',(25.777828,-0.743934302602,3.126071214591));
#8208 = CARTESIAN_POINT('',(25.777828,-0.742653777143,3.139106347007));
#8209 = CARTESIAN_POINT('',(25.777828,-0.741373272049,3.152141272119));
#8210 = CARTESIAN_POINT('',(25.777828,-0.739448028634,3.165143575429));
#8211 = CARTESIAN_POINT('',(25.777828,-0.736887443522,3.178019379067));
#8212 = CARTESIAN_POINT('',(25.777828,-0.734326856579,3.190895191918));
#8213 = CARTESIAN_POINT('',(25.777828,-0.731131463072,3.203641852578));
#8214 = CARTESIAN_POINT('',(25.777828,-0.727329259399,3.21616948543));
#8215 = CARTESIAN_POINT('',(25.777828,-0.723526667023,3.228698398993));
#8216 = CARTESIAN_POINT('',(25.777828,-0.719119949638,3.241001280024));
#8217 = CARTESIAN_POINT('',(25.777828,-0.714146634267,3.253013435371));
#8218 = CARTESIAN_POINT('',(25.777828,-0.70916736545,3.265039970205));
#8219 = CARTESIAN_POINT('',(25.777828,-0.703577352284,3.276877129619));
#8220 = CARTESIAN_POINT('',(25.777828,-0.697402605033,3.288438724326));
#8221 = CARTESIAN_POINT('',(25.777828,-0.691227952733,3.300000141249));
#8222 = CARTESIAN_POINT('',(25.777828,-0.684469662414,3.311283599602));
#8223 = CARTESIAN_POINT('',(25.777828,-0.677172730652,3.322205813522));
#8224 = CARTESIAN_POINT('',(25.777828,-0.669875790197,3.333128040452));
#8225 = CARTESIAN_POINT('',(25.777828,-0.662041727354,3.343686771631));
#8226 = CARTESIAN_POINT('',(25.777828,-0.653731145546,3.353809743873));
#8227 = CARTESIAN_POINT('',(25.777828,-0.645420097296,3.363933284279));
#8228 = CARTESIAN_POINT('',(25.777828,-0.63663584379,3.373617575694));
#8229 = CARTESIAN_POINT('',(25.777828,-0.627443509352,3.382811912244));
#8230 = CARTESIAN_POINT('',(25.777828,-0.618242862259,3.392014563259));
#8231 = CARTESIAN_POINT('',(25.777828,-0.608550192117,3.400809256243));
#8232 = CARTESIAN_POINT('',(25.777828,-0.598422162627,3.409126316463));
#8233 = CARTESIAN_POINT('',(25.777828,-0.588294294024,3.417443244562));
#8234 = CARTESIAN_POINT('',(25.777828,-0.577732987003,3.425280747332));
#8235 = CARTESIAN_POINT('',(25.777828,-0.566811456309,3.432578915594));
#8236 = CARTESIAN_POINT('',(25.777828,-0.555889917806,3.439877089075));
#8237 = CARTESIAN_POINT('',(25.777828,-0.544610418158,3.446634425137));
#8238 = CARTESIAN_POINT('',(25.777828,-0.533056539361,3.452807064101));
#8239 = CARTESIAN_POINT('',(25.777828,-0.521502348977,3.45897986953));
#8240 = CARTESIAN_POINT('',(25.777828,-0.509676666295,3.464566687335));
#8241 = CARTESIAN_POINT('',(25.777828,-0.497663635518,3.469543419321));
#8242 = CARTESIAN_POINT('',(25.777828,-0.485644604673,3.474522637003));
#8243 = CARTESIAN_POINT('',(25.777828,-0.473326634931,3.478937238241));
#8244 = CARTESIAN_POINT('',(25.777828,-0.460788412007,3.482744406505));
#8245 = CARTESIAN_POINT('',(25.777828,-0.448250394653,3.486551512349));
#8246 = CARTESIAN_POINT('',(25.777828,-0.435494577562,3.489750260927));
#8247 = CARTESIAN_POINT('',(25.777828,-0.422611382324,3.492313067138));
#8248 = CARTESIAN_POINT('',(25.777828,-0.409728184012,3.494875873961));
#8249 = CARTESIAN_POINT('',(25.777828,-0.396720272212,3.496802210887));
#8250 = CARTESIAN_POINT('',(25.777828,-0.383681699026,3.498083251344));
#8251 = CARTESIAN_POINT('',(25.777828,-0.37064290538,3.499364313461));
#8252 = CARTESIAN_POINT('',(25.777828,-0.357576065115,3.5));
#8253 = CARTESIAN_POINT('',(25.777828,-0.34457,3.5));
#8254 = ( BOUNDED_SURFACE() B_SPLINE_SURFACE(3,3,(
    (#8255,#8256,#8257,#8258)
    ,(#8259,#8260,#8261,#8262)
    ,(#8263,#8264,#8265,#8266)
    ,(#8267,#8268,#8269,#8270
)),.UNSPECIFIED.,.F.,.F.,.F.) B_SPLINE_SURFACE_WITH_KNOTS((4,4),(4,4),(
    -3.847837,-3.007819),(0.,1.570796326795),.PIECEWISE_BEZIER_KNOTS.) 
GEOMETRIC_REPRESENTATION_ITEM() RATIONAL_B_SPLINE_SURFACE((
    (1.,0.804737854124,0.804737854124,1.)
    ,(1.,0.804737854124,0.804737854124,1.)
    ,(1.,0.804737854124,0.804737854124,1.)
,(1.,0.804737854124,0.804737854124,1.
))) REPRESENTATION_ITEM('') SURFACE() );
#8255 = CARTESIAN_POINT('',(25.847837,-0.74457,3.1));
#8256 = CARTESIAN_POINT('',(25.847837,-0.74457,3.334314575051));
#8257 = CARTESIAN_POINT('',(25.847837,-0.578884575051,3.5));
#8258 = CARTESIAN_POINT('',(25.847837,-0.34457,3.5));
#8259 = CARTESIAN_POINT('',(25.567831,-0.74457,3.1));
#8260 = CARTESIAN_POINT('',(25.567831,-0.74457,3.334314575051));
#8261 = CARTESIAN_POINT('',(25.567831,-0.578884575051,3.5));
#8262 = CARTESIAN_POINT('',(25.567831,-0.34457,3.5));
#8263 = CARTESIAN_POINT('',(25.287825,-0.74457,3.1));
#8264 = CARTESIAN_POINT('',(25.287825,-0.74457,3.334314575051));
#8265 = CARTESIAN_POINT('',(25.287825,-0.578884575051,3.5));
#8266 = CARTESIAN_POINT('',(25.287825,-0.34457,3.5));
#8267 = CARTESIAN_POINT('',(25.007819,-0.74457,3.1));
#8268 = CARTESIAN_POINT('',(25.007819,-0.74457,3.334314575051));
#8269 = CARTESIAN_POINT('',(25.007819,-0.578884575051,3.5));
#8270 = CARTESIAN_POINT('',(25.007819,-0.34457,3.5));
#8271 = ADVANCED_FACE('',(#8272),#8389,.T.);
#8272 = FACE_BOUND('',#8273,.T.);
#8273 = EDGE_LOOP('',(#8274,#8275,#8329,#8337));
#8274 = ORIENTED_EDGE('',*,*,#8195,.T.);
#8275 = ORIENTED_EDGE('',*,*,#8276,.F.);
#8276 = EDGE_CURVE('',#8277,#8142,#8279,.T.);
#8277 = VERTEX_POINT('',#8278);
#8278 = CARTESIAN_POINT('',(25.077828,5.543E-02,3.1));
#8279 = B_SPLINE_CURVE_WITH_KNOTS('',3,(#8280,#8281,#8282,#8283,#8284,
    #8285,#8286,#8287,#8288,#8289,#8290,#8291,#8292,#8293,#8294,#8295,
    #8296,#8297,#8298,#8299,#8300,#8301,#8302,#8303,#8304,#8305,#8306,
    #8307,#8308,#8309,#8310,#8311,#8312,#8313,#8314,#8315,#8316,#8317,
    #8318,#8319,#8320,#8321,#8322,#8323,#8324,#8325,#8326,#8327,#8328),
  .UNSPECIFIED.,.F.,.F.,(4,3,3,3,3,3,3,3,3,3,3,3,3,3,3,3,4),(0.,
    3.916891397883E-02,7.852273852549E-02,0.117867842819,0.157014758895,
    0.196213520198,0.235592654069,0.27495718791,0.314115709627,
    0.35330645733,0.392683009818,0.43205080151,0.471216965739,
    0.510399556517,0.549773357933,0.589144238955,0.628318530719),
  .UNSPECIFIED.);
#8280 = CARTESIAN_POINT('',(25.077828,5.543E-02,3.1));
#8281 = CARTESIAN_POINT('',(25.077828,5.543E-02,3.113006075871));
#8282 = CARTESIAN_POINT('',(25.077828,5.479430260249E-02,3.126071214591)
  );
#8283 = CARTESIAN_POINT('',(25.077828,5.351377714325E-02,3.139106347007)
  );
#8284 = CARTESIAN_POINT('',(25.077828,5.223327204923E-02,3.152141272115)
  );
#8285 = CARTESIAN_POINT('',(25.077828,5.030802863467E-02,3.165143575425)
  );
#8286 = CARTESIAN_POINT('',(25.077828,4.774744352249E-02,3.178019379067)
  );
#8287 = CARTESIAN_POINT('',(25.077828,4.518685657799E-02,3.190895191922)
  );
#8288 = CARTESIAN_POINT('',(25.077828,4.199146307046E-02,3.203641852582)
  );
#8289 = CARTESIAN_POINT('',(25.077828,3.818925939853E-02,3.21616948543)
  );
#8290 = CARTESIAN_POINT('',(25.077828,3.438666702266E-02,3.228698398993)
  );
#8291 = CARTESIAN_POINT('',(25.077828,2.997994963757E-02,3.241001280024)
  );
#8292 = CARTESIAN_POINT('',(25.077828,2.500663426687E-02,3.253013435371)
  );
#8293 = CARTESIAN_POINT('',(25.077828,2.002736544968E-02,3.265039970205)
  );
#8294 = CARTESIAN_POINT('',(25.077828,1.443735228354E-02,3.276877129619)
  );
#8295 = CARTESIAN_POINT('',(25.077828,8.262605033122E-03,3.288438724326)
  );
#8296 = CARTESIAN_POINT('',(25.077828,2.087952734436E-03,3.300000141245)
  );
#8297 = CARTESIAN_POINT('',(25.077828,-4.67033758363E-03,3.311283599599)
  );
#8298 = CARTESIAN_POINT('',(25.077828,-1.196726934801E-02,3.322205813522
    ));
#8299 = CARTESIAN_POINT('',(25.077828,-1.926420980533E-02,3.333128040456
    ));
#8300 = CARTESIAN_POINT('',(25.077828,-2.709827264924E-02,3.343686771635
    ));
#8301 = CARTESIAN_POINT('',(25.077828,-3.540885445397E-02,3.353809743873
    ));
#8302 = CARTESIAN_POINT('',(25.077828,-4.371990270417E-02,3.363933284279
    ));
#8303 = CARTESIAN_POINT('',(25.077828,-5.250415621031E-02,3.373617575694
    ));
#8304 = CARTESIAN_POINT('',(25.077828,-6.169649064846E-02,3.382811912244
    ));
#8305 = CARTESIAN_POINT('',(25.077828,-7.089713774847E-02,3.392014563267
    ));
#8306 = CARTESIAN_POINT('',(25.077828,-8.058980789082E-02,3.40080925625)
  );
#8307 = CARTESIAN_POINT('',(25.077828,-9.071783737319E-02,3.409126316463
    ));
#8308 = CARTESIAN_POINT('',(25.077828,-0.100845705973,3.41744324456));
#8309 = CARTESIAN_POINT('',(25.077828,-0.111407012994,3.425280747329));
#8310 = CARTESIAN_POINT('',(25.077828,-0.122328543691,3.432578915594));
#8311 = CARTESIAN_POINT('',(25.077828,-0.133250082194,3.439877089075));
#8312 = CARTESIAN_POINT('',(25.077828,-0.144529581842,3.446634425137));
#8313 = CARTESIAN_POINT('',(25.077828,-0.156083460639,3.452807064101));
#8314 = CARTESIAN_POINT('',(25.077828,-0.167637651023,3.45897986953));
#8315 = CARTESIAN_POINT('',(25.077828,-0.179463333705,3.464566687335));
#8316 = CARTESIAN_POINT('',(25.077828,-0.191476364482,3.469543419321));
#8317 = CARTESIAN_POINT('',(25.077828,-0.203495395327,3.474522637003));
#8318 = CARTESIAN_POINT('',(25.077828,-0.215813365069,3.478937238241));
#8319 = CARTESIAN_POINT('',(25.077828,-0.228351587993,3.482744406505));
#8320 = CARTESIAN_POINT('',(25.077828,-0.240889605343,3.486551512348));
#8321 = CARTESIAN_POINT('',(25.077828,-0.253645422434,3.489750260926));
#8322 = CARTESIAN_POINT('',(25.077828,-0.266528617676,3.492313067138));
#8323 = CARTESIAN_POINT('',(25.077828,-0.279411815988,3.494875873961));
#8324 = CARTESIAN_POINT('',(25.077828,-0.292419727788,3.496802210887));
#8325 = CARTESIAN_POINT('',(25.077828,-0.305458300974,3.498083251344));
#8326 = CARTESIAN_POINT('',(25.077828,-0.31849709462,3.499364313461));
#8327 = CARTESIAN_POINT('',(25.077828,-0.331563934885,3.5));
#8328 = CARTESIAN_POINT('',(25.077828,-0.34457,3.5));
#8329 = ORIENTED_EDGE('',*,*,#8330,.F.);
#8330 = EDGE_CURVE('',#8331,#8277,#8333,.T.);
#8331 = VERTEX_POINT('',#8332);
#8332 = CARTESIAN_POINT('',(25.777828,5.543E-02,3.1));
#8333 = LINE('',#8334,#8335);
#8334 = CARTESIAN_POINT('',(22.,5.543E-02,3.1));
#8335 = VECTOR('',#8336,1.);
#8336 = DIRECTION('',(-1.,0.,0.));
#8337 = ORIENTED_EDGE('',*,*,#8338,.T.);
#8338 = EDGE_CURVE('',#8331,#8196,#8339,.T.);
#8339 = B_SPLINE_CURVE_WITH_KNOTS('',3,(#8340,#8341,#8342,#8343,#8344,
    #8345,#8346,#8347,#8348,#8349,#8350,#8351,#8352,#8353,#8354,#8355,
    #8356,#8357,#8358,#8359,#8360,#8361,#8362,#8363,#8364,#8365,#8366,
    #8367,#8368,#8369,#8370,#8371,#8372,#8373,#8374,#8375,#8376,#8377,
    #8378,#8379,#8380,#8381,#8382,#8383,#8384,#8385,#8386,#8387,#8388),
  .UNSPECIFIED.,.F.,.F.,(4,3,3,3,3,3,3,3,3,3,3,3,3,3,3,3,4),(0.,
    3.917429176428E-02,7.854517278617E-02,0.117918974202,0.157101564979,
    0.196267729209,0.2356355209,0.275012073389,0.314202821092,
    0.353361342809,0.39272587665,0.432105010521,0.471303771824,
    0.5104506879,0.549795792193,0.58914961674,0.628318530719),
  .UNSPECIFIED.);
#8340 = CARTESIAN_POINT('',(25.777828,5.543E-02,3.1));
#8341 = CARTESIAN_POINT('',(25.777828,5.543E-02,3.113006065115));
#8342 = CARTESIAN_POINT('',(25.777828,5.479431346064E-02,3.12607290538)
  );
#8343 = CARTESIAN_POINT('',(25.777828,5.351325134355E-02,3.139111699026)
  );
#8344 = CARTESIAN_POINT('',(25.777828,5.223221088624E-02,3.152150272216)
  );
#8345 = CARTESIAN_POINT('',(25.777828,5.030587395989E-02,3.165158184016)
  );
#8346 = CARTESIAN_POINT('',(25.777828,4.774306713827E-02,3.178041382324)
  );
#8347 = CARTESIAN_POINT('',(25.777828,4.51802609264E-02,3.190924577566)
  );
#8348 = CARTESIAN_POINT('',(25.777828,4.19815123478E-02,3.203680394657)
  );
#8349 = CARTESIAN_POINT('',(25.777828,3.817440650543E-02,3.216218412007)
  );
#8350 = CARTESIAN_POINT('',(25.777828,3.43672382414E-02,3.228756634931)
  );
#8351 = CARTESIAN_POINT('',(25.777828,2.995263700291E-02,3.241074604673)
  );
#8352 = CARTESIAN_POINT('',(25.777828,2.497341932137E-02,3.253093635518)
  );
#8353 = CARTESIAN_POINT('',(25.777828,1.999668733535E-02,3.265106666295)
  );
#8354 = CARTESIAN_POINT('',(25.777828,1.440986953021E-02,3.276932348977)
  );
#8355 = CARTESIAN_POINT('',(25.777828,8.237064101251E-03,3.288486539361)
  );
#8356 = CARTESIAN_POINT('',(25.777828,2.064425137085E-03,3.300040418158)
  );
#8357 = CARTESIAN_POINT('',(25.777828,-4.692910925052E-03,3.311319917806
    ));
#8358 = CARTESIAN_POINT('',(25.777828,-1.199108440598E-02,3.322241456309
    ));
#8359 = CARTESIAN_POINT('',(25.777828,-1.928925267072E-02,3.333162987006
    ));
#8360 = CARTESIAN_POINT('',(25.777828,-2.71267554403E-02,3.343724294027)
  );
#8361 = CARTESIAN_POINT('',(25.777828,-3.544368353747E-02,3.353852162627
    ));
#8362 = CARTESIAN_POINT('',(25.777828,-4.376074375662E-02,3.363980192117
    ));
#8363 = CARTESIAN_POINT('',(25.777828,-5.255543674065E-02,3.373672862259
    ));
#8364 = CARTESIAN_POINT('',(25.777828,-6.175808775594E-02,3.382873509352
    ));
#8365 = CARTESIAN_POINT('',(25.777828,-7.095242430641E-02,3.39206584379)
  );
#8366 = CARTESIAN_POINT('',(25.777828,-8.063671572067E-02,3.400850097296
    ));
#8367 = CARTESIAN_POINT('',(25.777828,-9.076025612742E-02,3.409161145546
    ));
#8368 = CARTESIAN_POINT('',(25.777828,-0.100883228369,3.417471727354));
#8369 = CARTESIAN_POINT('',(25.777828,-0.111441959548,3.425305790197));
#8370 = CARTESIAN_POINT('',(25.777828,-0.122364186478,3.432602730652));
#8371 = CARTESIAN_POINT('',(25.777828,-0.133286400398,3.439899662414));
#8372 = CARTESIAN_POINT('',(25.777828,-0.144569858751,3.446657952733));
#8373 = CARTESIAN_POINT('',(25.777828,-0.156131275674,3.452832605033));
#8374 = CARTESIAN_POINT('',(25.777828,-0.167692870381,3.459007352284));
#8375 = CARTESIAN_POINT('',(25.777828,-0.179530029795,3.46459736545));
#8376 = CARTESIAN_POINT('',(25.777828,-0.191556564629,3.469576634267));
#8377 = CARTESIAN_POINT('',(25.777828,-0.203568719976,3.474549949638));
#8378 = CARTESIAN_POINT('',(25.777828,-0.215871601007,3.478956667023));
#8379 = CARTESIAN_POINT('',(25.777828,-0.22840051457,3.482759259399));
#8380 = CARTESIAN_POINT('',(25.777828,-0.240928147418,3.48656146307));
#8381 = CARTESIAN_POINT('',(25.777828,-0.253674808078,3.489756856578));
#8382 = CARTESIAN_POINT('',(25.777828,-0.266550620933,3.492317443522));
#8383 = CARTESIAN_POINT('',(25.777828,-0.279426424571,3.494878028634));
#8384 = CARTESIAN_POINT('',(25.777828,-0.292428727881,3.496803272049));
#8385 = CARTESIAN_POINT('',(25.777828,-0.305463652993,3.498083777143));
#8386 = CARTESIAN_POINT('',(25.777828,-0.318498785399,3.499364302601));
#8387 = CARTESIAN_POINT('',(25.777828,-0.331563924118,3.5));
#8388 = CARTESIAN_POINT('',(25.777828,-0.34457,3.5));
#8389 = ( BOUNDED_SURFACE() B_SPLINE_SURFACE(3,3,(
    (#8390,#8391,#8392,#8393)
    ,(#8394,#8395,#8396,#8397)
    ,(#8398,#8399,#8400,#8401)
    ,(#8402,#8403,#8404,#8405
)),.UNSPECIFIED.,.F.,.F.,.F.) B_SPLINE_SURFACE_WITH_KNOTS((4,4),(4,4),(
    -3.847837,-3.007819),(0.,1.570796326795),.PIECEWISE_BEZIER_KNOTS.) 
GEOMETRIC_REPRESENTATION_ITEM() RATIONAL_B_SPLINE_SURFACE((
    (1.,0.804737854124,0.804737854124,1.)
    ,(1.,0.804737854124,0.804737854124,1.)
    ,(1.,0.804737854124,0.804737854124,1.)
,(1.,0.804737854124,0.804737854124,1.
))) REPRESENTATION_ITEM('') SURFACE() );
#8390 = CARTESIAN_POINT('',(25.847837,-0.34457,3.5));
#8391 = CARTESIAN_POINT('',(25.847837,-0.110255424949,3.5));
#8392 = CARTESIAN_POINT('',(25.847837,5.543E-02,3.334314575051));
#8393 = CARTESIAN_POINT('',(25.847837,5.543E-02,3.1));
#8394 = CARTESIAN_POINT('',(25.567831,-0.34457,3.5));
#8395 = CARTESIAN_POINT('',(25.567831,-0.110255424949,3.5));
#8396 = CARTESIAN_POINT('',(25.567831,5.543E-02,3.334314575051));
#8397 = CARTESIAN_POINT('',(25.567831,5.543E-02,3.1));
#8398 = CARTESIAN_POINT('',(25.287825,-0.34457,3.5));
#8399 = CARTESIAN_POINT('',(25.287825,-0.110255424949,3.5));
#8400 = CARTESIAN_POINT('',(25.287825,5.543E-02,3.334314575051));
#8401 = CARTESIAN_POINT('',(25.287825,5.543E-02,3.1));
#8402 = CARTESIAN_POINT('',(25.007819,-0.34457,3.5));
#8403 = CARTESIAN_POINT('',(25.007819,-0.110255424949,3.5));
#8404 = CARTESIAN_POINT('',(25.007819,5.543E-02,3.334314575051));
#8405 = CARTESIAN_POINT('',(25.007819,5.543E-02,3.1));
#8406 = ADVANCED_FACE('',(#8407),#8432,.F.);
#8407 = FACE_BOUND('',#8408,.T.);
#8408 = EDGE_LOOP('',(#8409,#8417,#8418,#8426));
#8409 = ORIENTED_EDGE('',*,*,#8410,.F.);
#8410 = EDGE_CURVE('',#8331,#8411,#8413,.T.);
#8411 = VERTEX_POINT('',#8412);
#8412 = CARTESIAN_POINT('',(25.777828,5.543E-02,1.042343094433E-16));
#8413 = LINE('',#8414,#8415);
#8414 = CARTESIAN_POINT('',(25.777828,5.543E-02,0.3));
#8415 = VECTOR('',#8416,1.);
#8416 = DIRECTION('',(0.,-4.92534976924E-16,-1.));
#8417 = ORIENTED_EDGE('',*,*,#8330,.T.);
#8418 = ORIENTED_EDGE('',*,*,#8419,.F.);
#8419 = EDGE_CURVE('',#8420,#8277,#8422,.T.);
#8420 = VERTEX_POINT('',#8421);
#8421 = CARTESIAN_POINT('',(25.077828,5.543E-02,1.042343094433E-16));
#8422 = LINE('',#8423,#8424);
#8423 = CARTESIAN_POINT('',(25.077828,5.543E-02,-6.787993019238E-18));
#8424 = VECTOR('',#8425,1.);
#8425 = DIRECTION('',(0.,4.92534976924E-16,1.));
#8426 = ORIENTED_EDGE('',*,*,#8427,.F.);
#8427 = EDGE_CURVE('',#8411,#8420,#8428,.T.);
#8428 = LINE('',#8429,#8430);
#8429 = CARTESIAN_POINT('',(25.777828,5.543E-02,1.042343094433E-16));
#8430 = VECTOR('',#8431,1.);
#8431 = DIRECTION('',(-1.,0.,0.));
#8432 = PLANE('',#8433);
#8433 = AXIS2_PLACEMENT_3D('',#8434,#8435,#8436);
#8434 = CARTESIAN_POINT('',(25.777828,5.543E-02,1.042343094433E-16));
#8435 = DIRECTION('',(0.,1.,-4.92534976924E-16));
#8436 = DIRECTION('',(0.,-4.92534976924E-16,-1.));
#8437 = ADVANCED_FACE('',(#8438),#8479,.F.);
#8438 = FACE_BOUND('',#8439,.T.);
#8439 = EDGE_LOOP('',(#8440,#8448,#8456,#8464,#8472,#8478));
#8440 = ORIENTED_EDGE('',*,*,#8441,.T.);
#8441 = EDGE_CURVE('',#8111,#8442,#8444,.T.);
#8442 = VERTEX_POINT('',#8443);
#8443 = CARTESIAN_POINT('',(25.777828,-2.34457,-9.860761315263E-32));
#8444 = LINE('',#8445,#8446);
#8445 = CARTESIAN_POINT('',(25.777828,2.775557561563E-16,
    -8.837310105753E-32));
#8446 = VECTOR('',#8447,1.);
#8447 = DIRECTION('',(0.,-1.,0.));
#8448 = ORIENTED_EDGE('',*,*,#8449,.F.);
#8449 = EDGE_CURVE('',#8450,#8442,#8452,.T.);
#8450 = VERTEX_POINT('',#8451);
#8451 = CARTESIAN_POINT('',(24.677828,-2.34457,-4.594937548941E-17));
#8452 = LINE('',#8453,#8454);
#8453 = CARTESIAN_POINT('',(24.677828,-2.34457,-4.594937548941E-17));
#8454 = VECTOR('',#8455,1.);
#8455 = DIRECTION('',(1.,0.,0.));
#8456 = ORIENTED_EDGE('',*,*,#8457,.T.);
#8457 = EDGE_CURVE('',#8450,#8458,#8460,.T.);
#8458 = VERTEX_POINT('',#8459);
#8459 = CARTESIAN_POINT('',(24.677828,-1.94457,-9.493362964231E-17));
#8460 = LINE('',#8461,#8462);
#8461 = CARTESIAN_POINT('',(24.677828,-2.34457,-4.594937548941E-17));
#8462 = VECTOR('',#8463,1.);
#8463 = DIRECTION('',(0.,1.,-1.224606353822E-16));
#8464 = ORIENTED_EDGE('',*,*,#8465,.F.);
#8465 = EDGE_CURVE('',#8466,#8458,#8468,.T.);
#8466 = VERTEX_POINT('',#8467);
#8467 = CARTESIAN_POINT('',(25.077828,-1.94457,-9.493362964231E-17));
#8468 = LINE('',#8469,#8470);
#8469 = CARTESIAN_POINT('',(15.555656,-1.94457,-9.493362964231E-17));
#8470 = VECTOR('',#8471,1.);
#8471 = DIRECTION('',(-1.,0.,0.));
#8472 = ORIENTED_EDGE('',*,*,#8473,.F.);
#8473 = EDGE_CURVE('',#8119,#8466,#8474,.T.);
#8474 = LINE('',#8475,#8476);
#8475 = CARTESIAN_POINT('',(25.077828,-0.74457,2.022028177491E-16));
#8476 = VECTOR('',#8477,1.);
#8477 = DIRECTION('',(0.,-1.,1.224606353822E-16));
#8478 = ORIENTED_EDGE('',*,*,#8118,.F.);
#8479 = PLANE('',#8480);
#8480 = AXIS2_PLACEMENT_3D('',#8481,#8482,#8483);
#8481 = CARTESIAN_POINT('',(25.077828,-0.74457,2.022028177491E-16));
#8482 = DIRECTION('',(2.405483220021E-15,1.224606353822E-16,1.));
#8483 = DIRECTION('',(-1.,2.945770035251E-31,2.405483220021E-15));
#8484 = ADVANCED_FACE('',(#8485),#8542,.F.);
#8485 = FACE_BOUND('',#8486,.T.);
#8486 = EDGE_LOOP('',(#8487,#8488,#8496,#8504,#8512,#8520,#8528,#8536));
#8487 = ORIENTED_EDGE('',*,*,#8465,.T.);
#8488 = ORIENTED_EDGE('',*,*,#8489,.F.);
#8489 = EDGE_CURVE('',#8490,#8458,#8492,.T.);
#8490 = VERTEX_POINT('',#8491);
#8491 = CARTESIAN_POINT('',(24.677828,-1.94457,1.95));
#8492 = LINE('',#8493,#8494);
#8493 = CARTESIAN_POINT('',(24.677828,-1.94457,0.543304542659));
#8494 = VECTOR('',#8495,1.);
#8495 = DIRECTION('',(0.,0.,-1.));
#8496 = ORIENTED_EDGE('',*,*,#8497,.T.);
#8497 = EDGE_CURVE('',#8490,#8498,#8500,.T.);
#8498 = VERTEX_POINT('',#8499);
#8499 = CARTESIAN_POINT('',(12.877828,-1.94457,1.95));
#8500 = LINE('',#8501,#8502);
#8501 = CARTESIAN_POINT('',(44.177828,-1.94457,1.95));
#8502 = VECTOR('',#8503,1.);
#8503 = DIRECTION('',(-1.,0.,0.));
#8504 = ORIENTED_EDGE('',*,*,#8505,.T.);
#8505 = EDGE_CURVE('',#8498,#8506,#8508,.T.);
#8506 = VERTEX_POINT('',#8507);
#8507 = CARTESIAN_POINT('',(12.877828,-1.94457,-3.330669073875E-16));
#8508 = LINE('',#8509,#8510);
#8509 = CARTESIAN_POINT('',(12.877828,-1.94457,0.543304542659));
#8510 = VECTOR('',#8511,1.);
#8511 = DIRECTION('',(0.,1.224606353822E-16,-1.));
#8512 = ORIENTED_EDGE('',*,*,#8513,.F.);
#8513 = EDGE_CURVE('',#8514,#8506,#8516,.T.);
#8514 = VERTEX_POINT('',#8515);
#8515 = CARTESIAN_POINT('',(12.477828,-1.94457,-3.330669073875E-16));
#8516 = LINE('',#8517,#8518);
#8517 = CARTESIAN_POINT('',(22.,-1.94457,-3.330669073875E-16));
#8518 = VECTOR('',#8519,1.);
#8519 = DIRECTION('',(1.,0.,0.));
#8520 = ORIENTED_EDGE('',*,*,#8521,.T.);
#8521 = EDGE_CURVE('',#8514,#8522,#8524,.T.);
#8522 = VERTEX_POINT('',#8523);
#8523 = CARTESIAN_POINT('',(12.477828,-1.94457,5.));
#8524 = LINE('',#8525,#8526);
#8525 = CARTESIAN_POINT('',(12.477828,-1.94457,0.));
#8526 = VECTOR('',#8527,1.);
#8527 = DIRECTION('',(0.,-2.960594732334E-15,1.));
#8528 = ORIENTED_EDGE('',*,*,#8529,.F.);
#8529 = EDGE_CURVE('',#8530,#8522,#8532,.T.);
#8530 = VERTEX_POINT('',#8531);
#8531 = CARTESIAN_POINT('',(25.077828,-1.94457,5.));
#8532 = LINE('',#8533,#8534);
#8533 = CARTESIAN_POINT('',(44.,-1.94457,5.));
#8534 = VECTOR('',#8535,1.);
#8535 = DIRECTION('',(-1.,0.,0.));
#8536 = ORIENTED_EDGE('',*,*,#8537,.F.);
#8537 = EDGE_CURVE('',#8466,#8530,#8538,.T.);
#8538 = LINE('',#8539,#8540);
#8539 = CARTESIAN_POINT('',(25.077828,-1.94457,2.381332777452E-16));
#8540 = VECTOR('',#8541,1.);
#8541 = DIRECTION('',(0.,-2.838134096952E-15,1.));
#8542 = PLANE('',#8543);
#8543 = AXIS2_PLACEMENT_3D('',#8544,#8545,#8546);
#8544 = CARTESIAN_POINT('',(22.177828,-1.94457,1.95));
#8545 = DIRECTION('',(0.,-1.,-2.838134096952E-15));
#8546 = DIRECTION('',(0.,-2.838134096952E-15,1.));
#8547 = ADVANCED_FACE('',(#8548),#8566,.T.);
#8548 = FACE_BOUND('',#8549,.T.);
#8549 = EDGE_LOOP('',(#8550,#8551,#8559,#8565));
#8550 = ORIENTED_EDGE('',*,*,#8457,.F.);
#8551 = ORIENTED_EDGE('',*,*,#8552,.T.);
#8552 = EDGE_CURVE('',#8450,#8553,#8555,.T.);
#8553 = VERTEX_POINT('',#8554);
#8554 = CARTESIAN_POINT('',(24.677828,-2.34457,1.95));
#8555 = LINE('',#8556,#8557);
#8556 = CARTESIAN_POINT('',(24.677828,-2.34457,-4.594937548941E-17));
#8557 = VECTOR('',#8558,1.);
#8558 = DIRECTION('',(0.,1.224606353822E-16,1.));
#8559 = ORIENTED_EDGE('',*,*,#8560,.T.);
#8560 = EDGE_CURVE('',#8553,#8490,#8561,.T.);
#8561 = LINE('',#8562,#8563);
#8562 = CARTESIAN_POINT('',(24.677828,-2.34457,1.95));
#8563 = VECTOR('',#8564,1.);
#8564 = DIRECTION('',(0.,1.,-1.224606353822E-16));
#8565 = ORIENTED_EDGE('',*,*,#8489,.T.);
#8566 = PLANE('',#8567);
#8567 = AXIS2_PLACEMENT_3D('',#8568,#8569,#8570);
#8568 = CARTESIAN_POINT('',(24.677828,-2.34457,1.95));
#8569 = DIRECTION('',(-1.,0.,0.));
#8570 = DIRECTION('',(0.,1.224606353822E-16,1.));
#8571 = ADVANCED_FACE('',(#8572),#8597,.T.);
#8572 = FACE_BOUND('',#8573,.T.);
#8573 = EDGE_LOOP('',(#8574,#8575,#8583,#8591));
#8574 = ORIENTED_EDGE('',*,*,#4610,.F.);
#8575 = ORIENTED_EDGE('',*,*,#8576,.F.);
#8576 = EDGE_CURVE('',#8577,#4611,#8579,.T.);
#8577 = VERTEX_POINT('',#8578);
#8578 = CARTESIAN_POINT('',(17.277828,-0.34457,6.6));
#8579 = LINE('',#8580,#8581);
#8580 = CARTESIAN_POINT('',(15.555656,-0.34457,6.6));
#8581 = VECTOR('',#8582,1.);
#8582 = DIRECTION('',(-1.,0.,0.));
#8583 = ORIENTED_EDGE('',*,*,#8584,.T.);
#8584 = EDGE_CURVE('',#8577,#8585,#8587,.T.);
#8585 = VERTEX_POINT('',#8586);
#8586 = CARTESIAN_POINT('',(17.277828,-0.34457,6.45));
#8587 = LINE('',#8588,#8589);
#8588 = CARTESIAN_POINT('',(17.277828,-0.34457,4.219626113366E-17));
#8589 = VECTOR('',#8590,1.);
#8590 = DIRECTION('',(0.,0.,-1.));
#8591 = ORIENTED_EDGE('',*,*,#8592,.T.);
#8592 = EDGE_CURVE('',#8585,#4613,#8593,.T.);
#8593 = LINE('',#8594,#8595);
#8594 = CARTESIAN_POINT('',(16.777828,-0.34457,6.45));
#8595 = VECTOR('',#8596,1.);
#8596 = DIRECTION('',(-1.,0.,0.));
#8597 = PLANE('',#8598);
#8598 = AXIS2_PLACEMENT_3D('',#8599,#8600,#8601);
#8599 = CARTESIAN_POINT('',(17.277828,-0.34457,6.65));
#8600 = DIRECTION('',(0.,1.,-1.224606353822E-16));
#8601 = DIRECTION('',(1.,0.,0.));
#8602 = ADVANCED_FACE('',(#8603),#8640,.F.);
#8603 = FACE_BOUND('',#8604,.T.);
#8604 = EDGE_LOOP('',(#8605,#8613,#8614,#8615,#8616,#8617,#8618,#8626,
    #8632,#8633,#8634));
#8605 = ORIENTED_EDGE('',*,*,#8606,.T.);
#8606 = EDGE_CURVE('',#8607,#8442,#8609,.T.);
#8607 = VERTEX_POINT('',#8608);
#8608 = CARTESIAN_POINT('',(25.777828,-2.34457,6.6));
#8609 = LINE('',#8610,#8611);
#8610 = CARTESIAN_POINT('',(25.777828,-2.34457,-9.860761315263E-32));
#8611 = VECTOR('',#8612,1.);
#8612 = DIRECTION('',(0.,0.,-1.));
#8613 = ORIENTED_EDGE('',*,*,#8441,.F.);
#8614 = ORIENTED_EDGE('',*,*,#8110,.F.);
#8615 = ORIENTED_EDGE('',*,*,#8203,.T.);
#8616 = ORIENTED_EDGE('',*,*,#8338,.F.);
#8617 = ORIENTED_EDGE('',*,*,#8410,.T.);
#8618 = ORIENTED_EDGE('',*,*,#8619,.F.);
#8619 = EDGE_CURVE('',#8620,#8411,#8622,.T.);
#8620 = VERTEX_POINT('',#8621);
#8621 = CARTESIAN_POINT('',(25.777828,2.65543,-9.860761315263E-32));
#8622 = LINE('',#8623,#8624);
#8623 = CARTESIAN_POINT('',(25.777828,2.775557561563E-16,
    -8.837310105753E-32));
#8624 = VECTOR('',#8625,1.);
#8625 = DIRECTION('',(0.,-1.,0.));
#8626 = ORIENTED_EDGE('',*,*,#8627,.F.);
#8627 = EDGE_CURVE('',#7864,#8620,#8628,.T.);
#8628 = LINE('',#8629,#8630);
#8629 = CARTESIAN_POINT('',(25.777828,2.65543,-9.860761315263E-32));
#8630 = VECTOR('',#8631,1.);
#8631 = DIRECTION('',(0.,0.,-1.));
#8632 = ORIENTED_EDGE('',*,*,#7863,.F.);
#8633 = ORIENTED_EDGE('',*,*,#7102,.F.);
#8634 = ORIENTED_EDGE('',*,*,#8635,.T.);
#8635 = EDGE_CURVE('',#7095,#8607,#8636,.T.);
#8636 = LINE('',#8637,#8638);
#8637 = CARTESIAN_POINT('',(25.777828,3.641509836727E-16,6.6));
#8638 = VECTOR('',#8639,1.);
#8639 = DIRECTION('',(0.,-1.,1.224606353822E-16));
#8640 = PLANE('',#8641);
#8641 = AXIS2_PLACEMENT_3D('',#8642,#8643,#8644);
#8642 = CARTESIAN_POINT('',(25.777828,0.456227596154,8.912421196228));
#8643 = DIRECTION('',(-1.,0.,0.));
#8644 = DIRECTION('',(0.,-1.,1.224606353822E-16));
#8645 = ADVANCED_FACE('',(#8646),#8657,.T.);
#8646 = FACE_BOUND('',#8647,.T.);
#8647 = EDGE_LOOP('',(#8648,#8649,#8655,#8656));
#8648 = ORIENTED_EDGE('',*,*,#7062,.T.);
#8649 = ORIENTED_EDGE('',*,*,#8650,.T.);
#8650 = EDGE_CURVE('',#7055,#4839,#8651,.T.);
#8651 = LINE('',#8652,#8653);
#8652 = CARTESIAN_POINT('',(22.277828,3.641509836727E-16,6.6));
#8653 = VECTOR('',#8654,1.);
#8654 = DIRECTION('',(0.,-1.,1.224606353822E-16));
#8655 = ORIENTED_EDGE('',*,*,#4838,.T.);
#8656 = ORIENTED_EDGE('',*,*,#7848,.F.);
#8657 = PLANE('',#8658);
#8658 = AXIS2_PLACEMENT_3D('',#8659,#8660,#8661);
#8659 = CARTESIAN_POINT('',(29.4258304,2.05543,6.6));
#8660 = DIRECTION('',(0.,1.224606353822E-16,1.));
#8661 = DIRECTION('',(0.,-1.,1.224606353822E-16));
#8662 = ADVANCED_FACE('',(#8663),#8669,.T.);
#8663 = FACE_BOUND('',#8664,.T.);
#8664 = EDGE_LOOP('',(#8665,#8666,#8667,#8668));
#8665 = ORIENTED_EDGE('',*,*,#6205,.F.);
#8666 = ORIENTED_EDGE('',*,*,#8066,.F.);
#8667 = ORIENTED_EDGE('',*,*,#6376,.F.);
#8668 = ORIENTED_EDGE('',*,*,#4261,.F.);
#8669 = PLANE('',#8670);
#8670 = AXIS2_PLACEMENT_3D('',#8671,#8672,#8673);
#8671 = CARTESIAN_POINT('',(15.92853557827,1.808129797358,2.));
#8672 = DIRECTION('',(0.,0.,-1.));
#8673 = DIRECTION('',(-1.,0.,0.));
#8674 = ADVANCED_FACE('',(#8675),#8686,.T.);
#8675 = FACE_BOUND('',#8676,.T.);
#8676 = EDGE_LOOP('',(#8677,#8678,#8684,#8685));
#8677 = ORIENTED_EDGE('',*,*,#5520,.F.);
#8678 = ORIENTED_EDGE('',*,*,#8679,.F.);
#8679 = EDGE_CURVE('',#6526,#5521,#8680,.T.);
#8680 = LINE('',#8681,#8682);
#8681 = CARTESIAN_POINT('',(21.627828,-0.191870202642,2.));
#8682 = VECTOR('',#8683,1.);
#8683 = DIRECTION('',(0.,-1.,0.));
#8684 = ORIENTED_EDGE('',*,*,#6525,.F.);
#8685 = ORIENTED_EDGE('',*,*,#4010,.F.);
#8686 = PLANE('',#8687);
#8687 = AXIS2_PLACEMENT_3D('',#8688,#8689,#8690);
#8688 = CARTESIAN_POINT('',(21.92853557827,-0.191870202642,2.));
#8689 = DIRECTION('',(0.,0.,-1.));
#8690 = DIRECTION('',(-1.,0.,0.));
#8691 = ADVANCED_FACE('',(#8692),#8717,.T.);
#8692 = FACE_BOUND('',#8693,.T.);
#8693 = EDGE_LOOP('',(#8694,#8702,#8710,#8716));
#8694 = ORIENTED_EDGE('',*,*,#8695,.F.);
#8695 = EDGE_CURVE('',#8696,#5999,#8698,.T.);
#8696 = VERTEX_POINT('',#8697);
#8697 = CARTESIAN_POINT('',(24.027828,0.90543,6.45));
#8698 = LINE('',#8699,#8700);
#8699 = CARTESIAN_POINT('',(24.027828,0.90543,5.));
#8700 = VECTOR('',#8701,1.);
#8701 = DIRECTION('',(0.,0.,1.));
#8702 = ORIENTED_EDGE('',*,*,#8703,.T.);
#8703 = EDGE_CURVE('',#8696,#8704,#8706,.T.);
#8704 = VERTEX_POINT('',#8705);
#8705 = CARTESIAN_POINT('',(24.027828,1.40543,6.45));
#8706 = LINE('',#8707,#8708);
#8707 = CARTESIAN_POINT('',(24.027828,0.,6.45));
#8708 = VECTOR('',#8709,1.);
#8709 = DIRECTION('',(0.,1.,-2.449212707645E-16));
#8710 = ORIENTED_EDGE('',*,*,#8711,.F.);
#8711 = EDGE_CURVE('',#6007,#8704,#8712,.T.);
#8712 = LINE('',#8713,#8714);
#8713 = CARTESIAN_POINT('',(24.027828,1.40543,7.434794375007));
#8714 = VECTOR('',#8715,1.);
#8715 = DIRECTION('',(0.,0.,-1.));
#8716 = ORIENTED_EDGE('',*,*,#6006,.T.);
#8717 = PLANE('',#8718);
#8718 = AXIS2_PLACEMENT_3D('',#8719,#8720,#8721);
#8719 = CARTESIAN_POINT('',(24.027828,0.90543,7.05));
#8720 = DIRECTION('',(1.,0.,0.));
#8721 = DIRECTION('',(-0.,1.,0.));
#8722 = ADVANCED_FACE('',(#8723),#8739,.T.);
#8723 = FACE_BOUND('',#8724,.T.);
#8724 = EDGE_LOOP('',(#8725,#8726,#8732,#8733));
#8725 = ORIENTED_EDGE('',*,*,#6094,.F.);
#8726 = ORIENTED_EDGE('',*,*,#8727,.T.);
#8727 = EDGE_CURVE('',#6085,#8696,#8728,.T.);
#8728 = LINE('',#8729,#8730);
#8729 = CARTESIAN_POINT('',(0.,0.90543,6.45));
#8730 = VECTOR('',#8731,1.);
#8731 = DIRECTION('',(1.,0.,0.));
#8732 = ORIENTED_EDGE('',*,*,#8695,.T.);
#8733 = ORIENTED_EDGE('',*,*,#8734,.T.);
#8734 = EDGE_CURVE('',#5999,#6095,#8735,.T.);
#8735 = LINE('',#8736,#8737);
#8736 = CARTESIAN_POINT('',(23.92853557827,0.90543,9.200000000014));
#8737 = VECTOR('',#8738,1.);
#8738 = DIRECTION('',(-1.,1.224606353822E-16,0.));
#8739 = PLANE('',#8740);
#8740 = AXIS2_PLACEMENT_3D('',#8741,#8742,#8743);
#8741 = CARTESIAN_POINT('',(23.527828,0.90543,7.));
#8742 = DIRECTION('',(0.,-1.,0.));
#8743 = DIRECTION('',(1.,0.,0.));
#8744 = ADVANCED_FACE('',(#8745),#8756,.T.);
#8745 = FACE_BOUND('',#8746,.T.);
#8746 = EDGE_LOOP('',(#8747,#8753,#8754,#8755));
#8747 = ORIENTED_EDGE('',*,*,#8748,.T.);
#8748 = EDGE_CURVE('',#8704,#6087,#8749,.T.);
#8749 = LINE('',#8750,#8751);
#8750 = CARTESIAN_POINT('',(0.,1.40543,6.45));
#8751 = VECTOR('',#8752,1.);
#8752 = DIRECTION('',(-1.,0.,0.));
#8753 = ORIENTED_EDGE('',*,*,#6110,.F.);
#8754 = ORIENTED_EDGE('',*,*,#6235,.T.);
#8755 = ORIENTED_EDGE('',*,*,#8711,.T.);
#8756 = PLANE('',#8757);
#8757 = AXIS2_PLACEMENT_3D('',#8758,#8759,#8760);
#8758 = CARTESIAN_POINT('',(23.527828,1.40543,7.));
#8759 = DIRECTION('',(0.,1.,0.));
#8760 = DIRECTION('',(1.,0.,0.));
#8761 = ADVANCED_FACE('',(#8762),#8773,.F.);
#8762 = FACE_BOUND('',#8763,.T.);
#8763 = EDGE_LOOP('',(#8764,#8765,#8766,#8767));
#8764 = ORIENTED_EDGE('',*,*,#7673,.F.);
#8765 = ORIENTED_EDGE('',*,*,#8734,.F.);
#8766 = ORIENTED_EDGE('',*,*,#5996,.F.);
#8767 = ORIENTED_EDGE('',*,*,#8768,.F.);
#8768 = EDGE_CURVE('',#7674,#5997,#8769,.T.);
#8769 = LINE('',#8770,#8771);
#8770 = CARTESIAN_POINT('',(23.92853557827,1.00543,9.600000000014));
#8771 = VECTOR('',#8772,1.);
#8772 = DIRECTION('',(1.,-1.224606353822E-16,0.));
#8773 = PLANE('',#8774);
#8774 = AXIS2_PLACEMENT_3D('',#8775,#8776,#8777);
#8775 = CARTESIAN_POINT('',(23.777828,0.95543,9.400000000014));
#8776 = DIRECTION('',(1.188042669791E-16,0.970142500145,-0.242535625036)
  );
#8777 = DIRECTION('',(-2.970106674478E-17,-0.242535625036,
    -0.970142500145));
#8778 = ADVANCED_FACE('',(#8779),#8804,.T.);
#8779 = FACE_BOUND('',#8780,.T.);
#8780 = EDGE_LOOP('',(#8781,#8789,#8797,#8803));
#8781 = ORIENTED_EDGE('',*,*,#8782,.F.);
#8782 = EDGE_CURVE('',#8783,#7403,#8785,.T.);
#8783 = VERTEX_POINT('',#8784);
#8784 = CARTESIAN_POINT('',(19.277828,-2.34457,6.6));
#8785 = LINE('',#8786,#8787);
#8786 = CARTESIAN_POINT('',(15.555656,-2.34457,6.6));
#8787 = VECTOR('',#8788,1.);
#8788 = DIRECTION('',(-1.,0.,0.));
#8789 = ORIENTED_EDGE('',*,*,#8790,.F.);
#8790 = EDGE_CURVE('',#8791,#8783,#8793,.T.);
#8791 = VERTEX_POINT('',#8792);
#8792 = CARTESIAN_POINT('',(19.277828,-0.34457,6.6));
#8793 = LINE('',#8794,#8795);
#8794 = CARTESIAN_POINT('',(19.277828,3.641509836727E-16,6.6));
#8795 = VECTOR('',#8796,1.);
#8796 = DIRECTION('',(0.,-1.,1.224606353822E-16));
#8797 = ORIENTED_EDGE('',*,*,#8798,.F.);
#8798 = EDGE_CURVE('',#7401,#8791,#8799,.T.);
#8799 = LINE('',#8800,#8801);
#8800 = CARTESIAN_POINT('',(15.555656,-0.34457,6.6));
#8801 = VECTOR('',#8802,1.);
#8802 = DIRECTION('',(1.,0.,0.));
#8803 = ORIENTED_EDGE('',*,*,#7400,.T.);
#8804 = PLANE('',#8805);
#8805 = AXIS2_PLACEMENT_3D('',#8806,#8807,#8808);
#8806 = CARTESIAN_POINT('',(29.4258304,2.05543,6.6));
#8807 = DIRECTION('',(0.,1.224606353822E-16,1.));
#8808 = DIRECTION('',(0.,-1.,1.224606353822E-16));
#8809 = ADVANCED_FACE('',(#8810),#8835,.T.);
#8810 = FACE_BOUND('',#8811,.T.);
#8811 = EDGE_LOOP('',(#8812,#8820,#8828,#8834));
#8812 = ORIENTED_EDGE('',*,*,#8813,.F.);
#8813 = EDGE_CURVE('',#8814,#8577,#8816,.T.);
#8814 = VERTEX_POINT('',#8815);
#8815 = CARTESIAN_POINT('',(17.277828,-2.34457,6.6));
#8816 = LINE('',#8817,#8818);
#8817 = CARTESIAN_POINT('',(17.277828,3.641509836727E-16,6.6));
#8818 = VECTOR('',#8819,1.);
#8819 = DIRECTION('',(0.,1.,-1.224606353822E-16));
#8820 = ORIENTED_EDGE('',*,*,#8821,.F.);
#8821 = EDGE_CURVE('',#8822,#8814,#8824,.T.);
#8822 = VERTEX_POINT('',#8823);
#8823 = CARTESIAN_POINT('',(17.277828,-2.34457,6.45));
#8824 = LINE('',#8825,#8826);
#8825 = CARTESIAN_POINT('',(17.277828,-2.34457,2.871175318981E-16));
#8826 = VECTOR('',#8827,1.);
#8827 = DIRECTION('',(0.,1.224606353822E-16,1.));
#8828 = ORIENTED_EDGE('',*,*,#8829,.T.);
#8829 = EDGE_CURVE('',#8822,#8585,#8830,.T.);
#8830 = LINE('',#8831,#8832);
#8831 = CARTESIAN_POINT('',(17.277828,3.457818883654E-16,6.45));
#8832 = VECTOR('',#8833,1.);
#8833 = DIRECTION('',(0.,1.,-2.449212707645E-16));
#8834 = ORIENTED_EDGE('',*,*,#8584,.F.);
#8835 = PLANE('',#8836);
#8836 = AXIS2_PLACEMENT_3D('',#8837,#8838,#8839);
#8837 = CARTESIAN_POINT('',(17.277828,-1.17457,8.));
#8838 = DIRECTION('',(1.,0.,0.));
#8839 = DIRECTION('',(0.,-1.,1.224606353822E-16));
#8840 = ADVANCED_FACE('',(#8841),#8873,.F.);
#8841 = FACE_BOUND('',#8842,.T.);
#8842 = EDGE_LOOP('',(#8843,#8853,#8861,#8867));
#8843 = ORIENTED_EDGE('',*,*,#8844,.F.);
#8844 = EDGE_CURVE('',#8845,#8847,#8849,.T.);
#8845 = VERTEX_POINT('',#8846);
#8846 = CARTESIAN_POINT('',(21.527828,-1.09457,6.45));
#8847 = VERTEX_POINT('',#8848);
#8848 = CARTESIAN_POINT('',(21.527828,-0.59457,6.45));
#8849 = LINE('',#8850,#8851);
#8850 = CARTESIAN_POINT('',(21.527828,0.,6.45));
#8851 = VECTOR('',#8852,1.);
#8852 = DIRECTION('',(0.,1.,-2.449212707645E-16));
#8853 = ORIENTED_EDGE('',*,*,#8854,.T.);
#8854 = EDGE_CURVE('',#8845,#8855,#8857,.T.);
#8855 = VERTEX_POINT('',#8856);
#8856 = CARTESIAN_POINT('',(21.527828,-1.09457,9.200000000014));
#8857 = LINE('',#8858,#8859);
#8858 = CARTESIAN_POINT('',(21.527828,-1.09457,4.150000000014));
#8859 = VECTOR('',#8860,1.);
#8860 = DIRECTION('',(0.,0.,1.));
#8861 = ORIENTED_EDGE('',*,*,#8862,.F.);
#8862 = EDGE_CURVE('',#4503,#8855,#8863,.T.);
#8863 = LINE('',#8864,#8865);
#8864 = CARTESIAN_POINT('',(21.527828,-0.191870202642,9.200000000014));
#8865 = VECTOR('',#8866,1.);
#8866 = DIRECTION('',(-1.224606353822E-16,-1.,0.));
#8867 = ORIENTED_EDGE('',*,*,#8868,.T.);
#8868 = EDGE_CURVE('',#4503,#8847,#8869,.T.);
#8869 = LINE('',#8870,#8871);
#8870 = CARTESIAN_POINT('',(21.527828,-0.59457,7.05));
#8871 = VECTOR('',#8872,1.);
#8872 = DIRECTION('',(0.,0.,-1.));
#8873 = PLANE('',#8874);
#8874 = AXIS2_PLACEMENT_3D('',#8875,#8876,#8877);
#8875 = CARTESIAN_POINT('',(21.527828,-3.29457,7.65));
#8876 = DIRECTION('',(1.,0.,0.));
#8877 = DIRECTION('',(0.,0.,1.));
#8878 = ADVANCED_FACE('',(#8879),#8897,.F.);
#8879 = FACE_BOUND('',#8880,.T.);
#8880 = EDGE_LOOP('',(#8881,#8889,#8895,#8896));
#8881 = ORIENTED_EDGE('',*,*,#8882,.T.);
#8882 = EDGE_CURVE('',#5481,#8883,#8885,.T.);
#8883 = VERTEX_POINT('',#8884);
#8884 = CARTESIAN_POINT('',(16.027828,-1.09457,9.200000000014));
#8885 = LINE('',#8886,#8887);
#8886 = CARTESIAN_POINT('',(16.677828,-1.74457,6.600000000014));
#8887 = VECTOR('',#8888,1.);
#8888 = DIRECTION('',(0.235702260396,-0.235702260396,-0.942809041582));
#8889 = ORIENTED_EDGE('',*,*,#8890,.F.);
#8890 = EDGE_CURVE('',#7377,#8883,#8891,.T.);
#8891 = LINE('',#8892,#8893);
#8892 = CARTESIAN_POINT('',(16.027828,-0.191870202642,9.200000000014));
#8893 = VECTOR('',#8894,1.);
#8894 = DIRECTION('',(-1.224606353822E-16,-1.,0.));
#8895 = ORIENTED_EDGE('',*,*,#7376,.F.);
#8896 = ORIENTED_EDGE('',*,*,#5480,.F.);
#8897 = PLANE('',#8898);
#8898 = AXIS2_PLACEMENT_3D('',#8899,#8900,#8901);
#8899 = CARTESIAN_POINT('',(15.977828,-0.89457,9.400000000014));
#8900 = DIRECTION('',(-0.970142500145,1.188042669791E-16,-0.242535625036
    ));
#8901 = DIRECTION('',(0.242535625036,-2.970106674478E-17,-0.970142500145
    ));
#8902 = ADVANCED_FACE('',(#8903),#8921,.F.);
#8903 = FACE_BOUND('',#8904,.T.);
#8904 = EDGE_LOOP('',(#8905,#8913,#8914,#8915));
#8905 = ORIENTED_EDGE('',*,*,#8906,.T.);
#8906 = EDGE_CURVE('',#8907,#8620,#8909,.T.);
#8907 = VERTEX_POINT('',#8908);
#8908 = CARTESIAN_POINT('',(25.077828,2.65543,1.18903564837E-16));
#8909 = LINE('',#8910,#8911);
#8910 = CARTESIAN_POINT('',(22.,2.65543,-9.860761315263E-32));
#8911 = VECTOR('',#8912,1.);
#8912 = DIRECTION('',(1.,0.,0.));
#8913 = ORIENTED_EDGE('',*,*,#8619,.T.);
#8914 = ORIENTED_EDGE('',*,*,#8427,.T.);
#8915 = ORIENTED_EDGE('',*,*,#8916,.F.);
#8916 = EDGE_CURVE('',#8907,#8420,#8917,.T.);
#8917 = LINE('',#8918,#8919);
#8918 = CARTESIAN_POINT('',(25.077828,2.65543,1.18903564837E-16));
#8919 = VECTOR('',#8920,1.);
#8920 = DIRECTION('',(0.,-1.,-1.224606353822E-16));
#8921 = PLANE('',#8922);
#8922 = AXIS2_PLACEMENT_3D('',#8923,#8924,#8925);
#8923 = CARTESIAN_POINT('',(25.777828,0.35543,-4.352618363391E-17));
#8924 = DIRECTION('',(0.,4.92534976924E-16,1.));
#8925 = DIRECTION('',(0.,1.,-4.92534976924E-16));
#8926 = ADVANCED_FACE('',(#8927),#8957,.F.);
#8927 = FACE_BOUND('',#8928,.T.);
#8928 = EDGE_LOOP('',(#8929,#8930,#8931,#8937,#8938,#8946,#8952,#8953,
    #8954,#8955,#8956));
#8929 = ORIENTED_EDGE('',*,*,#8473,.T.);
#8930 = ORIENTED_EDGE('',*,*,#8537,.T.);
#8931 = ORIENTED_EDGE('',*,*,#8932,.T.);
#8932 = EDGE_CURVE('',#8530,#5219,#8933,.T.);
#8933 = LINE('',#8934,#8935);
#8934 = CARTESIAN_POINT('',(25.077828,2.775557561563E-16,5.));
#8935 = VECTOR('',#8936,1.);
#8936 = DIRECTION('',(0.,1.,0.));
#8937 = ORIENTED_EDGE('',*,*,#5218,.T.);
#8938 = ORIENTED_EDGE('',*,*,#8939,.T.);
#8939 = EDGE_CURVE('',#5211,#8940,#8942,.T.);
#8940 = VERTEX_POINT('',#8941);
#8941 = CARTESIAN_POINT('',(25.077828,2.65543,1.95));
#8942 = LINE('',#8943,#8944);
#8943 = CARTESIAN_POINT('',(25.077828,2.775557561563E-16,1.95));
#8944 = VECTOR('',#8945,1.);
#8945 = DIRECTION('',(0.,1.,0.));
#8946 = ORIENTED_EDGE('',*,*,#8947,.T.);
#8947 = EDGE_CURVE('',#8940,#8907,#8948,.T.);
#8948 = LINE('',#8949,#8950);
#8949 = CARTESIAN_POINT('',(25.077828,2.65543,-9.860761315263E-32));
#8950 = VECTOR('',#8951,1.);
#8951 = DIRECTION('',(0.,0.,-1.));
#8952 = ORIENTED_EDGE('',*,*,#8916,.T.);
#8953 = ORIENTED_EDGE('',*,*,#8419,.T.);
#8954 = ORIENTED_EDGE('',*,*,#8276,.T.);
#8955 = ORIENTED_EDGE('',*,*,#8141,.T.);
#8956 = ORIENTED_EDGE('',*,*,#8126,.T.);
#8957 = PLANE('',#8958);
#8958 = AXIS2_PLACEMENT_3D('',#8959,#8960,#8961);
#8959 = CARTESIAN_POINT('',(25.077828,-0.74457,0.15));
#8960 = DIRECTION('',(1.,0.,0.));
#8961 = DIRECTION('',(-0.,1.224606353822E-16,1.));
#8962 = ADVANCED_FACE('',(#8963),#8988,.T.);
#8963 = FACE_BOUND('',#8964,.T.);
#8964 = EDGE_LOOP('',(#8965,#8973,#8974,#8982));
#8965 = ORIENTED_EDGE('',*,*,#8966,.T.);
#8966 = EDGE_CURVE('',#8967,#8791,#8969,.T.);
#8967 = VERTEX_POINT('',#8968);
#8968 = CARTESIAN_POINT('',(19.277828,-0.34457,6.45));
#8969 = LINE('',#8970,#8971);
#8970 = CARTESIAN_POINT('',(19.277828,-0.34457,-8.628166150855E-32));
#8971 = VECTOR('',#8972,1.);
#8972 = DIRECTION('',(0.,-1.224606353822E-16,1.));
#8973 = ORIENTED_EDGE('',*,*,#8790,.T.);
#8974 = ORIENTED_EDGE('',*,*,#8975,.F.);
#8975 = EDGE_CURVE('',#8976,#8783,#8978,.T.);
#8976 = VERTEX_POINT('',#8977);
#8977 = CARTESIAN_POINT('',(19.277828,-2.34457,6.45));
#8978 = LINE('',#8979,#8980);
#8979 = CARTESIAN_POINT('',(19.277828,-2.34457,2.871175318981E-16));
#8980 = VECTOR('',#8981,1.);
#8981 = DIRECTION('',(0.,1.224606353822E-16,1.));
#8982 = ORIENTED_EDGE('',*,*,#8983,.T.);
#8983 = EDGE_CURVE('',#8976,#8967,#8984,.T.);
#8984 = LINE('',#8985,#8986);
#8985 = CARTESIAN_POINT('',(19.277828,2.775557561563E-16,6.45));
#8986 = VECTOR('',#8987,1.);
#8987 = DIRECTION('',(0.,1.,0.));
#8988 = PLANE('',#8989);
#8989 = AXIS2_PLACEMENT_3D('',#8990,#8991,#8992);
#8990 = CARTESIAN_POINT('',(19.277828,-2.34457,6.6));
#8991 = DIRECTION('',(1.,0.,0.));
#8992 = DIRECTION('',(0.,-1.,1.224606353822E-16));
#8993 = ADVANCED_FACE('',(#8994),#9000,.T.);
#8994 = FACE_BOUND('',#8995,.T.);
#8995 = EDGE_LOOP('',(#8996,#8997,#8998,#8999));
#8996 = ORIENTED_EDGE('',*,*,#8679,.T.);
#8997 = ORIENTED_EDGE('',*,*,#5530,.F.);
#8998 = ORIENTED_EDGE('',*,*,#7901,.F.);
#8999 = ORIENTED_EDGE('',*,*,#6533,.T.);
#9000 = PLANE('',#9001);
#9001 = AXIS2_PLACEMENT_3D('',#9002,#9003,#9004);
#9002 = CARTESIAN_POINT('',(21.577828,-0.89457,2.2));
#9003 = DIRECTION('',(-0.970142500145,0.,-0.242535625036));
#9004 = DIRECTION('',(-0.242535625036,0.,0.970142500145));
#9005 = ADVANCED_FACE('',(#9006),#9024,.T.);
#9006 = FACE_BOUND('',#9007,.T.);
#9007 = EDGE_LOOP('',(#9008,#9016,#9022,#9023));
#9008 = ORIENTED_EDGE('',*,*,#9009,.F.);
#9009 = EDGE_CURVE('',#9010,#4999,#9012,.T.);
#9010 = VERTEX_POINT('',#9011);
#9011 = CARTESIAN_POINT('',(19.527828,-0.59457,5.));
#9012 = LINE('',#9013,#9014);
#9013 = CARTESIAN_POINT('',(19.527828,-0.59457,7.05));
#9014 = VECTOR('',#9015,1.);
#9015 = DIRECTION('',(0.,0.,-1.));
#9016 = ORIENTED_EDGE('',*,*,#9017,.T.);
#9017 = EDGE_CURVE('',#9010,#5782,#9018,.T.);
#9018 = LINE('',#9019,#9020);
#9019 = CARTESIAN_POINT('',(0.,-0.59457,5.));
#9020 = VECTOR('',#9021,1.);
#9021 = DIRECTION('',(1.,0.,0.));
#9022 = ORIENTED_EDGE('',*,*,#5803,.T.);
#9023 = ORIENTED_EDGE('',*,*,#5006,.F.);
#9024 = PLANE('',#9025);
#9025 = AXIS2_PLACEMENT_3D('',#9026,#9027,#9028);
#9026 = CARTESIAN_POINT('',(19.527828,-0.59457,7.));
#9027 = DIRECTION('',(0.,1.,0.));
#9028 = DIRECTION('',(1.,0.,0.));
#9029 = ADVANCED_FACE('',(#9030),#9048,.T.);
#9030 = FACE_BOUND('',#9031,.T.);
#9031 = EDGE_LOOP('',(#9032,#9040,#9041,#9042));
#9032 = ORIENTED_EDGE('',*,*,#9033,.F.);
#9033 = EDGE_CURVE('',#8607,#9034,#9036,.T.);
#9034 = VERTEX_POINT('',#9035);
#9035 = CARTESIAN_POINT('',(24.777828,-2.34457,6.6));
#9036 = LINE('',#9037,#9038);
#9037 = CARTESIAN_POINT('',(15.555656,-2.34457,6.6));
#9038 = VECTOR('',#9039,1.);
#9039 = DIRECTION('',(-1.,0.,0.));
#9040 = ORIENTED_EDGE('',*,*,#8635,.F.);
#9041 = ORIENTED_EDGE('',*,*,#7094,.T.);
#9042 = ORIENTED_EDGE('',*,*,#9043,.F.);
#9043 = EDGE_CURVE('',#9034,#7087,#9044,.T.);
#9044 = LINE('',#9045,#9046);
#9045 = CARTESIAN_POINT('',(24.777828,3.641509836727E-16,6.6));
#9046 = VECTOR('',#9047,1.);
#9047 = DIRECTION('',(0.,1.,-1.224606353822E-16));
#9048 = PLANE('',#9049);
#9049 = AXIS2_PLACEMENT_3D('',#9050,#9051,#9052);
#9050 = CARTESIAN_POINT('',(29.4258304,2.05543,6.6));
#9051 = DIRECTION('',(0.,1.224606353822E-16,1.));
#9052 = DIRECTION('',(0.,-1.,1.224606353822E-16));
#9053 = ADVANCED_FACE('',(#9054),#9065,.F.);
#9054 = FACE_BOUND('',#9055,.T.);
#9055 = EDGE_LOOP('',(#9056,#9057,#9063,#9064));
#9056 = ORIENTED_EDGE('',*,*,#8966,.F.);
#9057 = ORIENTED_EDGE('',*,*,#9058,.T.);
#9058 = EDGE_CURVE('',#8967,#7411,#9059,.T.);
#9059 = LINE('',#9060,#9061);
#9060 = CARTESIAN_POINT('',(20.777828,-0.34457,6.45));
#9061 = VECTOR('',#9062,1.);
#9062 = DIRECTION('',(-1.,0.,0.));
#9063 = ORIENTED_EDGE('',*,*,#7410,.T.);
#9064 = ORIENTED_EDGE('',*,*,#8798,.T.);
#9065 = PLANE('',#9066);
#9066 = AXIS2_PLACEMENT_3D('',#9067,#9068,#9069);
#9067 = CARTESIAN_POINT('',(16.277828,-0.34457,6.65));
#9068 = DIRECTION('',(0.,-1.,0.));
#9069 = DIRECTION('',(-1.,0.,0.));
#9070 = ADVANCED_FACE('',(#9071),#9077,.T.);
#9071 = FACE_BOUND('',#9072,.T.);
#9072 = EDGE_LOOP('',(#9073,#9074,#9075,#9076));
#9073 = ORIENTED_EDGE('',*,*,#5434,.F.);
#9074 = ORIENTED_EDGE('',*,*,#4136,.F.);
#9075 = ORIENTED_EDGE('',*,*,#7016,.T.);
#9076 = ORIENTED_EDGE('',*,*,#5310,.T.);
#9077 = PLANE('',#9078);
#9078 = AXIS2_PLACEMENT_3D('',#9079,#9080,#9081);
#9079 = CARTESIAN_POINT('',(29.4258304,2.05543,6.6));
#9080 = DIRECTION('',(0.,1.224606353822E-16,1.));
#9081 = DIRECTION('',(0.,-1.,1.224606353822E-16));
#9082 = ADVANCED_FACE('',(#9083),#9094,.F.);
#9083 = FACE_BOUND('',#9084,.T.);
#9084 = EDGE_LOOP('',(#9085,#9086,#9087,#9093));
#9085 = ORIENTED_EDGE('',*,*,#7721,.F.);
#9086 = ORIENTED_EDGE('',*,*,#7957,.T.);
#9087 = ORIENTED_EDGE('',*,*,#9088,.T.);
#9088 = EDGE_CURVE('',#7950,#3711,#9089,.T.);
#9089 = LINE('',#9090,#9091);
#9090 = CARTESIAN_POINT('',(16.877828,0.25543,6.600000000014));
#9091 = VECTOR('',#9092,1.);
#9092 = DIRECTION('',(0.235702260396,0.235702260396,0.942809041582));
#9093 = ORIENTED_EDGE('',*,*,#3710,.F.);
#9094 = PLANE('',#9095);
#9095 = AXIS2_PLACEMENT_3D('',#9096,#9097,#9098);
#9096 = CARTESIAN_POINT('',(17.577828,1.10543,9.400000000014));
#9097 = DIRECTION('',(0.970142500145,-1.188042669791E-16,-0.242535625036
    ));
#9098 = DIRECTION('',(-0.242535625036,2.970106674478E-17,-0.970142500145
    ));
#9099 = ADVANCED_FACE('',(#9100),#9118,.F.);
#9100 = FACE_BOUND('',#9101,.T.);
#9101 = EDGE_LOOP('',(#9102,#9103,#9104,#9112));
#9102 = ORIENTED_EDGE('',*,*,#6859,.T.);
#9103 = ORIENTED_EDGE('',*,*,#5766,.T.);
#9104 = ORIENTED_EDGE('',*,*,#9105,.T.);
#9105 = EDGE_CURVE('',#4967,#9106,#9108,.T.);
#9106 = VERTEX_POINT('',#9107);
#9107 = CARTESIAN_POINT('',(15.527828,-1.09457,5.));
#9108 = LINE('',#9109,#9110);
#9109 = CARTESIAN_POINT('',(15.527828,-1.09457,4.150000000014));
#9110 = VECTOR('',#9111,1.);
#9111 = DIRECTION('',(0.,0.,1.));
#9112 = ORIENTED_EDGE('',*,*,#9113,.F.);
#9113 = EDGE_CURVE('',#6860,#9106,#9114,.T.);
#9114 = LINE('',#9115,#9116);
#9115 = CARTESIAN_POINT('',(15.527828,0.,5.));
#9116 = VECTOR('',#9117,1.);
#9117 = DIRECTION('',(0.,-1.,1.224606353822E-16));
#9118 = PLANE('',#9119);
#9119 = AXIS2_PLACEMENT_3D('',#9120,#9121,#9122);
#9120 = CARTESIAN_POINT('',(15.527828,-3.29457,7.65));
#9121 = DIRECTION('',(1.,0.,0.));
#9122 = DIRECTION('',(0.,0.,1.));
#9123 = ADVANCED_FACE('',(#9124),#9142,.T.);
#9124 = FACE_BOUND('',#9125,.T.);
#9125 = EDGE_LOOP('',(#9126,#9134,#9135,#9136));
#9126 = ORIENTED_EDGE('',*,*,#9127,.T.);
#9127 = EDGE_CURVE('',#9128,#5968,#9130,.T.);
#9128 = VERTEX_POINT('',#9129);
#9129 = CARTESIAN_POINT('',(18.027828,-0.59457,6.45));
#9130 = LINE('',#9131,#9132);
#9131 = CARTESIAN_POINT('',(0.,-0.59457,6.45));
#9132 = VECTOR('',#9133,1.);
#9133 = DIRECTION('',(-1.,0.,0.));
#9134 = ORIENTED_EDGE('',*,*,#5982,.F.);
#9135 = ORIENTED_EDGE('',*,*,#4918,.T.);
#9136 = ORIENTED_EDGE('',*,*,#9137,.T.);
#9137 = EDGE_CURVE('',#4911,#9128,#9138,.T.);
#9138 = LINE('',#9139,#9140);
#9139 = CARTESIAN_POINT('',(18.027828,-0.59457,7.434794375007));
#9140 = VECTOR('',#9141,1.);
#9141 = DIRECTION('',(0.,0.,-1.));
#9142 = PLANE('',#9143);
#9143 = AXIS2_PLACEMENT_3D('',#9144,#9145,#9146);
#9144 = CARTESIAN_POINT('',(17.527828,-0.59457,7.));
#9145 = DIRECTION('',(0.,1.,0.));
#9146 = DIRECTION('',(1.,0.,0.));
#9147 = ADVANCED_FACE('',(#9148),#9171,.T.);
#9148 = FACE_BOUND('',#9149,.T.);
#9149 = EDGE_LOOP('',(#9150,#9151,#9159,#9165));
#9150 = ORIENTED_EDGE('',*,*,#5975,.F.);
#9151 = ORIENTED_EDGE('',*,*,#9152,.T.);
#9152 = EDGE_CURVE('',#5966,#9153,#9155,.T.);
#9153 = VERTEX_POINT('',#9154);
#9154 = CARTESIAN_POINT('',(18.027828,-1.09457,6.45));
#9155 = LINE('',#9156,#9157);
#9156 = CARTESIAN_POINT('',(0.,-1.09457,6.45));
#9157 = VECTOR('',#9158,1.);
#9158 = DIRECTION('',(1.,0.,0.));
#9159 = ORIENTED_EDGE('',*,*,#9160,.T.);
#9160 = EDGE_CURVE('',#9153,#7443,#9161,.T.);
#9161 = LINE('',#9162,#9163);
#9162 = CARTESIAN_POINT('',(18.027828,-1.09457,5.));
#9163 = VECTOR('',#9164,1.);
#9164 = DIRECTION('',(0.,0.,1.));
#9165 = ORIENTED_EDGE('',*,*,#9166,.T.);
#9166 = EDGE_CURVE('',#7443,#5881,#9167,.T.);
#9167 = LINE('',#9168,#9169);
#9168 = CARTESIAN_POINT('',(17.92853557827,-1.09457,9.200000000014));
#9169 = VECTOR('',#9170,1.);
#9170 = DIRECTION('',(-1.,1.224606353822E-16,0.));
#9171 = PLANE('',#9172);
#9172 = AXIS2_PLACEMENT_3D('',#9173,#9174,#9175);
#9173 = CARTESIAN_POINT('',(17.527828,-1.09457,7.));
#9174 = DIRECTION('',(0.,-1.,0.));
#9175 = DIRECTION('',(1.,0.,0.));
#9176 = ADVANCED_FACE('',(#9177),#9188,.T.);
#9177 = FACE_BOUND('',#9178,.T.);
#9178 = EDGE_LOOP('',(#9179,#9180,#9186,#9187));
#9179 = ORIENTED_EDGE('',*,*,#9160,.F.);
#9180 = ORIENTED_EDGE('',*,*,#9181,.T.);
#9181 = EDGE_CURVE('',#9153,#9128,#9182,.T.);
#9182 = LINE('',#9183,#9184);
#9183 = CARTESIAN_POINT('',(18.027828,0.,6.45));
#9184 = VECTOR('',#9185,1.);
#9185 = DIRECTION('',(0.,1.,-2.449212707645E-16));
#9186 = ORIENTED_EDGE('',*,*,#9137,.F.);
#9187 = ORIENTED_EDGE('',*,*,#7450,.T.);
#9188 = PLANE('',#9189);
#9189 = AXIS2_PLACEMENT_3D('',#9190,#9191,#9192);
#9190 = CARTESIAN_POINT('',(18.027828,-1.09457,7.05));
#9191 = DIRECTION('',(1.,0.,0.));
#9192 = DIRECTION('',(-0.,1.,0.));
#9193 = ADVANCED_FACE('',(#9194),#9205,.F.);
#9194 = FACE_BOUND('',#9195,.T.);
#9195 = EDGE_LOOP('',(#9196,#9197,#9198,#9199));
#9196 = ORIENTED_EDGE('',*,*,#5888,.F.);
#9197 = ORIENTED_EDGE('',*,*,#9166,.F.);
#9198 = ORIENTED_EDGE('',*,*,#7440,.F.);
#9199 = ORIENTED_EDGE('',*,*,#9200,.F.);
#9200 = EDGE_CURVE('',#5889,#7441,#9201,.T.);
#9201 = LINE('',#9202,#9203);
#9202 = CARTESIAN_POINT('',(17.92853557827,-0.99457,9.600000000014));
#9203 = VECTOR('',#9204,1.);
#9204 = DIRECTION('',(1.,-1.224606353822E-16,0.));
#9205 = PLANE('',#9206);
#9206 = AXIS2_PLACEMENT_3D('',#9207,#9208,#9209);
#9207 = CARTESIAN_POINT('',(17.777828,-1.04457,9.400000000014));
#9208 = DIRECTION('',(1.188042669791E-16,0.970142500145,-0.242535625036)
  );
#9209 = DIRECTION('',(-2.970106674478E-17,-0.242535625036,
    -0.970142500145));
#9210 = ADVANCED_FACE('',(#9211),#9234,.T.);
#9211 = FACE_BOUND('',#9212,.T.);
#9212 = EDGE_LOOP('',(#9213,#9214,#9222,#9228));
#9213 = ORIENTED_EDGE('',*,*,#7949,.F.);
#9214 = ORIENTED_EDGE('',*,*,#9215,.T.);
#9215 = EDGE_CURVE('',#7940,#9216,#9218,.T.);
#9216 = VERTEX_POINT('',#9217);
#9217 = CARTESIAN_POINT('',(18.027828,0.90543,6.45));
#9218 = LINE('',#9219,#9220);
#9219 = CARTESIAN_POINT('',(0.,0.90543,6.45));
#9220 = VECTOR('',#9221,1.);
#9221 = DIRECTION('',(1.,0.,0.));
#9222 = ORIENTED_EDGE('',*,*,#9223,.T.);
#9223 = EDGE_CURVE('',#9216,#4331,#9224,.T.);
#9224 = LINE('',#9225,#9226);
#9225 = CARTESIAN_POINT('',(18.027828,0.90543,5.));
#9226 = VECTOR('',#9227,1.);
#9227 = DIRECTION('',(0.,0.,1.));
#9228 = ORIENTED_EDGE('',*,*,#9229,.T.);
#9229 = EDGE_CURVE('',#4331,#7950,#9230,.T.);
#9230 = LINE('',#9231,#9232);
#9231 = CARTESIAN_POINT('',(17.92853557827,0.90543,9.200000000014));
#9232 = VECTOR('',#9233,1.);
#9233 = DIRECTION('',(-1.,1.224606353822E-16,0.));
#9234 = PLANE('',#9235);
#9235 = AXIS2_PLACEMENT_3D('',#9236,#9237,#9238);
#9236 = CARTESIAN_POINT('',(17.527828,0.90543,7.));
#9237 = DIRECTION('',(0.,-1.,0.));
#9238 = DIRECTION('',(1.,0.,0.));
#9239 = ADVANCED_FACE('',(#9240),#9258,.T.);
#9240 = FACE_BOUND('',#9241,.T.);
#9241 = EDGE_LOOP('',(#9242,#9243,#9251,#9257));
#9242 = ORIENTED_EDGE('',*,*,#9223,.F.);
#9243 = ORIENTED_EDGE('',*,*,#9244,.T.);
#9244 = EDGE_CURVE('',#9216,#9245,#9247,.T.);
#9245 = VERTEX_POINT('',#9246);
#9246 = CARTESIAN_POINT('',(18.027828,1.40543,6.45));
#9247 = LINE('',#9248,#9249);
#9248 = CARTESIAN_POINT('',(18.027828,0.,6.45));
#9249 = VECTOR('',#9250,1.);
#9250 = DIRECTION('',(0.,1.,-2.449212707645E-16));
#9251 = ORIENTED_EDGE('',*,*,#9252,.F.);
#9252 = EDGE_CURVE('',#4339,#9245,#9253,.T.);
#9253 = LINE('',#9254,#9255);
#9254 = CARTESIAN_POINT('',(18.027828,1.40543,7.434794375007));
#9255 = VECTOR('',#9256,1.);
#9256 = DIRECTION('',(0.,0.,-1.));
#9257 = ORIENTED_EDGE('',*,*,#4338,.T.);
#9258 = PLANE('',#9259);
#9259 = AXIS2_PLACEMENT_3D('',#9260,#9261,#9262);
#9260 = CARTESIAN_POINT('',(18.027828,0.90543,7.05));
#9261 = DIRECTION('',(1.,0.,0.));
#9262 = DIRECTION('',(-0.,1.,0.));
#9263 = ADVANCED_FACE('',(#9264),#9270,.F.);
#9264 = FACE_BOUND('',#9265,.T.);
#9265 = EDGE_LOOP('',(#9266,#9267,#9268,#9269));
#9266 = ORIENTED_EDGE('',*,*,#9088,.F.);
#9267 = ORIENTED_EDGE('',*,*,#9229,.F.);
#9268 = ORIENTED_EDGE('',*,*,#4330,.F.);
#9269 = ORIENTED_EDGE('',*,*,#3718,.F.);
#9270 = PLANE('',#9271);
#9271 = AXIS2_PLACEMENT_3D('',#9272,#9273,#9274);
#9272 = CARTESIAN_POINT('',(17.777828,0.95543,9.400000000014));
#9273 = DIRECTION('',(1.188042669791E-16,0.970142500145,-0.242535625036)
  );
#9274 = DIRECTION('',(-2.970106674478E-17,-0.242535625036,
    -0.970142500145));
#9275 = ADVANCED_FACE('',(#9276),#9287,.T.);
#9276 = FACE_BOUND('',#9277,.T.);
#9277 = EDGE_LOOP('',(#9278,#9284,#9285,#9286));
#9278 = ORIENTED_EDGE('',*,*,#9279,.T.);
#9279 = EDGE_CURVE('',#9245,#7942,#9280,.T.);
#9280 = LINE('',#9281,#9282);
#9281 = CARTESIAN_POINT('',(0.,1.40543,6.45));
#9282 = VECTOR('',#9283,1.);
#9283 = DIRECTION('',(-1.,0.,0.));
#9284 = ORIENTED_EDGE('',*,*,#7963,.F.);
#9285 = ORIENTED_EDGE('',*,*,#7713,.T.);
#9286 = ORIENTED_EDGE('',*,*,#9252,.T.);
#9287 = PLANE('',#9288);
#9288 = AXIS2_PLACEMENT_3D('',#9289,#9290,#9291);
#9289 = CARTESIAN_POINT('',(17.527828,1.40543,7.));
#9290 = DIRECTION('',(0.,1.,0.));
#9291 = DIRECTION('',(1.,0.,0.));
#9292 = ADVANCED_FACE('',(#9293),#9311,.F.);
#9293 = FACE_BOUND('',#9294,.T.);
#9294 = EDGE_LOOP('',(#9295,#9296,#9297,#9305));
#9295 = ORIENTED_EDGE('',*,*,#4510,.F.);
#9296 = ORIENTED_EDGE('',*,*,#8862,.T.);
#9297 = ORIENTED_EDGE('',*,*,#9298,.T.);
#9298 = EDGE_CURVE('',#8855,#9299,#9301,.T.);
#9299 = VERTEX_POINT('',#9300);
#9300 = CARTESIAN_POINT('',(21.627828,-0.99457,9.600000000014));
#9301 = LINE('',#9302,#9303);
#9302 = CARTESIAN_POINT('',(20.877828,-1.74457,6.600000000014));
#9303 = VECTOR('',#9304,1.);
#9304 = DIRECTION('',(0.235702260396,0.235702260396,0.942809041582));
#9305 = ORIENTED_EDGE('',*,*,#9306,.F.);
#9306 = EDGE_CURVE('',#4511,#9299,#9307,.T.);
#9307 = LINE('',#9308,#9309);
#9308 = CARTESIAN_POINT('',(21.627828,-0.191870202642,9.600000000014));
#9309 = VECTOR('',#9310,1.);
#9310 = DIRECTION('',(-1.224606353822E-16,-1.,0.));
#9311 = PLANE('',#9312);
#9312 = AXIS2_PLACEMENT_3D('',#9313,#9314,#9315);
#9313 = CARTESIAN_POINT('',(21.577828,-0.89457,9.400000000014));
#9314 = DIRECTION('',(0.970142500145,-1.188042669791E-16,-0.242535625036
    ));
#9315 = DIRECTION('',(-0.242535625036,2.970106674478E-17,-0.970142500145
    ));
#9316 = ADVANCED_FACE('',(#9317),#9342,.F.);
#9317 = FACE_BOUND('',#9318,.T.);
#9318 = EDGE_LOOP('',(#9319,#9329,#9335,#9336));
#9319 = ORIENTED_EDGE('',*,*,#9320,.T.);
#9320 = EDGE_CURVE('',#9321,#9323,#9325,.T.);
#9321 = VERTEX_POINT('',#9322);
#9322 = CARTESIAN_POINT('',(21.927828,-0.99457,9.600000000014));
#9323 = VERTEX_POINT('',#9324);
#9324 = CARTESIAN_POINT('',(22.027828,-1.09457,9.200000000014));
#9325 = LINE('',#9326,#9327);
#9326 = CARTESIAN_POINT('',(22.677828,-1.74457,6.600000000014));
#9327 = VECTOR('',#9328,1.);
#9328 = DIRECTION('',(0.235702260396,-0.235702260396,-0.942809041582));
#9329 = ORIENTED_EDGE('',*,*,#9330,.F.);
#9330 = EDGE_CURVE('',#4495,#9323,#9331,.T.);
#9331 = LINE('',#9332,#9333);
#9332 = CARTESIAN_POINT('',(22.027828,-0.191870202642,9.200000000014));
#9333 = VECTOR('',#9334,1.);
#9334 = DIRECTION('',(-1.224606353822E-16,-1.,0.));
#9335 = ORIENTED_EDGE('',*,*,#4492,.F.);
#9336 = ORIENTED_EDGE('',*,*,#9337,.F.);
#9337 = EDGE_CURVE('',#9321,#4493,#9338,.T.);
#9338 = LINE('',#9339,#9340);
#9339 = CARTESIAN_POINT('',(21.927828,-0.191870202642,9.600000000014));
#9340 = VECTOR('',#9341,1.);
#9341 = DIRECTION('',(1.224606353822E-16,1.,0.));
#9342 = PLANE('',#9343);
#9343 = AXIS2_PLACEMENT_3D('',#9344,#9345,#9346);
#9344 = CARTESIAN_POINT('',(21.977828,-0.89457,9.400000000014));
#9345 = DIRECTION('',(-0.970142500145,1.188042669791E-16,-0.242535625036
    ));
#9346 = DIRECTION('',(0.242535625036,-2.970106674478E-17,-0.970142500145
    ));
#9347 = ADVANCED_FACE('',(#9348),#9354,.F.);
#9348 = FACE_BOUND('',#9349,.T.);
#9349 = EDGE_LOOP('',(#9350,#9351,#9352,#9353));
#9350 = ORIENTED_EDGE('',*,*,#6022,.T.);
#9351 = ORIENTED_EDGE('',*,*,#6249,.T.);
#9352 = ORIENTED_EDGE('',*,*,#7681,.T.);
#9353 = ORIENTED_EDGE('',*,*,#8768,.T.);
#9354 = PLANE('',#9355);
#9355 = AXIS2_PLACEMENT_3D('',#9356,#9357,#9358);
#9356 = CARTESIAN_POINT('',(23.92853557827,1.808129797358,9.600000000014
    ));
#9357 = DIRECTION('',(0.,0.,-1.));
#9358 = DIRECTION('',(-1.,1.224606353822E-16,0.));
#9359 = ADVANCED_FACE('',(#9360),#9371,.T.);
#9360 = FACE_BOUND('',#9361,.T.);
#9361 = EDGE_LOOP('',(#9362,#9363,#9369,#9370));
#9362 = ORIENTED_EDGE('',*,*,#3812,.F.);
#9363 = ORIENTED_EDGE('',*,*,#9364,.T.);
#9364 = EDGE_CURVE('',#3813,#6341,#9365,.T.);
#9365 = LINE('',#9366,#9367);
#9366 = CARTESIAN_POINT('',(0.,1.40543,5.));
#9367 = VECTOR('',#9368,1.);
#9368 = DIRECTION('',(1.,0.,0.));
#9369 = ORIENTED_EDGE('',*,*,#6362,.T.);
#9370 = ORIENTED_EDGE('',*,*,#3590,.F.);
#9371 = PLANE('',#9372);
#9372 = AXIS2_PLACEMENT_3D('',#9373,#9374,#9375);
#9373 = CARTESIAN_POINT('',(19.527828,1.40543,7.));
#9374 = DIRECTION('',(0.,1.,0.));
#9375 = DIRECTION('',(1.,0.,0.));
#9376 = ADVANCED_FACE('',(#9377),#9402,.T.);
#9377 = FACE_BOUND('',#9378,.T.);
#9378 = EDGE_LOOP('',(#9379,#9387,#9395,#9401));
#9379 = ORIENTED_EDGE('',*,*,#9380,.F.);
#9380 = EDGE_CURVE('',#9381,#9323,#9383,.T.);
#9381 = VERTEX_POINT('',#9382);
#9382 = CARTESIAN_POINT('',(22.027828,-1.09457,6.45));
#9383 = LINE('',#9384,#9385);
#9384 = CARTESIAN_POINT('',(22.027828,-1.09457,5.));
#9385 = VECTOR('',#9386,1.);
#9386 = DIRECTION('',(0.,0.,1.));
#9387 = ORIENTED_EDGE('',*,*,#9388,.T.);
#9388 = EDGE_CURVE('',#9381,#9389,#9391,.T.);
#9389 = VERTEX_POINT('',#9390);
#9390 = CARTESIAN_POINT('',(22.027828,-0.59457,6.45));
#9391 = LINE('',#9392,#9393);
#9392 = CARTESIAN_POINT('',(22.027828,0.,6.45));
#9393 = VECTOR('',#9394,1.);
#9394 = DIRECTION('',(0.,1.,-2.449212707645E-16));
#9395 = ORIENTED_EDGE('',*,*,#9396,.F.);
#9396 = EDGE_CURVE('',#4495,#9389,#9397,.T.);
#9397 = LINE('',#9398,#9399);
#9398 = CARTESIAN_POINT('',(22.027828,-0.59457,7.434794375007));
#9399 = VECTOR('',#9400,1.);
#9400 = DIRECTION('',(0.,0.,-1.));
#9401 = ORIENTED_EDGE('',*,*,#9330,.T.);
#9402 = PLANE('',#9403);
#9403 = AXIS2_PLACEMENT_3D('',#9404,#9405,#9406);
#9404 = CARTESIAN_POINT('',(22.027828,-1.09457,7.05));
#9405 = DIRECTION('',(1.,0.,0.));
#9406 = DIRECTION('',(-0.,1.,0.));
#9407 = ADVANCED_FACE('',(#9408),#9424,.T.);
#9408 = FACE_BOUND('',#9409,.T.);
#9409 = EDGE_LOOP('',(#9410,#9411,#9417,#9418));
#9410 = ORIENTED_EDGE('',*,*,#8854,.F.);
#9411 = ORIENTED_EDGE('',*,*,#9412,.T.);
#9412 = EDGE_CURVE('',#8845,#9381,#9413,.T.);
#9413 = LINE('',#9414,#9415);
#9414 = CARTESIAN_POINT('',(0.,-1.09457,6.45));
#9415 = VECTOR('',#9416,1.);
#9416 = DIRECTION('',(1.,0.,0.));
#9417 = ORIENTED_EDGE('',*,*,#9380,.T.);
#9418 = ORIENTED_EDGE('',*,*,#9419,.T.);
#9419 = EDGE_CURVE('',#9323,#8855,#9420,.T.);
#9420 = LINE('',#9421,#9422);
#9421 = CARTESIAN_POINT('',(21.92853557827,-1.09457,9.200000000014));
#9422 = VECTOR('',#9423,1.);
#9423 = DIRECTION('',(-1.,1.224606353822E-16,0.));
#9424 = PLANE('',#9425);
#9425 = AXIS2_PLACEMENT_3D('',#9426,#9427,#9428);
#9426 = CARTESIAN_POINT('',(21.527828,-1.09457,7.));
#9427 = DIRECTION('',(0.,-1.,0.));
#9428 = DIRECTION('',(1.,0.,0.));
#9429 = ADVANCED_FACE('',(#9430),#9441,.F.);
#9430 = FACE_BOUND('',#9431,.T.);
#9431 = EDGE_LOOP('',(#9432,#9433,#9434,#9435));
#9432 = ORIENTED_EDGE('',*,*,#9298,.F.);
#9433 = ORIENTED_EDGE('',*,*,#9419,.F.);
#9434 = ORIENTED_EDGE('',*,*,#9320,.F.);
#9435 = ORIENTED_EDGE('',*,*,#9436,.F.);
#9436 = EDGE_CURVE('',#9299,#9321,#9437,.T.);
#9437 = LINE('',#9438,#9439);
#9438 = CARTESIAN_POINT('',(21.92853557827,-0.99457,9.600000000014));
#9439 = VECTOR('',#9440,1.);
#9440 = DIRECTION('',(1.,-1.224606353822E-16,0.));
#9441 = PLANE('',#9442);
#9442 = AXIS2_PLACEMENT_3D('',#9443,#9444,#9445);
#9443 = CARTESIAN_POINT('',(21.777828,-1.04457,9.400000000014));
#9444 = DIRECTION('',(1.188042669791E-16,0.970142500145,-0.242535625036)
  );
#9445 = DIRECTION('',(-2.970106674478E-17,-0.242535625036,
    -0.970142500145));
#9446 = ADVANCED_FACE('',(#9447),#9458,.T.);
#9447 = FACE_BOUND('',#9448,.T.);
#9448 = EDGE_LOOP('',(#9449,#9455,#9456,#9457));
#9449 = ORIENTED_EDGE('',*,*,#9450,.T.);
#9450 = EDGE_CURVE('',#9389,#8847,#9451,.T.);
#9451 = LINE('',#9452,#9453);
#9452 = CARTESIAN_POINT('',(0.,-0.59457,6.45));
#9453 = VECTOR('',#9454,1.);
#9454 = DIRECTION('',(-1.,0.,0.));
#9455 = ORIENTED_EDGE('',*,*,#8868,.F.);
#9456 = ORIENTED_EDGE('',*,*,#4502,.T.);
#9457 = ORIENTED_EDGE('',*,*,#9396,.T.);
#9458 = PLANE('',#9459);
#9459 = AXIS2_PLACEMENT_3D('',#9460,#9461,#9462);
#9460 = CARTESIAN_POINT('',(21.527828,-0.59457,7.));
#9461 = DIRECTION('',(0.,1.,0.));
#9462 = DIRECTION('',(1.,0.,0.));
#9463 = ADVANCED_FACE('',(#9464),#9475,.T.);
#9464 = FACE_BOUND('',#9465,.T.);
#9465 = EDGE_LOOP('',(#9466,#9467,#9473,#9474));
#9466 = ORIENTED_EDGE('',*,*,#3532,.F.);
#9467 = ORIENTED_EDGE('',*,*,#9468,.T.);
#9468 = EDGE_CURVE('',#3533,#6264,#9469,.T.);
#9469 = LINE('',#9470,#9471);
#9470 = CARTESIAN_POINT('',(0.,-0.59457,5.));
#9471 = VECTOR('',#9472,1.);
#9472 = DIRECTION('',(1.,0.,0.));
#9473 = ORIENTED_EDGE('',*,*,#6278,.T.);
#9474 = ORIENTED_EDGE('',*,*,#5366,.F.);
#9475 = PLANE('',#9476);
#9476 = AXIS2_PLACEMENT_3D('',#9477,#9478,#9479);
#9477 = CARTESIAN_POINT('',(17.527828,-0.59457,7.));
#9478 = DIRECTION('',(0.,1.,0.));
#9479 = DIRECTION('',(1.,0.,0.));
#9480 = ADVANCED_FACE('',(#9481),#9506,.F.);
#9481 = FACE_BOUND('',#9482,.T.);
#9482 = EDGE_LOOP('',(#9483,#9493,#9499,#9500));
#9483 = ORIENTED_EDGE('',*,*,#9484,.F.);
#9484 = EDGE_CURVE('',#9485,#9487,#9489,.T.);
#9485 = VERTEX_POINT('',#9486);
#9486 = CARTESIAN_POINT('',(15.527828,-1.09457,6.45));
#9487 = VERTEX_POINT('',#9488);
#9488 = CARTESIAN_POINT('',(15.527828,-0.59457,6.45));
#9489 = LINE('',#9490,#9491);
#9490 = CARTESIAN_POINT('',(15.527828,0.,6.45));
#9491 = VECTOR('',#9492,1.);
#9492 = DIRECTION('',(0.,1.,-2.449212707645E-16));
#9493 = ORIENTED_EDGE('',*,*,#9494,.T.);
#9494 = EDGE_CURVE('',#9485,#6565,#9495,.T.);
#9495 = LINE('',#9496,#9497);
#9496 = CARTESIAN_POINT('',(15.527828,-1.09457,4.150000000014));
#9497 = VECTOR('',#9498,1.);
#9498 = DIRECTION('',(0.,0.,1.));
#9499 = ORIENTED_EDGE('',*,*,#6564,.F.);
#9500 = ORIENTED_EDGE('',*,*,#9501,.T.);
#9501 = EDGE_CURVE('',#6557,#9487,#9502,.T.);
#9502 = LINE('',#9503,#9504);
#9503 = CARTESIAN_POINT('',(15.527828,-0.59457,7.05));
#9504 = VECTOR('',#9505,1.);
#9505 = DIRECTION('',(0.,0.,-1.));
#9506 = PLANE('',#9507);
#9507 = AXIS2_PLACEMENT_3D('',#9508,#9509,#9510);
#9508 = CARTESIAN_POINT('',(15.527828,-3.29457,7.65));
#9509 = DIRECTION('',(1.,0.,0.));
#9510 = DIRECTION('',(0.,0.,1.));
#9511 = ADVANCED_FACE('',(#9512),#9518,.T.);
#9512 = FACE_BOUND('',#9513,.T.);
#9513 = EDGE_LOOP('',(#9514,#9515,#9516,#9517));
#9514 = ORIENTED_EDGE('',*,*,#6968,.T.);
#9515 = ORIENTED_EDGE('',*,*,#5374,.T.);
#9516 = ORIENTED_EDGE('',*,*,#6272,.T.);
#9517 = ORIENTED_EDGE('',*,*,#7807,.F.);
#9518 = PLANE('',#9519);
#9519 = AXIS2_PLACEMENT_3D('',#9520,#9521,#9522);
#9520 = CARTESIAN_POINT('',(17.977828,-0.89457,2.2));
#9521 = DIRECTION('',(0.970142500145,0.,-0.242535625036));
#9522 = DIRECTION('',(0.242535625036,0.,0.970142500145));
#9523 = ADVANCED_FACE('',(#9524),#9535,.T.);
#9524 = FACE_BOUND('',#9525,.T.);
#9525 = EDGE_LOOP('',(#9526,#9532,#9533,#9534));
#9526 = ORIENTED_EDGE('',*,*,#9527,.T.);
#9527 = EDGE_CURVE('',#5458,#7206,#9528,.T.);
#9528 = LINE('',#9529,#9530);
#9529 = CARTESIAN_POINT('',(24.027828,0.,5.));
#9530 = VECTOR('',#9531,1.);
#9531 = DIRECTION('',(0.,-1.,1.224606353822E-16));
#9532 = ORIENTED_EDGE('',*,*,#7220,.F.);
#9533 = ORIENTED_EDGE('',*,*,#6045,.F.);
#9534 = ORIENTED_EDGE('',*,*,#5465,.F.);
#9535 = PLANE('',#9536);
#9536 = AXIS2_PLACEMENT_3D('',#9537,#9538,#9539);
#9537 = CARTESIAN_POINT('',(24.027828,-1.09457,7.05));
#9538 = DIRECTION('',(1.,0.,0.));
#9539 = DIRECTION('',(-0.,1.,0.));
#9540 = ADVANCED_FACE('',(#9541),#9552,.F.);
#9541 = FACE_BOUND('',#9542,.T.);
#9542 = EDGE_LOOP('',(#9543,#9544,#9550,#9551));
#9543 = ORIENTED_EDGE('',*,*,#6572,.F.);
#9544 = ORIENTED_EDGE('',*,*,#9545,.F.);
#9545 = EDGE_CURVE('',#8883,#6565,#9546,.T.);
#9546 = LINE('',#9547,#9548);
#9547 = CARTESIAN_POINT('',(15.92853557827,-1.09457,9.200000000014));
#9548 = VECTOR('',#9549,1.);
#9549 = DIRECTION('',(-1.,1.224606353822E-16,0.));
#9550 = ORIENTED_EDGE('',*,*,#8882,.F.);
#9551 = ORIENTED_EDGE('',*,*,#5506,.F.);
#9552 = PLANE('',#9553);
#9553 = AXIS2_PLACEMENT_3D('',#9554,#9555,#9556);
#9554 = CARTESIAN_POINT('',(15.777828,-1.04457,9.400000000014));
#9555 = DIRECTION('',(1.188042669791E-16,0.970142500145,-0.242535625036)
  );
#9556 = DIRECTION('',(-2.970106674478E-17,-0.242535625036,
    -0.970142500145));
#9557 = ADVANCED_FACE('',(#9558),#9583,.T.);
#9558 = FACE_BOUND('',#9559,.T.);
#9559 = EDGE_LOOP('',(#9560,#9568,#9576,#9582));
#9560 = ORIENTED_EDGE('',*,*,#9561,.F.);
#9561 = EDGE_CURVE('',#9562,#8883,#9564,.T.);
#9562 = VERTEX_POINT('',#9563);
#9563 = CARTESIAN_POINT('',(16.027828,-1.09457,6.45));
#9564 = LINE('',#9565,#9566);
#9565 = CARTESIAN_POINT('',(16.027828,-1.09457,5.));
#9566 = VECTOR('',#9567,1.);
#9567 = DIRECTION('',(0.,0.,1.));
#9568 = ORIENTED_EDGE('',*,*,#9569,.T.);
#9569 = EDGE_CURVE('',#9562,#9570,#9572,.T.);
#9570 = VERTEX_POINT('',#9571);
#9571 = CARTESIAN_POINT('',(16.027828,-0.59457,6.45));
#9572 = LINE('',#9573,#9574);
#9573 = CARTESIAN_POINT('',(16.027828,0.,6.45));
#9574 = VECTOR('',#9575,1.);
#9575 = DIRECTION('',(0.,1.,-2.449212707645E-16));
#9576 = ORIENTED_EDGE('',*,*,#9577,.F.);
#9577 = EDGE_CURVE('',#7377,#9570,#9578,.T.);
#9578 = LINE('',#9579,#9580);
#9579 = CARTESIAN_POINT('',(16.027828,-0.59457,7.434794375007));
#9580 = VECTOR('',#9581,1.);
#9581 = DIRECTION('',(0.,0.,-1.));
#9582 = ORIENTED_EDGE('',*,*,#8890,.T.);
#9583 = PLANE('',#9584);
#9584 = AXIS2_PLACEMENT_3D('',#9585,#9586,#9587);
#9585 = CARTESIAN_POINT('',(16.027828,-1.09457,7.05));
#9586 = DIRECTION('',(1.,0.,0.));
#9587 = DIRECTION('',(-0.,1.,0.));
#9588 = ADVANCED_FACE('',(#9589),#9600,.T.);
#9589 = FACE_BOUND('',#9590,.T.);
#9590 = EDGE_LOOP('',(#9591,#9597,#9598,#9599));
#9591 = ORIENTED_EDGE('',*,*,#9592,.T.);
#9592 = EDGE_CURVE('',#9570,#9487,#9593,.T.);
#9593 = LINE('',#9594,#9595);
#9594 = CARTESIAN_POINT('',(0.,-0.59457,6.45));
#9595 = VECTOR('',#9596,1.);
#9596 = DIRECTION('',(-1.,0.,0.));
#9597 = ORIENTED_EDGE('',*,*,#9501,.F.);
#9598 = ORIENTED_EDGE('',*,*,#7384,.T.);
#9599 = ORIENTED_EDGE('',*,*,#9577,.T.);
#9600 = PLANE('',#9601);
#9601 = AXIS2_PLACEMENT_3D('',#9602,#9603,#9604);
#9602 = CARTESIAN_POINT('',(15.527828,-0.59457,7.));
#9603 = DIRECTION('',(0.,1.,0.));
#9604 = DIRECTION('',(1.,0.,0.));
#9605 = ADVANCED_FACE('',(#9606),#9617,.T.);
#9606 = FACE_BOUND('',#9607,.T.);
#9607 = EDGE_LOOP('',(#9608,#9609,#9615,#9616));
#9608 = ORIENTED_EDGE('',*,*,#9494,.F.);
#9609 = ORIENTED_EDGE('',*,*,#9610,.T.);
#9610 = EDGE_CURVE('',#9485,#9562,#9611,.T.);
#9611 = LINE('',#9612,#9613);
#9612 = CARTESIAN_POINT('',(0.,-1.09457,6.45));
#9613 = VECTOR('',#9614,1.);
#9614 = DIRECTION('',(1.,0.,0.));
#9615 = ORIENTED_EDGE('',*,*,#9561,.T.);
#9616 = ORIENTED_EDGE('',*,*,#9545,.T.);
#9617 = PLANE('',#9618);
#9618 = AXIS2_PLACEMENT_3D('',#9619,#9620,#9621);
#9619 = CARTESIAN_POINT('',(15.527828,-1.09457,7.));
#9620 = DIRECTION('',(0.,-1.,0.));
#9621 = DIRECTION('',(1.,0.,0.));
#9622 = ADVANCED_FACE('',(#9623),#9657,.T.);
#9623 = FACE_BOUND('',#9624,.T.);
#9624 = EDGE_LOOP('',(#9625,#9635,#9643,#9651));
#9625 = ORIENTED_EDGE('',*,*,#9626,.F.);
#9626 = EDGE_CURVE('',#9627,#9629,#9631,.T.);
#9627 = VERTEX_POINT('',#9628);
#9628 = CARTESIAN_POINT('',(23.277828,-0.34457,6.6));
#9629 = VERTEX_POINT('',#9630);
#9630 = CARTESIAN_POINT('',(23.277828,-0.34457,6.45));
#9631 = LINE('',#9632,#9633);
#9632 = CARTESIAN_POINT('',(23.277828,-0.34457,-9.244463733059E-32));
#9633 = VECTOR('',#9634,1.);
#9634 = DIRECTION('',(0.,0.,-1.));
#9635 = ORIENTED_EDGE('',*,*,#9636,.F.);
#9636 = EDGE_CURVE('',#9637,#9627,#9639,.T.);
#9637 = VERTEX_POINT('',#9638);
#9638 = CARTESIAN_POINT('',(23.277828,-2.34457,6.6));
#9639 = LINE('',#9640,#9641);
#9640 = CARTESIAN_POINT('',(23.277828,3.641509836727E-16,6.6));
#9641 = VECTOR('',#9642,1.);
#9642 = DIRECTION('',(0.,1.,-1.224606353822E-16));
#9643 = ORIENTED_EDGE('',*,*,#9644,.F.);
#9644 = EDGE_CURVE('',#9645,#9637,#9647,.T.);
#9645 = VERTEX_POINT('',#9646);
#9646 = CARTESIAN_POINT('',(23.277828,-2.34457,6.45));
#9647 = LINE('',#9648,#9649);
#9648 = CARTESIAN_POINT('',(23.277828,-2.34457,2.871175318981E-16));
#9649 = VECTOR('',#9650,1.);
#9650 = DIRECTION('',(0.,1.224606353822E-16,1.));
#9651 = ORIENTED_EDGE('',*,*,#9652,.T.);
#9652 = EDGE_CURVE('',#9645,#9629,#9653,.T.);
#9653 = LINE('',#9654,#9655);
#9654 = CARTESIAN_POINT('',(23.277828,3.457818883654E-16,6.45));
#9655 = VECTOR('',#9656,1.);
#9656 = DIRECTION('',(0.,1.,-2.449212707645E-16));
#9657 = PLANE('',#9658);
#9658 = AXIS2_PLACEMENT_3D('',#9659,#9660,#9661);
#9659 = CARTESIAN_POINT('',(23.277828,-2.34457,6.6));
#9660 = DIRECTION('',(1.,0.,0.));
#9661 = DIRECTION('',(0.,-1.,1.224606353822E-16));
#9662 = ADVANCED_FACE('',(#9663),#9681,.F.);
#9663 = FACE_BOUND('',#9664,.T.);
#9664 = EDGE_LOOP('',(#9665,#9666,#9674,#9680));
#9665 = ORIENTED_EDGE('',*,*,#7086,.F.);
#9666 = ORIENTED_EDGE('',*,*,#9667,.T.);
#9667 = EDGE_CURVE('',#7079,#9668,#9670,.T.);
#9668 = VERTEX_POINT('',#9669);
#9669 = CARTESIAN_POINT('',(24.777828,-2.34457,6.45));
#9670 = LINE('',#9671,#9672);
#9671 = CARTESIAN_POINT('',(24.777828,3.457818883654E-16,6.45));
#9672 = VECTOR('',#9673,1.);
#9673 = DIRECTION('',(0.,-1.,2.449212707645E-16));
#9674 = ORIENTED_EDGE('',*,*,#9675,.F.);
#9675 = EDGE_CURVE('',#9034,#9668,#9676,.T.);
#9676 = LINE('',#9677,#9678);
#9677 = CARTESIAN_POINT('',(24.777828,-2.34457,2.871175318981E-16));
#9678 = VECTOR('',#9679,1.);
#9679 = DIRECTION('',(0.,-1.224606353822E-16,-1.));
#9680 = ORIENTED_EDGE('',*,*,#9043,.T.);
#9681 = PLANE('',#9682);
#9682 = AXIS2_PLACEMENT_3D('',#9683,#9684,#9685);
#9683 = CARTESIAN_POINT('',(24.777828,-1.17457,6.65));
#9684 = DIRECTION('',(1.,0.,0.));
#9685 = DIRECTION('',(0.,-1.,0.));
#9686 = ADVANCED_FACE('',(#9687),#9703,.T.);
#9687 = FACE_BOUND('',#9688,.T.);
#9688 = EDGE_LOOP('',(#9689,#9695,#9696,#9702));
#9689 = ORIENTED_EDGE('',*,*,#9690,.T.);
#9690 = EDGE_CURVE('',#9627,#7547,#9691,.T.);
#9691 = LINE('',#9692,#9693);
#9692 = CARTESIAN_POINT('',(15.555656,-0.34457,6.6));
#9693 = VECTOR('',#9694,1.);
#9694 = DIRECTION('',(-1.,0.,0.));
#9695 = ORIENTED_EDGE('',*,*,#7544,.F.);
#9696 = ORIENTED_EDGE('',*,*,#9697,.F.);
#9697 = EDGE_CURVE('',#9637,#7545,#9698,.T.);
#9698 = LINE('',#9699,#9700);
#9699 = CARTESIAN_POINT('',(15.555656,-2.34457,6.6));
#9700 = VECTOR('',#9701,1.);
#9701 = DIRECTION('',(-1.,0.,0.));
#9702 = ORIENTED_EDGE('',*,*,#9636,.T.);
#9703 = PLANE('',#9704);
#9704 = AXIS2_PLACEMENT_3D('',#9705,#9706,#9707);
#9705 = CARTESIAN_POINT('',(29.4258304,2.05543,6.6));
#9706 = DIRECTION('',(0.,1.224606353822E-16,1.));
#9707 = DIRECTION('',(0.,-1.,1.224606353822E-16));
#9708 = ADVANCED_FACE('',(#9709),#9720,.T.);
#9709 = FACE_BOUND('',#9710,.T.);
#9710 = EDGE_LOOP('',(#9711,#9712,#9713,#9719));
#9711 = ORIENTED_EDGE('',*,*,#9690,.F.);
#9712 = ORIENTED_EDGE('',*,*,#9626,.T.);
#9713 = ORIENTED_EDGE('',*,*,#9714,.T.);
#9714 = EDGE_CURVE('',#9629,#7555,#9715,.T.);
#9715 = LINE('',#9716,#9717);
#9716 = CARTESIAN_POINT('',(22.,-0.34457,6.45));
#9717 = VECTOR('',#9718,1.);
#9718 = DIRECTION('',(-1.,0.,0.));
#9719 = ORIENTED_EDGE('',*,*,#7554,.F.);
#9720 = PLANE('',#9721);
#9721 = AXIS2_PLACEMENT_3D('',#9722,#9723,#9724);
#9722 = CARTESIAN_POINT('',(22.277828,-0.34457,6.65));
#9723 = DIRECTION('',(0.,1.,0.));
#9724 = DIRECTION('',(1.,0.,0.));
#9725 = ADVANCED_FACE('',(#9726),#9737,.F.);
#9726 = FACE_BOUND('',#9727,.T.);
#9727 = EDGE_LOOP('',(#9728,#9729,#9730,#9731));
#9728 = ORIENTED_EDGE('',*,*,#9009,.T.);
#9729 = ORIENTED_EDGE('',*,*,#5395,.T.);
#9730 = ORIENTED_EDGE('',*,*,#6771,.T.);
#9731 = ORIENTED_EDGE('',*,*,#9732,.F.);
#9732 = EDGE_CURVE('',#9010,#6764,#9733,.T.);
#9733 = LINE('',#9734,#9735);
#9734 = CARTESIAN_POINT('',(19.527828,0.,5.));
#9735 = VECTOR('',#9736,1.);
#9736 = DIRECTION('',(0.,-1.,1.224606353822E-16));
#9737 = PLANE('',#9738);
#9738 = AXIS2_PLACEMENT_3D('',#9739,#9740,#9741);
#9739 = CARTESIAN_POINT('',(19.527828,-3.29457,7.65));
#9740 = DIRECTION('',(1.,0.,0.));
#9741 = DIRECTION('',(0.,0.,1.));
#9742 = ADVANCED_FACE('',(#9743),#9754,.F.);
#9743 = FACE_BOUND('',#9744,.T.);
#9744 = EDGE_LOOP('',(#9745,#9746,#9752,#9753));
#9745 = ORIENTED_EDGE('',*,*,#4239,.F.);
#9746 = ORIENTED_EDGE('',*,*,#9747,.F.);
#9747 = EDGE_CURVE('',#7585,#4232,#9748,.T.);
#9748 = LINE('',#9749,#9750);
#9749 = CARTESIAN_POINT('',(19.92853557827,-1.09457,9.200000000014));
#9750 = VECTOR('',#9751,1.);
#9751 = DIRECTION('',(-1.,1.224606353822E-16,0.));
#9752 = ORIENTED_EDGE('',*,*,#7584,.F.);
#9753 = ORIENTED_EDGE('',*,*,#4378,.F.);
#9754 = PLANE('',#9755);
#9755 = AXIS2_PLACEMENT_3D('',#9756,#9757,#9758);
#9756 = CARTESIAN_POINT('',(19.777828,-1.04457,9.400000000014));
#9757 = DIRECTION('',(1.188042669791E-16,0.970142500145,-0.242535625036)
  );
#9758 = DIRECTION('',(-2.970106674478E-17,-0.242535625036,
    -0.970142500145));
#9759 = ADVANCED_FACE('',(#9760),#9766,.T.);
#9760 = FACE_BOUND('',#9761,.T.);
#9761 = EDGE_LOOP('',(#9762,#9763,#9764,#9765));
#9762 = ORIENTED_EDGE('',*,*,#4948,.F.);
#9763 = ORIENTED_EDGE('',*,*,#5759,.F.);
#9764 = ORIENTED_EDGE('',*,*,#3492,.F.);
#9765 = ORIENTED_EDGE('',*,*,#7265,.F.);
#9766 = PLANE('',#9767);
#9767 = AXIS2_PLACEMENT_3D('',#9768,#9769,#9770);
#9768 = CARTESIAN_POINT('',(15.92853557827,-0.191870202642,2.));
#9769 = DIRECTION('',(0.,0.,-1.));
#9770 = DIRECTION('',(-1.,0.,0.));
#9771 = ADVANCED_FACE('',(#9772),#9790,.T.);
#9772 = FACE_BOUND('',#9773,.T.);
#9773 = EDGE_LOOP('',(#9774,#9775,#9783,#9789));
#9774 = ORIENTED_EDGE('',*,*,#3750,.F.);
#9775 = ORIENTED_EDGE('',*,*,#9776,.T.);
#9776 = EDGE_CURVE('',#3743,#9777,#9779,.T.);
#9777 = VERTEX_POINT('',#9778);
#9778 = CARTESIAN_POINT('',(14.027828,1.40543,6.45));
#9779 = LINE('',#9780,#9781);
#9780 = CARTESIAN_POINT('',(14.027828,0.,6.45));
#9781 = VECTOR('',#9782,1.);
#9782 = DIRECTION('',(0.,1.,-2.449212707645E-16));
#9783 = ORIENTED_EDGE('',*,*,#9784,.F.);
#9784 = EDGE_CURVE('',#4301,#9777,#9785,.T.);
#9785 = LINE('',#9786,#9787);
#9786 = CARTESIAN_POINT('',(14.027828,1.40543,7.434794375007));
#9787 = VECTOR('',#9788,1.);
#9788 = DIRECTION('',(0.,0.,-1.));
#9789 = ORIENTED_EDGE('',*,*,#4300,.T.);
#9790 = PLANE('',#9791);
#9791 = AXIS2_PLACEMENT_3D('',#9792,#9793,#9794);
#9792 = CARTESIAN_POINT('',(14.027828,0.90543,7.05));
#9793 = DIRECTION('',(1.,0.,0.));
#9794 = DIRECTION('',(-0.,1.,0.));
#9795 = ADVANCED_FACE('',(#9796),#9802,.F.);
#9796 = FACE_BOUND('',#9797,.T.);
#9797 = EDGE_LOOP('',(#9798,#9799,#9800,#9801));
#9798 = ORIENTED_EDGE('',*,*,#6676,.T.);
#9799 = ORIENTED_EDGE('',*,*,#4894,.T.);
#9800 = ORIENTED_EDGE('',*,*,#6749,.T.);
#9801 = ORIENTED_EDGE('',*,*,#3996,.T.);
#9802 = PLANE('',#9803);
#9803 = AXIS2_PLACEMENT_3D('',#9804,#9805,#9806);
#9804 = CARTESIAN_POINT('',(15.92853557827,1.808129797358,9.600000000014
    ));
#9805 = DIRECTION('',(0.,0.,-1.));
#9806 = DIRECTION('',(-1.,1.224606353822E-16,0.));
#9807 = ADVANCED_FACE('',(#9808),#9826,.F.);
#9808 = FACE_BOUND('',#9809,.T.);
#9809 = EDGE_LOOP('',(#9810,#9818,#9819,#9820));
#9810 = ORIENTED_EDGE('',*,*,#9811,.F.);
#9811 = EDGE_CURVE('',#5545,#9812,#9814,.T.);
#9812 = VERTEX_POINT('',#9813);
#9813 = CARTESIAN_POINT('',(15.527828,1.40543,6.45));
#9814 = LINE('',#9815,#9816);
#9815 = CARTESIAN_POINT('',(15.527828,0.,6.45));
#9816 = VECTOR('',#9817,1.);
#9817 = DIRECTION('',(0.,1.,-2.449212707645E-16));
#9818 = ORIENTED_EDGE('',*,*,#5544,.T.);
#9819 = ORIENTED_EDGE('',*,*,#6742,.F.);
#9820 = ORIENTED_EDGE('',*,*,#9821,.T.);
#9821 = EDGE_CURVE('',#4879,#9812,#9822,.T.);
#9822 = LINE('',#9823,#9824);
#9823 = CARTESIAN_POINT('',(15.527828,1.40543,7.05));
#9824 = VECTOR('',#9825,1.);
#9825 = DIRECTION('',(0.,0.,-1.));
#9826 = PLANE('',#9827);
#9827 = AXIS2_PLACEMENT_3D('',#9828,#9829,#9830);
#9828 = CARTESIAN_POINT('',(15.527828,-1.29457,7.65));
#9829 = DIRECTION('',(1.,0.,0.));
#9830 = DIRECTION('',(0.,0.,1.));
#9831 = ADVANCED_FACE('',(#9832),#9850,.T.);
#9832 = FACE_BOUND('',#9833,.T.);
#9833 = EDGE_LOOP('',(#9834,#9835,#9843,#9849));
#9834 = ORIENTED_EDGE('',*,*,#5560,.F.);
#9835 = ORIENTED_EDGE('',*,*,#9836,.T.);
#9836 = EDGE_CURVE('',#5553,#9837,#9839,.T.);
#9837 = VERTEX_POINT('',#9838);
#9838 = CARTESIAN_POINT('',(16.027828,1.40543,6.45));
#9839 = LINE('',#9840,#9841);
#9840 = CARTESIAN_POINT('',(16.027828,0.,6.45));
#9841 = VECTOR('',#9842,1.);
#9842 = DIRECTION('',(0.,1.,-2.449212707645E-16));
#9843 = ORIENTED_EDGE('',*,*,#9844,.F.);
#9844 = EDGE_CURVE('',#4871,#9837,#9845,.T.);
#9845 = LINE('',#9846,#9847);
#9846 = CARTESIAN_POINT('',(16.027828,1.40543,7.434794375007));
#9847 = VECTOR('',#9848,1.);
#9848 = DIRECTION('',(0.,0.,-1.));
#9849 = ORIENTED_EDGE('',*,*,#6669,.T.);
#9850 = PLANE('',#9851);
#9851 = AXIS2_PLACEMENT_3D('',#9852,#9853,#9854);
#9852 = CARTESIAN_POINT('',(16.027828,0.90543,7.05));
#9853 = DIRECTION('',(1.,0.,0.));
#9854 = DIRECTION('',(-0.,1.,0.));
#9855 = ADVANCED_FACE('',(#9856),#9867,.T.);
#9856 = FACE_BOUND('',#9857,.T.);
#9857 = EDGE_LOOP('',(#9858,#9864,#9865,#9866));
#9858 = ORIENTED_EDGE('',*,*,#9859,.T.);
#9859 = EDGE_CURVE('',#9837,#9812,#9860,.T.);
#9860 = LINE('',#9861,#9862);
#9861 = CARTESIAN_POINT('',(0.,1.40543,6.45));
#9862 = VECTOR('',#9863,1.);
#9863 = DIRECTION('',(-1.,0.,0.));
#9864 = ORIENTED_EDGE('',*,*,#9821,.F.);
#9865 = ORIENTED_EDGE('',*,*,#4878,.T.);
#9866 = ORIENTED_EDGE('',*,*,#9844,.T.);
#9867 = PLANE('',#9868);
#9868 = AXIS2_PLACEMENT_3D('',#9869,#9870,#9871);
#9869 = CARTESIAN_POINT('',(15.527828,1.40543,7.));
#9870 = DIRECTION('',(0.,1.,0.));
#9871 = DIRECTION('',(1.,0.,0.));
#9872 = ADVANCED_FACE('',(#9873),#9898,.T.);
#9873 = FACE_BOUND('',#9874,.T.);
#9874 = EDGE_LOOP('',(#9875,#9876,#9884,#9892));
#9875 = ORIENTED_EDGE('',*,*,#5110,.F.);
#9876 = ORIENTED_EDGE('',*,*,#9877,.F.);
#9877 = EDGE_CURVE('',#9878,#5103,#9880,.T.);
#9878 = VERTEX_POINT('',#9879);
#9879 = CARTESIAN_POINT('',(20.277828,0.65543,6.45));
#9880 = LINE('',#9881,#9882);
#9881 = CARTESIAN_POINT('',(20.277828,0.65543,-9.860761315263E-32));
#9882 = VECTOR('',#9883,1.);
#9883 = DIRECTION('',(0.,-1.224606353822E-16,1.));
#9884 = ORIENTED_EDGE('',*,*,#9885,.F.);
#9885 = EDGE_CURVE('',#9886,#9878,#9888,.T.);
#9886 = VERTEX_POINT('',#9887);
#9887 = CARTESIAN_POINT('',(21.277828,0.65543,6.45));
#9888 = LINE('',#9889,#9890);
#9889 = CARTESIAN_POINT('',(22.,0.65543,6.45));
#9890 = VECTOR('',#9891,1.);
#9891 = DIRECTION('',(-1.,0.,0.));
#9892 = ORIENTED_EDGE('',*,*,#9893,.T.);
#9893 = EDGE_CURVE('',#9886,#5111,#9894,.T.);
#9894 = LINE('',#9895,#9896);
#9895 = CARTESIAN_POINT('',(21.277828,0.65543,6.65));
#9896 = VECTOR('',#9897,1.);
#9897 = DIRECTION('',(0.,0.,1.));
#9898 = PLANE('',#9899);
#9899 = AXIS2_PLACEMENT_3D('',#9900,#9901,#9902);
#9900 = CARTESIAN_POINT('',(20.777828,0.65543,6.6));
#9901 = DIRECTION('',(0.,-1.,-1.224606353822E-16));
#9902 = DIRECTION('',(0.,1.224606353822E-16,-1.));
#9903 = ADVANCED_FACE('',(#9904),#9915,.F.);
#9904 = FACE_BOUND('',#9905,.T.);
#9905 = EDGE_LOOP('',(#9906,#9907,#9908,#9914));
#9906 = ORIENTED_EDGE('',*,*,#5118,.T.);
#9907 = ORIENTED_EDGE('',*,*,#9893,.F.);
#9908 = ORIENTED_EDGE('',*,*,#9909,.F.);
#9909 = EDGE_CURVE('',#7039,#9886,#9910,.T.);
#9910 = LINE('',#9911,#9912);
#9911 = CARTESIAN_POINT('',(21.277828,2.775557561563E-16,6.45));
#9912 = VECTOR('',#9913,1.);
#9913 = DIRECTION('',(0.,-1.,0.));
#9914 = ORIENTED_EDGE('',*,*,#7038,.F.);
#9915 = PLANE('',#9916);
#9916 = AXIS2_PLACEMENT_3D('',#9917,#9918,#9919);
#9917 = CARTESIAN_POINT('',(21.277828,2.05543,6.65));
#9918 = DIRECTION('',(-1.,0.,0.));
#9919 = DIRECTION('',(0.,1.,0.));
#9920 = ADVANCED_FACE('',(#9921),#9932,.T.);
#9921 = FACE_BOUND('',#9922,.T.);
#9922 = EDGE_LOOP('',(#9923,#9924,#9925,#9931));
#9923 = ORIENTED_EDGE('',*,*,#8650,.F.);
#9924 = ORIENTED_EDGE('',*,*,#7054,.F.);
#9925 = ORIENTED_EDGE('',*,*,#9926,.F.);
#9926 = EDGE_CURVE('',#4847,#7047,#9927,.T.);
#9927 = LINE('',#9928,#9929);
#9928 = CARTESIAN_POINT('',(22.277828,2.775557561563E-16,6.45));
#9929 = VECTOR('',#9930,1.);
#9930 = DIRECTION('',(0.,1.,0.));
#9931 = ORIENTED_EDGE('',*,*,#4846,.T.);
#9932 = PLANE('',#9933);
#9933 = AXIS2_PLACEMENT_3D('',#9934,#9935,#9936);
#9934 = CARTESIAN_POINT('',(22.277828,0.65543,6.65));
#9935 = DIRECTION('',(-1.,0.,0.));
#9936 = DIRECTION('',(0.,1.,0.));
#9937 = ADVANCED_FACE('',(#9938),#9949,.F.);
#9938 = FACE_BOUND('',#9939,.T.);
#9939 = EDGE_LOOP('',(#9940,#9941,#9947,#9948));
#9940 = ORIENTED_EDGE('',*,*,#7031,.F.);
#9941 = ORIENTED_EDGE('',*,*,#9942,.T.);
#9942 = EDGE_CURVE('',#7024,#9878,#9943,.T.);
#9943 = LINE('',#9944,#9945);
#9944 = CARTESIAN_POINT('',(20.277828,2.775557561563E-16,6.45));
#9945 = VECTOR('',#9946,1.);
#9946 = DIRECTION('',(0.,-1.,0.));
#9947 = ORIENTED_EDGE('',*,*,#9877,.T.);
#9948 = ORIENTED_EDGE('',*,*,#5102,.T.);
#9949 = PLANE('',#9950);
#9950 = AXIS2_PLACEMENT_3D('',#9951,#9952,#9953);
#9951 = CARTESIAN_POINT('',(20.277828,0.65543,6.6));
#9952 = DIRECTION('',(1.,0.,0.));
#9953 = DIRECTION('',(0.,-1.,0.));
#9954 = ADVANCED_FACE('',(#9955),#9980,.F.);
#9955 = FACE_BOUND('',#9956,.T.);
#9956 = EDGE_LOOP('',(#9957,#9967,#9973,#9974));
#9957 = ORIENTED_EDGE('',*,*,#9958,.T.);
#9958 = EDGE_CURVE('',#9959,#9961,#9963,.T.);
#9959 = VERTEX_POINT('',#9960);
#9960 = CARTESIAN_POINT('',(15.277828,0.65543,6.6));
#9961 = VERTEX_POINT('',#9962);
#9962 = CARTESIAN_POINT('',(15.277828,0.65543,6.45));
#9963 = LINE('',#9964,#9965);
#9964 = CARTESIAN_POINT('',(15.277828,0.65543,-1.605287484972E-16));
#9965 = VECTOR('',#9966,1.);
#9966 = DIRECTION('',(0.,-1.224606353822E-16,-1.));
#9967 = ORIENTED_EDGE('',*,*,#9968,.T.);
#9968 = EDGE_CURVE('',#9961,#6993,#9969,.T.);
#9969 = LINE('',#9970,#9971);
#9970 = CARTESIAN_POINT('',(15.277828,6.915637767307E-16,6.45));
#9971 = VECTOR('',#9972,1.);
#9972 = DIRECTION('',(0.,1.,-2.449212707645E-16));
#9973 = ORIENTED_EDGE('',*,*,#6992,.F.);
#9974 = ORIENTED_EDGE('',*,*,#9975,.T.);
#9975 = EDGE_CURVE('',#6983,#9959,#9976,.T.);
#9976 = LINE('',#9977,#9978);
#9977 = CARTESIAN_POINT('',(15.277828,3.641509836727E-16,6.6));
#9978 = VECTOR('',#9979,1.);
#9979 = DIRECTION('',(0.,-1.,1.224606353822E-16));
#9980 = PLANE('',#9981);
#9981 = AXIS2_PLACEMENT_3D('',#9982,#9983,#9984);
#9982 = CARTESIAN_POINT('',(15.277828,2.05543,6.6));
#9983 = DIRECTION('',(-1.,0.,0.));
#9984 = DIRECTION('',(0.,1.,-2.449212707645E-16));
#9985 = ADVANCED_FACE('',(#9986),#10011,.F.);
#9986 = FACE_BOUND('',#9987,.T.);
#9987 = EDGE_LOOP('',(#9988,#9996,#9997,#10005));
#9988 = ORIENTED_EDGE('',*,*,#9989,.F.);
#9989 = EDGE_CURVE('',#5642,#9990,#9992,.T.);
#9990 = VERTEX_POINT('',#9991);
#9991 = CARTESIAN_POINT('',(13.627828,-0.99457,9.600000000014));
#9992 = LINE('',#9993,#9994);
#9993 = CARTESIAN_POINT('',(12.877828,-1.74457,6.600000000014));
#9994 = VECTOR('',#9995,1.);
#9995 = DIRECTION('',(0.235702260396,0.235702260396,0.942809041582));
#9996 = ORIENTED_EDGE('',*,*,#5665,.F.);
#9997 = ORIENTED_EDGE('',*,*,#9998,.F.);
#9998 = EDGE_CURVE('',#9999,#5658,#10001,.T.);
#9999 = VERTEX_POINT('',#10000);
#10000 = CARTESIAN_POINT('',(13.927828,-0.99457,9.600000000014));
#10001 = LINE('',#10002,#10003);
#10002 = CARTESIAN_POINT('',(14.677828,-1.74457,6.600000000014));
#10003 = VECTOR('',#10004,1.);
#10004 = DIRECTION('',(0.235702260396,-0.235702260396,-0.942809041582));
#10005 = ORIENTED_EDGE('',*,*,#10006,.F.);
#10006 = EDGE_CURVE('',#9990,#9999,#10007,.T.);
#10007 = LINE('',#10008,#10009);
#10008 = CARTESIAN_POINT('',(13.92853557827,-0.99457,9.600000000014));
#10009 = VECTOR('',#10010,1.);
#10010 = DIRECTION('',(1.,-1.224606353822E-16,0.));
#10011 = PLANE('',#10012);
#10012 = AXIS2_PLACEMENT_3D('',#10013,#10014,#10015);
#10013 = CARTESIAN_POINT('',(13.777828,-1.04457,9.400000000014));
#10014 = DIRECTION('',(1.188042669791E-16,0.970142500145,-0.242535625036
    ));
#10015 = DIRECTION('',(-2.970106674478E-17,-0.242535625036,
    -0.970142500145));
#10016 = ADVANCED_FACE('',(#10017),#10023,.F.);
#10017 = FACE_BOUND('',#10018,.T.);
#10018 = EDGE_LOOP('',(#10019,#10020,#10021,#10022));
#10019 = ORIENTED_EDGE('',*,*,#4477,.T.);
#10020 = ORIENTED_EDGE('',*,*,#3908,.F.);
#10021 = ORIENTED_EDGE('',*,*,#7695,.T.);
#10022 = ORIENTED_EDGE('',*,*,#4087,.F.);
#10023 = PLANE('',#10024);
#10024 = AXIS2_PLACEMENT_3D('',#10025,#10026,#10027);
#10025 = CARTESIAN_POINT('',(23.777828,-0.64457,9.400000000014));
#10026 = DIRECTION('',(-1.188042669791E-16,-0.970142500145,
    -0.242535625036));
#10027 = DIRECTION('',(2.970106674478E-17,0.242535625036,-0.970142500145
    ));
#10028 = ADVANCED_FACE('',(#10029),#10035,.T.);
#10029 = FACE_BOUND('',#10030,.T.);
#10030 = EDGE_LOOP('',(#10031,#10032,#10033,#10034));
#10031 = ORIENTED_EDGE('',*,*,#7491,.T.);
#10032 = ORIENTED_EDGE('',*,*,#3598,.T.);
#10033 = ORIENTED_EDGE('',*,*,#6356,.T.);
#10034 = ORIENTED_EDGE('',*,*,#4800,.F.);
#10035 = PLANE('',#10036);
#10036 = AXIS2_PLACEMENT_3D('',#10037,#10038,#10039);
#10037 = CARTESIAN_POINT('',(19.977828,1.10543,2.2));
#10038 = DIRECTION('',(0.970142500145,0.,-0.242535625036));
#10039 = DIRECTION('',(0.242535625036,0.,0.970142500145));
#10040 = ADVANCED_FACE('',(#10041),#10047,.F.);
#10041 = FACE_BOUND('',#10042,.T.);
#10042 = EDGE_LOOP('',(#10043,#10044,#10045,#10046));
#10043 = ORIENTED_EDGE('',*,*,#6589,.F.);
#10044 = ORIENTED_EDGE('',*,*,#7513,.F.);
#10045 = ORIENTED_EDGE('',*,*,#6164,.F.);
#10046 = ORIENTED_EDGE('',*,*,#3956,.F.);
#10047 = PLANE('',#10048);
#10048 = AXIS2_PLACEMENT_3D('',#10049,#10050,#10051);
#10049 = CARTESIAN_POINT('',(19.777828,0.95543,9.400000000014));
#10050 = DIRECTION('',(1.188042669791E-16,0.970142500145,-0.242535625036
    ));
#10051 = DIRECTION('',(-2.970106674478E-17,-0.242535625036,
    -0.970142500145));
#10052 = ADVANCED_FACE('',(#10053),#10064,.T.);
#10053 = FACE_BOUND('',#10054,.T.);
#10054 = EDGE_LOOP('',(#10055,#10056,#10062,#10063));
#10055 = ORIENTED_EDGE('',*,*,#5949,.F.);
#10056 = ORIENTED_EDGE('',*,*,#10057,.T.);
#10057 = EDGE_CURVE('',#5942,#7631,#10058,.T.);
#10058 = LINE('',#10059,#10060);
#10059 = CARTESIAN_POINT('',(0.,-1.09457,6.45));
#10060 = VECTOR('',#10061,1.);
#10061 = DIRECTION('',(1.,0.,0.));
#10062 = ORIENTED_EDGE('',*,*,#7630,.T.);
#10063 = ORIENTED_EDGE('',*,*,#9747,.T.);
#10064 = PLANE('',#10065);
#10065 = AXIS2_PLACEMENT_3D('',#10066,#10067,#10068);
#10066 = CARTESIAN_POINT('',(19.527828,-1.09457,7.));
#10067 = DIRECTION('',(0.,-1.,0.));
#10068 = DIRECTION('',(1.,0.,0.));
#10069 = ADVANCED_FACE('',(#10070),#10076,.F.);
#10070 = FACE_BOUND('',#10071,.T.);
#10071 = EDGE_LOOP('',(#10072,#10073,#10074,#10075));
#10072 = ORIENTED_EDGE('',*,*,#7598,.T.);
#10073 = ORIENTED_EDGE('',*,*,#5148,.F.);
#10074 = ORIENTED_EDGE('',*,*,#4221,.T.);
#10075 = ORIENTED_EDGE('',*,*,#4371,.F.);
#10076 = PLANE('',#10077);
#10077 = AXIS2_PLACEMENT_3D('',#10078,#10079,#10080);
#10078 = CARTESIAN_POINT('',(19.777828,-0.64457,9.400000000014));
#10079 = DIRECTION('',(-1.188042669791E-16,-0.970142500145,
    -0.242535625036));
#10080 = DIRECTION('',(2.970106674478E-17,0.242535625036,-0.970142500145
    ));
#10081 = ADVANCED_FACE('',(#10082),#10088,.F.);
#10082 = FACE_BOUND('',#10083,.T.);
#10083 = EDGE_LOOP('',(#10084,#10085,#10086,#10087));
#10084 = ORIENTED_EDGE('',*,*,#7457,.T.);
#10085 = ORIENTED_EDGE('',*,*,#4934,.T.);
#10086 = ORIENTED_EDGE('',*,*,#5896,.T.);
#10087 = ORIENTED_EDGE('',*,*,#9200,.T.);
#10088 = PLANE('',#10089);
#10089 = AXIS2_PLACEMENT_3D('',#10090,#10091,#10092);
#10090 = CARTESIAN_POINT('',(17.92853557827,-0.191870202642,
    9.600000000014));
#10091 = DIRECTION('',(0.,0.,-1.));
#10092 = DIRECTION('',(-1.,1.224606353822E-16,0.));
#10093 = ADVANCED_FACE('',(#10094),#10100,.F.);
#10094 = FACE_BOUND('',#10095,.T.);
#10095 = EDGE_LOOP('',(#10096,#10097,#10098,#10099));
#10096 = ORIENTED_EDGE('',*,*,#9337,.T.);
#10097 = ORIENTED_EDGE('',*,*,#4518,.T.);
#10098 = ORIENTED_EDGE('',*,*,#9306,.T.);
#10099 = ORIENTED_EDGE('',*,*,#9436,.T.);
#10100 = PLANE('',#10101);
#10101 = AXIS2_PLACEMENT_3D('',#10102,#10103,#10104);
#10102 = CARTESIAN_POINT('',(21.92853557827,-0.191870202642,
    9.600000000014));
#10103 = DIRECTION('',(0.,0.,-1.));
#10104 = DIRECTION('',(-1.,1.224606353822E-16,0.));
#10105 = ADVANCED_FACE('',(#10106),#10117,.T.);
#10106 = FACE_BOUND('',#10107,.T.);
#10107 = EDGE_LOOP('',(#10108,#10109,#10110,#10116));
#10108 = ORIENTED_EDGE('',*,*,#8576,.T.);
#10109 = ORIENTED_EDGE('',*,*,#4636,.F.);
#10110 = ORIENTED_EDGE('',*,*,#10111,.F.);
#10111 = EDGE_CURVE('',#8814,#4629,#10112,.T.);
#10112 = LINE('',#10113,#10114);
#10113 = CARTESIAN_POINT('',(15.555656,-2.34457,6.6));
#10114 = VECTOR('',#10115,1.);
#10115 = DIRECTION('',(-1.,0.,0.));
#10116 = ORIENTED_EDGE('',*,*,#8813,.T.);
#10117 = PLANE('',#10118);
#10118 = AXIS2_PLACEMENT_3D('',#10119,#10120,#10121);
#10119 = CARTESIAN_POINT('',(29.4258304,2.05543,6.6));
#10120 = DIRECTION('',(0.,1.224606353822E-16,1.));
#10121 = DIRECTION('',(0.,-1.,1.224606353822E-16));
#10122 = ADVANCED_FACE('',(#10123),#10134,.F.);
#10123 = FACE_BOUND('',#10124,.T.);
#10124 = EDGE_LOOP('',(#10125,#10126,#10132,#10133));
#10125 = ORIENTED_EDGE('',*,*,#4308,.T.);
#10126 = ORIENTED_EDGE('',*,*,#10127,.F.);
#10127 = EDGE_CURVE('',#4753,#4301,#10128,.T.);
#10128 = LINE('',#10129,#10130);
#10129 = CARTESIAN_POINT('',(13.92853557827,1.40543,9.200000000014));
#10130 = VECTOR('',#10131,1.);
#10131 = DIRECTION('',(1.,-1.224606353822E-16,0.));
#10132 = ORIENTED_EDGE('',*,*,#4752,.T.);
#10133 = ORIENTED_EDGE('',*,*,#7614,.F.);
#10134 = PLANE('',#10135);
#10135 = AXIS2_PLACEMENT_3D('',#10136,#10137,#10138);
#10136 = CARTESIAN_POINT('',(13.777828,1.35543,9.400000000014));
#10137 = DIRECTION('',(-1.188042669791E-16,-0.970142500145,
    -0.242535625036));
#10138 = DIRECTION('',(2.970106674478E-17,0.242535625036,-0.970142500145
    ));
#10139 = ADVANCED_FACE('',(#10140),#10146,.T.);
#10140 = FACE_BOUND('',#10141,.T.);
#10141 = EDGE_LOOP('',(#10142,#10143,#10144,#10145));
#10142 = ORIENTED_EDGE('',*,*,#4402,.T.);
#10143 = ORIENTED_EDGE('',*,*,#6898,.F.);
#10144 = ORIENTED_EDGE('',*,*,#6614,.F.);
#10145 = ORIENTED_EDGE('',*,*,#6826,.T.);
#10146 = PLANE('',#10147);
#10147 = AXIS2_PLACEMENT_3D('',#10148,#10149,#10150);
#10148 = CARTESIAN_POINT('',(21.577828,1.10543,2.2));
#10149 = DIRECTION('',(-0.970142500145,0.,-0.242535625036));
#10150 = DIRECTION('',(-0.242535625036,0.,0.970142500145));
#10151 = ADVANCED_FACE('',(#10152),#10177,.T.);
#10152 = FACE_BOUND('',#10153,.T.);
#10153 = EDGE_LOOP('',(#10154,#10162,#10170,#10176));
#10154 = ORIENTED_EDGE('',*,*,#10155,.F.);
#10155 = EDGE_CURVE('',#10156,#5820,#10158,.T.);
#10156 = VERTEX_POINT('',#10157);
#10157 = CARTESIAN_POINT('',(22.027828,0.90543,6.45));
#10158 = LINE('',#10159,#10160);
#10159 = CARTESIAN_POINT('',(22.027828,0.90543,5.));
#10160 = VECTOR('',#10161,1.);
#10161 = DIRECTION('',(0.,0.,1.));
#10162 = ORIENTED_EDGE('',*,*,#10163,.T.);
#10163 = EDGE_CURVE('',#10156,#10164,#10166,.T.);
#10164 = VERTEX_POINT('',#10165);
#10165 = CARTESIAN_POINT('',(22.027828,1.40543,6.45));
#10166 = LINE('',#10167,#10168);
#10167 = CARTESIAN_POINT('',(22.027828,0.,6.45));
#10168 = VECTOR('',#10169,1.);
#10169 = DIRECTION('',(0.,1.,-2.449212707645E-16));
#10170 = ORIENTED_EDGE('',*,*,#10171,.F.);
#10171 = EDGE_CURVE('',#5682,#10164,#10172,.T.);
#10172 = LINE('',#10173,#10174);
#10173 = CARTESIAN_POINT('',(22.027828,1.40543,7.434794375007));
#10174 = VECTOR('',#10175,1.);
#10175 = DIRECTION('',(0.,0.,-1.));
#10176 = ORIENTED_EDGE('',*,*,#5827,.T.);
#10177 = PLANE('',#10178);
#10178 = AXIS2_PLACEMENT_3D('',#10179,#10180,#10181);
#10179 = CARTESIAN_POINT('',(22.027828,0.90543,7.05));
#10180 = DIRECTION('',(1.,0.,0.));
#10181 = DIRECTION('',(-0.,1.,0.));
#10182 = ADVANCED_FACE('',(#10183),#10194,.T.);
#10183 = FACE_BOUND('',#10184,.T.);
#10184 = EDGE_LOOP('',(#10185,#10191,#10192,#10193));
#10185 = ORIENTED_EDGE('',*,*,#10186,.T.);
#10186 = EDGE_CURVE('',#10164,#6790,#10187,.T.);
#10187 = LINE('',#10188,#10189);
#10188 = CARTESIAN_POINT('',(0.,1.40543,6.45));
#10189 = VECTOR('',#10190,1.);
#10190 = DIRECTION('',(-1.,0.,0.));
#10191 = ORIENTED_EDGE('',*,*,#6811,.F.);
#10192 = ORIENTED_EDGE('',*,*,#5689,.T.);
#10193 = ORIENTED_EDGE('',*,*,#10171,.T.);
#10194 = PLANE('',#10195);
#10195 = AXIS2_PLACEMENT_3D('',#10196,#10197,#10198);
#10196 = CARTESIAN_POINT('',(21.527828,1.40543,7.));
#10197 = DIRECTION('',(0.,1.,0.));
#10198 = DIRECTION('',(1.,0.,0.));
#10199 = ADVANCED_FACE('',(#10200),#10211,.F.);
#10200 = FACE_BOUND('',#10201,.T.);
#10201 = EDGE_LOOP('',(#10202,#10203,#10209,#10210));
#10202 = ORIENTED_EDGE('',*,*,#8085,.F.);
#10203 = ORIENTED_EDGE('',*,*,#10204,.F.);
#10204 = EDGE_CURVE('',#5820,#6798,#10205,.T.);
#10205 = LINE('',#10206,#10207);
#10206 = CARTESIAN_POINT('',(21.92853557827,0.90543,9.200000000014));
#10207 = VECTOR('',#10208,1.);
#10208 = DIRECTION('',(-1.,1.224606353822E-16,0.));
#10209 = ORIENTED_EDGE('',*,*,#5817,.F.);
#10210 = ORIENTED_EDGE('',*,*,#8040,.F.);
#10211 = PLANE('',#10212);
#10212 = AXIS2_PLACEMENT_3D('',#10213,#10214,#10215);
#10213 = CARTESIAN_POINT('',(21.777828,0.95543,9.400000000014));
#10214 = DIRECTION('',(1.188042669791E-16,0.970142500145,-0.242535625036
    ));
#10215 = DIRECTION('',(-2.970106674478E-17,-0.242535625036,
    -0.970142500145));
#10216 = ADVANCED_FACE('',(#10217),#10228,.T.);
#10217 = FACE_BOUND('',#10218,.T.);
#10218 = EDGE_LOOP('',(#10219,#10220,#10226,#10227));
#10219 = ORIENTED_EDGE('',*,*,#6797,.F.);
#10220 = ORIENTED_EDGE('',*,*,#10221,.T.);
#10221 = EDGE_CURVE('',#6788,#10156,#10222,.T.);
#10222 = LINE('',#10223,#10224);
#10223 = CARTESIAN_POINT('',(0.,0.90543,6.45));
#10224 = VECTOR('',#10225,1.);
#10225 = DIRECTION('',(1.,0.,0.));
#10226 = ORIENTED_EDGE('',*,*,#10155,.T.);
#10227 = ORIENTED_EDGE('',*,*,#10204,.T.);
#10228 = PLANE('',#10229);
#10229 = AXIS2_PLACEMENT_3D('',#10230,#10231,#10232);
#10230 = CARTESIAN_POINT('',(21.527828,0.90543,7.));
#10231 = DIRECTION('',(0.,-1.,0.));
#10232 = DIRECTION('',(1.,0.,0.));
#10233 = ADVANCED_FACE('',(#10234),#10252,.T.);
#10234 = FACE_BOUND('',#10235,.T.);
#10235 = EDGE_LOOP('',(#10236,#10244,#10245,#10246));
#10236 = ORIENTED_EDGE('',*,*,#10237,.T.);
#10237 = EDGE_CURVE('',#10238,#9106,#10240,.T.);
#10238 = VERTEX_POINT('',#10239);
#10239 = CARTESIAN_POINT('',(16.027828,-1.09457,5.));
#10240 = LINE('',#10241,#10242);
#10241 = CARTESIAN_POINT('',(0.,-1.09457,5.));
#10242 = VECTOR('',#10243,1.);
#10243 = DIRECTION('',(-1.,0.,0.));
#10244 = ORIENTED_EDGE('',*,*,#9105,.F.);
#10245 = ORIENTED_EDGE('',*,*,#4966,.F.);
#10246 = ORIENTED_EDGE('',*,*,#10247,.T.);
#10247 = EDGE_CURVE('',#4959,#10238,#10248,.T.);
#10248 = LINE('',#10249,#10250);
#10249 = CARTESIAN_POINT('',(16.027828,-1.09457,5.));
#10250 = VECTOR('',#10251,1.);
#10251 = DIRECTION('',(0.,0.,1.));
#10252 = PLANE('',#10253);
#10253 = AXIS2_PLACEMENT_3D('',#10254,#10255,#10256);
#10254 = CARTESIAN_POINT('',(15.527828,-1.09457,7.));
#10255 = DIRECTION('',(0.,-1.,0.));
#10256 = DIRECTION('',(1.,0.,0.));
#10257 = ADVANCED_FACE('',(#10258),#10269,.T.);
#10258 = FACE_BOUND('',#10259,.T.);
#10259 = EDGE_LOOP('',(#10260,#10266,#10267,#10268));
#10260 = ORIENTED_EDGE('',*,*,#10261,.T.);
#10261 = EDGE_CURVE('',#6868,#10238,#10262,.T.);
#10262 = LINE('',#10263,#10264);
#10263 = CARTESIAN_POINT('',(16.027828,0.,5.));
#10264 = VECTOR('',#10265,1.);
#10265 = DIRECTION('',(0.,-1.,1.224606353822E-16));
#10266 = ORIENTED_EDGE('',*,*,#10247,.F.);
#10267 = ORIENTED_EDGE('',*,*,#7272,.F.);
#10268 = ORIENTED_EDGE('',*,*,#6875,.F.);
#10269 = PLANE('',#10270);
#10270 = AXIS2_PLACEMENT_3D('',#10271,#10272,#10273);
#10271 = CARTESIAN_POINT('',(16.027828,-1.09457,7.05));
#10272 = DIRECTION('',(1.,0.,0.));
#10273 = DIRECTION('',(-0.,1.,0.));
#10274 = ADVANCED_FACE('',(#10275),#10293,.T.);
#10275 = FACE_BOUND('',#10276,.T.);
#10276 = EDGE_LOOP('',(#10277,#10285,#10291,#10292));
#10277 = ORIENTED_EDGE('',*,*,#10278,.T.);
#10278 = EDGE_CURVE('',#8553,#10279,#10281,.T.);
#10279 = VERTEX_POINT('',#10280);
#10280 = CARTESIAN_POINT('',(12.877828,-2.34457,1.95));
#10281 = LINE('',#10282,#10283);
#10282 = CARTESIAN_POINT('',(22.,-2.34457,1.95));
#10283 = VECTOR('',#10284,1.);
#10284 = DIRECTION('',(-1.,0.,0.));
#10285 = ORIENTED_EDGE('',*,*,#10286,.T.);
#10286 = EDGE_CURVE('',#10279,#8498,#10287,.T.);
#10287 = LINE('',#10288,#10289);
#10288 = CARTESIAN_POINT('',(12.877828,-2.34457,1.95));
#10289 = VECTOR('',#10290,1.);
#10290 = DIRECTION('',(0.,1.,0.));
#10291 = ORIENTED_EDGE('',*,*,#8497,.F.);
#10292 = ORIENTED_EDGE('',*,*,#8560,.F.);
#10293 = PLANE('',#10294);
#10294 = AXIS2_PLACEMENT_3D('',#10295,#10296,#10297);
#10295 = CARTESIAN_POINT('',(46.286003610088,-2.34457,1.95));
#10296 = DIRECTION('',(0.,-1.224606353822E-16,-1.));
#10297 = DIRECTION('',(-1.,-0.,0.));
#10298 = ADVANCED_FACE('',(#10299),#10317,.F.);
#10299 = FACE_BOUND('',#10300,.T.);
#10300 = EDGE_LOOP('',(#10301,#10302,#10303,#10311));
#10301 = ORIENTED_EDGE('',*,*,#8505,.F.);
#10302 = ORIENTED_EDGE('',*,*,#10286,.F.);
#10303 = ORIENTED_EDGE('',*,*,#10304,.F.);
#10304 = EDGE_CURVE('',#10305,#10279,#10307,.T.);
#10305 = VERTEX_POINT('',#10306);
#10306 = CARTESIAN_POINT('',(12.877828,-2.34457,-3.330669073875E-16));
#10307 = LINE('',#10308,#10309);
#10308 = CARTESIAN_POINT('',(12.877828,-2.34457,-3.330669073875E-16));
#10309 = VECTOR('',#10310,1.);
#10310 = DIRECTION('',(0.,0.,1.));
#10311 = ORIENTED_EDGE('',*,*,#10312,.T.);
#10312 = EDGE_CURVE('',#10305,#8506,#10313,.T.);
#10313 = LINE('',#10314,#10315);
#10314 = CARTESIAN_POINT('',(12.877828,-2.34457,-3.330669073875E-16));
#10315 = VECTOR('',#10316,1.);
#10316 = DIRECTION('',(0.,1.,0.));
#10317 = PLANE('',#10318);
#10318 = AXIS2_PLACEMENT_3D('',#10319,#10320,#10321);
#10319 = CARTESIAN_POINT('',(12.877828,-2.34457,1.95));
#10320 = DIRECTION('',(-1.,0.,0.));
#10321 = DIRECTION('',(0.,0.,1.));
#10322 = ADVANCED_FACE('',(#10323),#10357,.T.);
#10323 = FACE_BOUND('',#10324,.T.);
#10324 = EDGE_LOOP('',(#10325,#10335,#10341,#10342,#10343,#10351));
#10325 = ORIENTED_EDGE('',*,*,#10326,.T.);
#10326 = EDGE_CURVE('',#10327,#10329,#10331,.T.);
#10327 = VERTEX_POINT('',#10328);
#10328 = CARTESIAN_POINT('',(11.777828,-0.74457,1.110223024625E-16));
#10329 = VERTEX_POINT('',#10330);
#10330 = CARTESIAN_POINT('',(12.477828,-0.74457,1.110223024625E-16));
#10331 = LINE('',#10332,#10333);
#10332 = CARTESIAN_POINT('',(11.777828,-0.74457,1.110223024625E-16));
#10333 = VECTOR('',#10334,1.);
#10334 = DIRECTION('',(1.,0.,0.));
#10335 = ORIENTED_EDGE('',*,*,#10336,.T.);
#10336 = EDGE_CURVE('',#10329,#8514,#10337,.T.);
#10337 = LINE('',#10338,#10339);
#10338 = CARTESIAN_POINT('',(12.477828,-0.74457,1.110223024625E-16));
#10339 = VECTOR('',#10340,1.);
#10340 = DIRECTION('',(0.,-1.,0.));
#10341 = ORIENTED_EDGE('',*,*,#8513,.T.);
#10342 = ORIENTED_EDGE('',*,*,#10312,.F.);
#10343 = ORIENTED_EDGE('',*,*,#10344,.T.);
#10344 = EDGE_CURVE('',#10305,#10345,#10347,.T.);
#10345 = VERTEX_POINT('',#10346);
#10346 = CARTESIAN_POINT('',(11.777828,-2.34457,-2.871175318981E-16));
#10347 = LINE('',#10348,#10349);
#10348 = CARTESIAN_POINT('',(12.877828,-2.34457,-3.330669073875E-16));
#10349 = VECTOR('',#10350,1.);
#10350 = DIRECTION('',(-1.,0.,0.));
#10351 = ORIENTED_EDGE('',*,*,#10352,.F.);
#10352 = EDGE_CURVE('',#10327,#10345,#10353,.T.);
#10353 = LINE('',#10354,#10355);
#10354 = CARTESIAN_POINT('',(11.777828,7.216449660064E-16,0.));
#10355 = VECTOR('',#10356,1.);
#10356 = DIRECTION('',(0.,-1.,-1.224606353822E-16));
#10357 = PLANE('',#10358);
#10358 = AXIS2_PLACEMENT_3D('',#10359,#10360,#10361);
#10359 = CARTESIAN_POINT('',(12.477828,-0.74457,1.110223024625E-16));
#10360 = DIRECTION('',(2.405483220021E-15,0.,-1.));
#10361 = DIRECTION('',(1.,0.,2.405483220021E-15));
#10362 = ADVANCED_FACE('',(#10363),#10388,.T.);
#10363 = FACE_BOUND('',#10364,.T.);
#10364 = EDGE_LOOP('',(#10365,#10373,#10374,#10382));
#10365 = ORIENTED_EDGE('',*,*,#10366,.T.);
#10366 = EDGE_CURVE('',#10367,#10329,#10369,.T.);
#10367 = VERTEX_POINT('',#10368);
#10368 = CARTESIAN_POINT('',(12.477828,-0.74457,3.1));
#10369 = LINE('',#10370,#10371);
#10370 = CARTESIAN_POINT('',(12.477828,-0.74457,0.));
#10371 = VECTOR('',#10372,1.);
#10372 = DIRECTION('',(0.,0.,-1.));
#10373 = ORIENTED_EDGE('',*,*,#10326,.F.);
#10374 = ORIENTED_EDGE('',*,*,#10375,.F.);
#10375 = EDGE_CURVE('',#10376,#10327,#10378,.T.);
#10376 = VERTEX_POINT('',#10377);
#10377 = CARTESIAN_POINT('',(11.777828,-0.74457,3.1));
#10378 = LINE('',#10379,#10380);
#10379 = CARTESIAN_POINT('',(11.777828,-0.74457,-9.118051528655E-17));
#10380 = VECTOR('',#10381,1.);
#10381 = DIRECTION('',(0.,1.224606353822E-16,-1.));
#10382 = ORIENTED_EDGE('',*,*,#10383,.T.);
#10383 = EDGE_CURVE('',#10376,#10367,#10384,.T.);
#10384 = LINE('',#10385,#10386);
#10385 = CARTESIAN_POINT('',(15.555656,-0.74457,3.1));
#10386 = VECTOR('',#10387,1.);
#10387 = DIRECTION('',(1.,0.,0.));
#10388 = PLANE('',#10389);
#10389 = AXIS2_PLACEMENT_3D('',#10390,#10391,#10392);
#10390 = CARTESIAN_POINT('',(12.227017367686,-0.74457,0.159394827922));
#10391 = DIRECTION('',(0.,1.,0.));
#10392 = DIRECTION('',(-1.,0.,0.));
#10393 = ADVANCED_FACE('',(#10394),#10511,.F.);
#10394 = FACE_BOUND('',#10395,.F.);
#10395 = EDGE_LOOP('',(#10396,#10397,#10451,#10459));
#10396 = ORIENTED_EDGE('',*,*,#10383,.T.);
#10397 = ORIENTED_EDGE('',*,*,#10398,.F.);
#10398 = EDGE_CURVE('',#10399,#10367,#10401,.T.);
#10399 = VERTEX_POINT('',#10400);
#10400 = CARTESIAN_POINT('',(12.477828,-0.34457,3.5));
#10401 = B_SPLINE_CURVE_WITH_KNOTS('',3,(#10402,#10403,#10404,#10405,
    #10406,#10407,#10408,#10409,#10410,#10411,#10412,#10413,#10414,
    #10415,#10416,#10417,#10418,#10419,#10420,#10421,#10422,#10423,
    #10424,#10425,#10426,#10427,#10428,#10429,#10430,#10431,#10432,
    #10433,#10434,#10435,#10436,#10437,#10438,#10439,#10440,#10441,
    #10442,#10443,#10444,#10445,#10446,#10447,#10448,#10449,#10450),
  .UNSPECIFIED.,.F.,.F.,(4,3,3,3,3,3,3,3,3,3,3,3,3,3,3,3,4),(0.,
    3.916891397883E-02,7.852273852549E-02,0.117867842819,0.157014758895,
    0.196213520198,0.235592654069,0.27495718791,0.314115709627,
    0.35330645733,0.392683009818,0.43205080151,0.471216965739,
    0.510399556517,0.549773357933,0.589144238955,0.628318530719),
  .UNSPECIFIED.);
#10402 = CARTESIAN_POINT('',(12.477828,-0.34457,3.5));
#10403 = CARTESIAN_POINT('',(12.477828,-0.357576075882,3.5));
#10404 = CARTESIAN_POINT('',(12.477828,-0.370641214601,3.499364302601));
#10405 = CARTESIAN_POINT('',(12.477828,-0.383676347007,3.498083777143));
#10406 = CARTESIAN_POINT('',(12.477828,-0.396711272115,3.496803272049));
#10407 = CARTESIAN_POINT('',(12.477828,-0.409713575425,3.494878028635));
#10408 = CARTESIAN_POINT('',(12.477828,-0.422589379067,3.492317443522));
#10409 = CARTESIAN_POINT('',(12.477828,-0.435465191918,3.489756856579));
#10410 = CARTESIAN_POINT('',(12.477828,-0.448211852578,3.486561463072));
#10411 = CARTESIAN_POINT('',(12.477828,-0.46073948543,3.482759259399));
#10412 = CARTESIAN_POINT('',(12.477828,-0.473268398986,3.478956667025));
#10413 = CARTESIAN_POINT('',(12.477828,-0.485571280018,3.47454994964));
#10414 = CARTESIAN_POINT('',(12.477828,-0.497583435371,3.469576634267));
#10415 = CARTESIAN_POINT('',(12.477828,-0.509609970205,3.46459736545));
#10416 = CARTESIAN_POINT('',(12.477828,-0.521447129619,3.459007352284));
#10417 = CARTESIAN_POINT('',(12.477828,-0.533008724326,3.452832605033));
#10418 = CARTESIAN_POINT('',(12.477828,-0.544570141245,3.446657952734));
#10419 = CARTESIAN_POINT('',(12.477828,-0.555853599599,3.439899662416));
#10420 = CARTESIAN_POINT('',(12.477828,-0.566775813522,3.432602730652));
#10421 = CARTESIAN_POINT('',(12.477828,-0.577698040452,3.425305790197));
#10422 = CARTESIAN_POINT('',(12.477828,-0.588256771631,3.417471727354));
#10423 = CARTESIAN_POINT('',(12.477828,-0.598379743873,3.409161145546));
#10424 = CARTESIAN_POINT('',(12.477828,-0.608503284279,3.400850097296));
#10425 = CARTESIAN_POINT('',(12.477828,-0.618187575694,3.39206584379));
#10426 = CARTESIAN_POINT('',(12.477828,-0.627381912244,3.382873509352));
#10427 = CARTESIAN_POINT('',(12.477828,-0.636584563259,3.373672862259));
#10428 = CARTESIAN_POINT('',(12.477828,-0.645379256243,3.363980192117));
#10429 = CARTESIAN_POINT('',(12.477828,-0.653696316463,3.353852162627));
#10430 = CARTESIAN_POINT('',(12.477828,-0.662013244562,3.343724294024));
#10431 = CARTESIAN_POINT('',(12.477828,-0.669850747331,3.333162987003));
#10432 = CARTESIAN_POINT('',(12.477828,-0.677148915594,3.322241456309));
#10433 = CARTESIAN_POINT('',(12.477828,-0.684447089075,3.311319917806));
#10434 = CARTESIAN_POINT('',(12.477828,-0.691204425137,3.300040418158));
#10435 = CARTESIAN_POINT('',(12.477828,-0.697377064101,3.288486539361));
#10436 = CARTESIAN_POINT('',(12.477828,-0.70354986953,3.276932348977));
#10437 = CARTESIAN_POINT('',(12.477828,-0.709136687335,3.265106666295));
#10438 = CARTESIAN_POINT('',(12.477828,-0.714113419321,3.253093635518));
#10439 = CARTESIAN_POINT('',(12.477828,-0.719092637003,3.241074604673));
#10440 = CARTESIAN_POINT('',(12.477828,-0.723507238241,3.228756634931));
#10441 = CARTESIAN_POINT('',(12.477828,-0.727314406505,3.216218412007));
#10442 = CARTESIAN_POINT('',(12.477828,-0.731121512348,3.203680394657));
#10443 = CARTESIAN_POINT('',(12.477828,-0.734320260926,3.190924577566));
#10444 = CARTESIAN_POINT('',(12.477828,-0.736883067138,3.178041382324));
#10445 = CARTESIAN_POINT('',(12.477828,-0.739445873961,3.165158184012));
#10446 = CARTESIAN_POINT('',(12.477828,-0.741372210887,3.152150272212));
#10447 = CARTESIAN_POINT('',(12.477828,-0.742653251344,3.139111699026));
#10448 = CARTESIAN_POINT('',(12.477828,-0.743934313461,3.12607290538));
#10449 = CARTESIAN_POINT('',(12.477828,-0.74457,3.113006065115));
#10450 = CARTESIAN_POINT('',(12.477828,-0.74457,3.1));
#10451 = ORIENTED_EDGE('',*,*,#10452,.F.);
#10452 = EDGE_CURVE('',#10453,#10399,#10455,.T.);
#10453 = VERTEX_POINT('',#10454);
#10454 = CARTESIAN_POINT('',(11.777828,-0.34457,3.5));
#10455 = LINE('',#10456,#10457);
#10456 = CARTESIAN_POINT('',(15.555656,-0.34457,3.5));
#10457 = VECTOR('',#10458,1.);
#10458 = DIRECTION('',(1.,0.,0.));
#10459 = ORIENTED_EDGE('',*,*,#10460,.F.);
#10460 = EDGE_CURVE('',#10376,#10453,#10461,.T.);
#10461 = B_SPLINE_CURVE_WITH_KNOTS('',3,(#10462,#10463,#10464,#10465,
    #10466,#10467,#10468,#10469,#10470,#10471,#10472,#10473,#10474,
    #10475,#10476,#10477,#10478,#10479,#10480,#10481,#10482,#10483,
    #10484,#10485,#10486,#10487,#10488,#10489,#10490,#10491,#10492,
    #10493,#10494,#10495,#10496,#10497,#10498,#10499,#10500,#10501,
    #10502,#10503,#10504,#10505,#10506,#10507,#10508,#10509,#10510),
  .UNSPECIFIED.,.F.,.F.,(4,3,3,3,3,3,3,3,3,3,3,3,3,3,3,3,4),(0.,
    3.916891397883E-02,7.852273852549E-02,0.117867842819,0.157014758895,
    0.196213520198,0.235592654069,0.27495718791,0.314115709627,
    0.35330645733,0.392683009818,0.43205080151,0.471216965739,
    0.510399556517,0.549773357933,0.589144238955,0.628318530719),
  .UNSPECIFIED.);
#10462 = CARTESIAN_POINT('',(11.777828,-0.74457,3.1));
#10463 = CARTESIAN_POINT('',(11.777828,-0.74457,3.113006075871));
#10464 = CARTESIAN_POINT('',(11.777828,-0.743934302602,3.126071214591));
#10465 = CARTESIAN_POINT('',(11.777828,-0.742653777143,3.139106347007));
#10466 = CARTESIAN_POINT('',(11.777828,-0.741373272049,3.152141272119));
#10467 = CARTESIAN_POINT('',(11.777828,-0.739448028634,3.165143575429));
#10468 = CARTESIAN_POINT('',(11.777828,-0.736887443522,3.178019379067));
#10469 = CARTESIAN_POINT('',(11.777828,-0.734326856578,3.190895191922));
#10470 = CARTESIAN_POINT('',(11.777828,-0.73113146307,3.203641852582));
#10471 = CARTESIAN_POINT('',(11.777828,-0.727329259399,3.21616948543));
#10472 = CARTESIAN_POINT('',(11.777828,-0.723526667025,3.228698398986));
#10473 = CARTESIAN_POINT('',(11.777828,-0.71911994964,3.241001280018));
#10474 = CARTESIAN_POINT('',(11.777828,-0.714146634267,3.253013435371));
#10475 = CARTESIAN_POINT('',(11.777828,-0.70916736545,3.265039970205));
#10476 = CARTESIAN_POINT('',(11.777828,-0.703577352284,3.276877129619));
#10477 = CARTESIAN_POINT('',(11.777828,-0.697402605033,3.288438724326));
#10478 = CARTESIAN_POINT('',(11.777828,-0.691227952733,3.300000141249));
#10479 = CARTESIAN_POINT('',(11.777828,-0.684469662414,3.311283599602));
#10480 = CARTESIAN_POINT('',(11.777828,-0.677172730652,3.322205813522));
#10481 = CARTESIAN_POINT('',(11.777828,-0.669875790195,3.333128040456));
#10482 = CARTESIAN_POINT('',(11.777828,-0.662041727351,3.343686771635));
#10483 = CARTESIAN_POINT('',(11.777828,-0.653731145546,3.353809743873));
#10484 = CARTESIAN_POINT('',(11.777828,-0.645420097296,3.363933284279));
#10485 = CARTESIAN_POINT('',(11.777828,-0.63663584379,3.373617575694));
#10486 = CARTESIAN_POINT('',(11.777828,-0.627443509352,3.382811912244));
#10487 = CARTESIAN_POINT('',(11.777828,-0.618242862259,3.392014563259));
#10488 = CARTESIAN_POINT('',(11.777828,-0.608550192117,3.400809256243));
#10489 = CARTESIAN_POINT('',(11.777828,-0.598422162627,3.409126316463));
#10490 = CARTESIAN_POINT('',(11.777828,-0.588294294024,3.417443244562));
#10491 = CARTESIAN_POINT('',(11.777828,-0.577732987003,3.425280747332));
#10492 = CARTESIAN_POINT('',(11.777828,-0.566811456309,3.432578915594));
#10493 = CARTESIAN_POINT('',(11.777828,-0.555889917806,3.439877089075));
#10494 = CARTESIAN_POINT('',(11.777828,-0.544610418158,3.446634425137));
#10495 = CARTESIAN_POINT('',(11.777828,-0.533056539361,3.452807064101));
#10496 = CARTESIAN_POINT('',(11.777828,-0.521502348977,3.45897986953));
#10497 = CARTESIAN_POINT('',(11.777828,-0.509676666295,3.464566687335));
#10498 = CARTESIAN_POINT('',(11.777828,-0.497663635518,3.469543419321));
#10499 = CARTESIAN_POINT('',(11.777828,-0.485644604673,3.474522637003));
#10500 = CARTESIAN_POINT('',(11.777828,-0.473326634931,3.478937238241));
#10501 = CARTESIAN_POINT('',(11.777828,-0.460788412007,3.482744406505));
#10502 = CARTESIAN_POINT('',(11.777828,-0.448250394653,3.486551512349));
#10503 = CARTESIAN_POINT('',(11.777828,-0.435494577562,3.489750260927));
#10504 = CARTESIAN_POINT('',(11.777828,-0.422611382324,3.492313067138));
#10505 = CARTESIAN_POINT('',(11.777828,-0.409728184012,3.494875873961));
#10506 = CARTESIAN_POINT('',(11.777828,-0.396720272212,3.496802210887));
#10507 = CARTESIAN_POINT('',(11.777828,-0.383681699026,3.498083251344));
#10508 = CARTESIAN_POINT('',(11.777828,-0.37064290538,3.499364313461));
#10509 = CARTESIAN_POINT('',(11.777828,-0.357576065115,3.5));
#10510 = CARTESIAN_POINT('',(11.777828,-0.34457,3.5));
#10511 = ( BOUNDED_SURFACE() B_SPLINE_SURFACE(3,3,(
    (#10512,#10513,#10514,#10515)
    ,(#10516,#10517,#10518,#10519)
    ,(#10520,#10521,#10522,#10523)
    ,(#10524,#10525,#10526,#10527
)),.UNSPECIFIED.,.F.,.F.,.F.) B_SPLINE_SURFACE_WITH_KNOTS((4,4),(4,4),(
    -3.847837,-3.007819),(0.,1.570796326795),.PIECEWISE_BEZIER_KNOTS.) 
GEOMETRIC_REPRESENTATION_ITEM() RATIONAL_B_SPLINE_SURFACE((
    (1.,0.804737854124,0.804737854124,1.)
    ,(1.,0.804737854124,0.804737854124,1.)
    ,(1.,0.804737854124,0.804737854124,1.)
,(1.,0.804737854124,0.804737854124,1.
))) REPRESENTATION_ITEM('') SURFACE() );
#10512 = CARTESIAN_POINT('',(11.707819,-0.74457,3.1));
#10513 = CARTESIAN_POINT('',(11.707819,-0.74457,3.334314575051));
#10514 = CARTESIAN_POINT('',(11.707819,-0.578884575051,3.5));
#10515 = CARTESIAN_POINT('',(11.707819,-0.34457,3.5));
#10516 = CARTESIAN_POINT('',(11.987825,-0.74457,3.1));
#10517 = CARTESIAN_POINT('',(11.987825,-0.74457,3.334314575051));
#10518 = CARTESIAN_POINT('',(11.987825,-0.578884575051,3.5));
#10519 = CARTESIAN_POINT('',(11.987825,-0.34457,3.5));
#10520 = CARTESIAN_POINT('',(12.267831,-0.74457,3.1));
#10521 = CARTESIAN_POINT('',(12.267831,-0.74457,3.334314575051));
#10522 = CARTESIAN_POINT('',(12.267831,-0.578884575051,3.5));
#10523 = CARTESIAN_POINT('',(12.267831,-0.34457,3.5));
#10524 = CARTESIAN_POINT('',(12.547837,-0.74457,3.1));
#10525 = CARTESIAN_POINT('',(12.547837,-0.74457,3.334314575051));
#10526 = CARTESIAN_POINT('',(12.547837,-0.578884575051,3.5));
#10527 = CARTESIAN_POINT('',(12.547837,-0.34457,3.5));
#10528 = ADVANCED_FACE('',(#10529),#10646,.F.);
#10529 = FACE_BOUND('',#10530,.F.);
#10530 = EDGE_LOOP('',(#10531,#10532,#10586,#10594));
#10531 = ORIENTED_EDGE('',*,*,#10452,.T.);
#10532 = ORIENTED_EDGE('',*,*,#10533,.F.);
#10533 = EDGE_CURVE('',#10534,#10399,#10536,.T.);
#10534 = VERTEX_POINT('',#10535);
#10535 = CARTESIAN_POINT('',(12.477828,5.543E-02,3.1));
#10536 = B_SPLINE_CURVE_WITH_KNOTS('',3,(#10537,#10538,#10539,#10540,
    #10541,#10542,#10543,#10544,#10545,#10546,#10547,#10548,#10549,
    #10550,#10551,#10552,#10553,#10554,#10555,#10556,#10557,#10558,
    #10559,#10560,#10561,#10562,#10563,#10564,#10565,#10566,#10567,
    #10568,#10569,#10570,#10571,#10572,#10573,#10574,#10575,#10576,
    #10577,#10578,#10579,#10580,#10581,#10582,#10583,#10584,#10585),
  .UNSPECIFIED.,.F.,.F.,(4,3,3,3,3,3,3,3,3,3,3,3,3,3,3,3,4),(0.,
    3.916891397883E-02,7.852273852549E-02,0.117867842819,0.157014758895,
    0.196213520198,0.235592654069,0.27495718791,0.314115709627,
    0.35330645733,0.392683009818,0.43205080151,0.471216965739,
    0.510399556517,0.549773357933,0.589144238955,0.628318530719),
  .UNSPECIFIED.);
#10537 = CARTESIAN_POINT('',(12.477828,5.543E-02,3.1));
#10538 = CARTESIAN_POINT('',(12.477828,5.543E-02,3.113006075871));
#10539 = CARTESIAN_POINT('',(12.477828,5.479430260249E-02,3.126071214591
    ));
#10540 = CARTESIAN_POINT('',(12.477828,5.351377714325E-02,3.139106347007
    ));
#10541 = CARTESIAN_POINT('',(12.477828,5.223327204923E-02,3.152141272115
    ));
#10542 = CARTESIAN_POINT('',(12.477828,5.030802863467E-02,3.165143575425
    ));
#10543 = CARTESIAN_POINT('',(12.477828,4.774744352249E-02,3.178019379067
    ));
#10544 = CARTESIAN_POINT('',(12.477828,4.518685657799E-02,3.190895191922
    ));
#10545 = CARTESIAN_POINT('',(12.477828,4.199146307046E-02,3.203641852582
    ));
#10546 = CARTESIAN_POINT('',(12.477828,3.818925939853E-02,3.21616948543)
  );
#10547 = CARTESIAN_POINT('',(12.477828,3.438666702266E-02,3.228698398993
    ));
#10548 = CARTESIAN_POINT('',(12.477828,2.997994963757E-02,3.241001280024
    ));
#10549 = CARTESIAN_POINT('',(12.477828,2.500663426687E-02,3.253013435371
    ));
#10550 = CARTESIAN_POINT('',(12.477828,2.002736544968E-02,3.265039970205
    ));
#10551 = CARTESIAN_POINT('',(12.477828,1.443735228354E-02,3.276877129619
    ));
#10552 = CARTESIAN_POINT('',(12.477828,8.262605033121E-03,3.288438724326
    ));
#10553 = CARTESIAN_POINT('',(12.477828,2.087952734434E-03,3.300000141245
    ));
#10554 = CARTESIAN_POINT('',(12.477828,-4.670337583628E-03,
    3.311283599599));
#10555 = CARTESIAN_POINT('',(12.477828,-1.196726934801E-02,
    3.322205813522));
#10556 = CARTESIAN_POINT('',(12.477828,-1.926420980533E-02,
    3.333128040456));
#10557 = CARTESIAN_POINT('',(12.477828,-2.709827264924E-02,
    3.343686771635));
#10558 = CARTESIAN_POINT('',(12.477828,-3.540885445397E-02,
    3.353809743873));
#10559 = CARTESIAN_POINT('',(12.477828,-4.371990270417E-02,
    3.363933284279));
#10560 = CARTESIAN_POINT('',(12.477828,-5.250415621031E-02,
    3.373617575694));
#10561 = CARTESIAN_POINT('',(12.477828,-6.169649064846E-02,
    3.382811912244));
#10562 = CARTESIAN_POINT('',(12.477828,-7.089713774092E-02,
    3.392014563259));
#10563 = CARTESIAN_POINT('',(12.477828,-8.058980788257E-02,
    3.400809256243));
#10564 = CARTESIAN_POINT('',(12.477828,-9.071783737319E-02,
    3.409126316463));
#10565 = CARTESIAN_POINT('',(12.477828,-0.100845705976,3.417443244562));
#10566 = CARTESIAN_POINT('',(12.477828,-0.111407012997,3.425280747332));
#10567 = CARTESIAN_POINT('',(12.477828,-0.122328543691,3.432578915594));
#10568 = CARTESIAN_POINT('',(12.477828,-0.133250082194,3.439877089075));
#10569 = CARTESIAN_POINT('',(12.477828,-0.144529581842,3.446634425137));
#10570 = CARTESIAN_POINT('',(12.477828,-0.156083460639,3.452807064101));
#10571 = CARTESIAN_POINT('',(12.477828,-0.167637651023,3.45897986953));
#10572 = CARTESIAN_POINT('',(12.477828,-0.179463333705,3.464566687335));
#10573 = CARTESIAN_POINT('',(12.477828,-0.191476364481,3.469543419321));
#10574 = CARTESIAN_POINT('',(12.477828,-0.203495395327,3.474522637003));
#10575 = CARTESIAN_POINT('',(12.477828,-0.215813365069,3.478937238241));
#10576 = CARTESIAN_POINT('',(12.477828,-0.228351587993,3.482744406505));
#10577 = CARTESIAN_POINT('',(12.477828,-0.240889605343,3.486551512348));
#10578 = CARTESIAN_POINT('',(12.477828,-0.253645422434,3.489750260926));
#10579 = CARTESIAN_POINT('',(12.477828,-0.266528617676,3.492313067138));
#10580 = CARTESIAN_POINT('',(12.477828,-0.279411815988,3.494875873961));
#10581 = CARTESIAN_POINT('',(12.477828,-0.292419727788,3.496802210887));
#10582 = CARTESIAN_POINT('',(12.477828,-0.305458300974,3.498083251344));
#10583 = CARTESIAN_POINT('',(12.477828,-0.31849709462,3.499364313461));
#10584 = CARTESIAN_POINT('',(12.477828,-0.331563934885,3.5));
#10585 = CARTESIAN_POINT('',(12.477828,-0.34457,3.5));
#10586 = ORIENTED_EDGE('',*,*,#10587,.F.);
#10587 = EDGE_CURVE('',#10588,#10534,#10590,.T.);
#10588 = VERTEX_POINT('',#10589);
#10589 = CARTESIAN_POINT('',(11.777828,5.543E-02,3.1));
#10590 = LINE('',#10591,#10592);
#10591 = CARTESIAN_POINT('',(15.555656,5.543E-02,3.1));
#10592 = VECTOR('',#10593,1.);
#10593 = DIRECTION('',(1.,0.,0.));
#10594 = ORIENTED_EDGE('',*,*,#10595,.T.);
#10595 = EDGE_CURVE('',#10588,#10453,#10596,.T.);
#10596 = B_SPLINE_CURVE_WITH_KNOTS('',3,(#10597,#10598,#10599,#10600,
    #10601,#10602,#10603,#10604,#10605,#10606,#10607,#10608,#10609,
    #10610,#10611,#10612,#10613,#10614,#10615,#10616,#10617,#10618,
    #10619,#10620,#10621,#10622,#10623,#10624,#10625,#10626,#10627,
    #10628,#10629,#10630,#10631,#10632,#10633,#10634,#10635,#10636,
    #10637,#10638,#10639,#10640,#10641,#10642,#10643,#10644,#10645),
  .UNSPECIFIED.,.F.,.F.,(4,3,3,3,3,3,3,3,3,3,3,3,3,3,3,3,4),(0.,
    3.917429176428E-02,7.854517278617E-02,0.117918974202,0.157101564979,
    0.196267729209,0.2356355209,0.275012073389,0.314202821092,
    0.353361342809,0.39272587665,0.432105010521,0.471303771824,
    0.5104506879,0.549795792193,0.58914961674,0.628318530719),
  .UNSPECIFIED.);
#10597 = CARTESIAN_POINT('',(11.777828,5.543E-02,3.1));
#10598 = CARTESIAN_POINT('',(11.777828,5.543E-02,3.113006065115));
#10599 = CARTESIAN_POINT('',(11.777828,5.479431346064E-02,3.12607290538)
  );
#10600 = CARTESIAN_POINT('',(11.777828,5.351325134355E-02,3.139111699026
    ));
#10601 = CARTESIAN_POINT('',(11.777828,5.223221088667E-02,3.152150272212
    ));
#10602 = CARTESIAN_POINT('',(11.777828,5.030587396077E-02,3.165158184012
    ));
#10603 = CARTESIAN_POINT('',(11.777828,4.774306713827E-02,3.178041382324
    ));
#10604 = CARTESIAN_POINT('',(11.777828,4.51802609264E-02,3.190924577566)
  );
#10605 = CARTESIAN_POINT('',(11.777828,4.19815123478E-02,3.203680394657)
  );
#10606 = CARTESIAN_POINT('',(11.777828,3.817440650543E-02,3.216218412007
    ));
#10607 = CARTESIAN_POINT('',(11.777828,3.43672382414E-02,3.228756634931)
  );
#10608 = CARTESIAN_POINT('',(11.777828,2.995263700291E-02,3.241074604673
    ));
#10609 = CARTESIAN_POINT('',(11.777828,2.497341932137E-02,3.253093635518
    ));
#10610 = CARTESIAN_POINT('',(11.777828,1.999668733535E-02,3.265106666295
    ));
#10611 = CARTESIAN_POINT('',(11.777828,1.440986953021E-02,3.276932348977
    ));
#10612 = CARTESIAN_POINT('',(11.777828,8.237064101251E-03,3.288486539361
    ));
#10613 = CARTESIAN_POINT('',(11.777828,2.064425137085E-03,3.300040418158
    ));
#10614 = CARTESIAN_POINT('',(11.777828,-4.692910925052E-03,
    3.311319917806));
#10615 = CARTESIAN_POINT('',(11.777828,-1.199108440598E-02,
    3.322241456309));
#10616 = CARTESIAN_POINT('',(11.777828,-1.928925267072E-02,
    3.333162987006));
#10617 = CARTESIAN_POINT('',(11.777828,-2.71267554403E-02,3.343724294027
    ));
#10618 = CARTESIAN_POINT('',(11.777828,-3.544368353747E-02,
    3.353852162627));
#10619 = CARTESIAN_POINT('',(11.777828,-4.376074375662E-02,
    3.363980192117));
#10620 = CARTESIAN_POINT('',(11.777828,-5.255543674065E-02,
    3.373672862259));
#10621 = CARTESIAN_POINT('',(11.777828,-6.175808775594E-02,
    3.382873509352));
#10622 = CARTESIAN_POINT('',(11.777828,-7.09524243064E-02,3.39206584379)
  );
#10623 = CARTESIAN_POINT('',(11.777828,-8.063671572067E-02,
    3.400850097296));
#10624 = CARTESIAN_POINT('',(11.777828,-9.076025612742E-02,
    3.409161145546));
#10625 = CARTESIAN_POINT('',(11.777828,-0.100883228365,3.417471727351));
#10626 = CARTESIAN_POINT('',(11.777828,-0.111441959544,3.425305790195));
#10627 = CARTESIAN_POINT('',(11.777828,-0.122364186478,3.432602730652));
#10628 = CARTESIAN_POINT('',(11.777828,-0.133286400398,3.439899662414));
#10629 = CARTESIAN_POINT('',(11.777828,-0.144569858751,3.446657952733));
#10630 = CARTESIAN_POINT('',(11.777828,-0.156131275674,3.452832605033));
#10631 = CARTESIAN_POINT('',(11.777828,-0.167692870381,3.459007352284));
#10632 = CARTESIAN_POINT('',(11.777828,-0.179530029795,3.46459736545));
#10633 = CARTESIAN_POINT('',(11.777828,-0.191556564629,3.469576634267));
#10634 = CARTESIAN_POINT('',(11.777828,-0.203568719982,3.47454994964));
#10635 = CARTESIAN_POINT('',(11.777828,-0.215871601014,3.478956667025));
#10636 = CARTESIAN_POINT('',(11.777828,-0.22840051457,3.482759259399));
#10637 = CARTESIAN_POINT('',(11.777828,-0.240928147418,3.48656146307));
#10638 = CARTESIAN_POINT('',(11.777828,-0.253674808078,3.489756856578));
#10639 = CARTESIAN_POINT('',(11.777828,-0.266550620933,3.492317443522));
#10640 = CARTESIAN_POINT('',(11.777828,-0.279426424571,3.494878028634));
#10641 = CARTESIAN_POINT('',(11.777828,-0.292428727881,3.496803272049));
#10642 = CARTESIAN_POINT('',(11.777828,-0.305463652993,3.498083777143));
#10643 = CARTESIAN_POINT('',(11.777828,-0.318498785399,3.499364302601));
#10644 = CARTESIAN_POINT('',(11.777828,-0.331563924118,3.5));
#10645 = CARTESIAN_POINT('',(11.777828,-0.34457,3.5));
#10646 = ( BOUNDED_SURFACE() B_SPLINE_SURFACE(3,3,(
    (#10647,#10648,#10649,#10650)
    ,(#10651,#10652,#10653,#10654)
    ,(#10655,#10656,#10657,#10658)
    ,(#10659,#10660,#10661,#10662
)),.UNSPECIFIED.,.F.,.F.,.F.) B_SPLINE_SURFACE_WITH_KNOTS((4,4),(4,4),(
    -3.847837,-3.007819),(0.,1.570796326795),.PIECEWISE_BEZIER_KNOTS.) 
GEOMETRIC_REPRESENTATION_ITEM() RATIONAL_B_SPLINE_SURFACE((
    (1.,0.804737854124,0.804737854124,1.)
    ,(1.,0.804737854124,0.804737854124,1.)
    ,(1.,0.804737854124,0.804737854124,1.)
,(1.,0.804737854124,0.804737854124,1.
))) REPRESENTATION_ITEM('') SURFACE() );
#10647 = CARTESIAN_POINT('',(11.707819,-0.34457,3.5));
#10648 = CARTESIAN_POINT('',(11.707819,-0.110255424949,3.5));
#10649 = CARTESIAN_POINT('',(11.707819,5.543E-02,3.334314575051));
#10650 = CARTESIAN_POINT('',(11.707819,5.543E-02,3.1));
#10651 = CARTESIAN_POINT('',(11.987825,-0.34457,3.5));
#10652 = CARTESIAN_POINT('',(11.987825,-0.110255424949,3.5));
#10653 = CARTESIAN_POINT('',(11.987825,5.543E-02,3.334314575051));
#10654 = CARTESIAN_POINT('',(11.987825,5.543E-02,3.1));
#10655 = CARTESIAN_POINT('',(12.267831,-0.34457,3.5));
#10656 = CARTESIAN_POINT('',(12.267831,-0.110255424949,3.5));
#10657 = CARTESIAN_POINT('',(12.267831,5.543E-02,3.334314575051));
#10658 = CARTESIAN_POINT('',(12.267831,5.543E-02,3.1));
#10659 = CARTESIAN_POINT('',(12.547837,-0.34457,3.5));
#10660 = CARTESIAN_POINT('',(12.547837,-0.110255424949,3.5));
#10661 = CARTESIAN_POINT('',(12.547837,5.543E-02,3.334314575051));
#10662 = CARTESIAN_POINT('',(12.547837,5.543E-02,3.1));
#10663 = ADVANCED_FACE('',(#10664),#10689,.F.);
#10664 = FACE_BOUND('',#10665,.T.);
#10665 = EDGE_LOOP('',(#10666,#10676,#10682,#10683));
#10666 = ORIENTED_EDGE('',*,*,#10667,.F.);
#10667 = EDGE_CURVE('',#10668,#10670,#10672,.T.);
#10668 = VERTEX_POINT('',#10669);
#10669 = CARTESIAN_POINT('',(14.277828,-2.34457,6.6));
#10670 = VERTEX_POINT('',#10671);
#10671 = CARTESIAN_POINT('',(14.277828,-0.34457,6.6));
#10672 = LINE('',#10673,#10674);
#10673 = CARTESIAN_POINT('',(14.277828,0.,6.6));
#10674 = VECTOR('',#10675,1.);
#10675 = DIRECTION('',(0.,1.,0.));
#10676 = ORIENTED_EDGE('',*,*,#10677,.F.);
#10677 = EDGE_CURVE('',#3615,#10668,#10678,.T.);
#10678 = LINE('',#10679,#10680);
#10679 = CARTESIAN_POINT('',(15.555656,-2.34457,6.6));
#10680 = VECTOR('',#10681,1.);
#10681 = DIRECTION('',(-1.,0.,0.));
#10682 = ORIENTED_EDGE('',*,*,#3638,.F.);
#10683 = ORIENTED_EDGE('',*,*,#10684,.F.);
#10684 = EDGE_CURVE('',#10670,#3631,#10685,.T.);
#10685 = LINE('',#10686,#10687);
#10686 = CARTESIAN_POINT('',(22.,-0.34457,6.6));
#10687 = VECTOR('',#10688,1.);
#10688 = DIRECTION('',(1.,0.,0.));
#10689 = PLANE('',#10690);
#10690 = AXIS2_PLACEMENT_3D('',#10691,#10692,#10693);
#10691 = CARTESIAN_POINT('',(8.1298256,2.05543,6.6));
#10692 = DIRECTION('',(0.,0.,-1.));
#10693 = DIRECTION('',(0.,-1.,0.));
#10694 = ADVANCED_FACE('',(#10695),#10713,.F.);
#10695 = FACE_BOUND('',#10696,.T.);
#10696 = EDGE_LOOP('',(#10697,#10705,#10711,#10712));
#10697 = ORIENTED_EDGE('',*,*,#10698,.F.);
#10698 = EDGE_CURVE('',#10699,#3623,#10701,.T.);
#10699 = VERTEX_POINT('',#10700);
#10700 = CARTESIAN_POINT('',(14.277828,-0.34457,6.45));
#10701 = LINE('',#10702,#10703);
#10702 = CARTESIAN_POINT('',(15.555656,-0.34457,6.45));
#10703 = VECTOR('',#10704,1.);
#10704 = DIRECTION('',(1.,0.,0.));
#10705 = ORIENTED_EDGE('',*,*,#10706,.F.);
#10706 = EDGE_CURVE('',#10670,#10699,#10707,.T.);
#10707 = LINE('',#10708,#10709);
#10708 = CARTESIAN_POINT('',(14.277828,-0.34457,-4.219626113366E-17));
#10709 = VECTOR('',#10710,1.);
#10710 = DIRECTION('',(0.,1.224606353822E-16,-1.));
#10711 = ORIENTED_EDGE('',*,*,#10684,.T.);
#10712 = ORIENTED_EDGE('',*,*,#3630,.F.);
#10713 = PLANE('',#10714);
#10714 = AXIS2_PLACEMENT_3D('',#10715,#10716,#10717);
#10715 = CARTESIAN_POINT('',(15.277828,-0.34457,6.65));
#10716 = DIRECTION('',(0.,-1.,-1.224606353822E-16));
#10717 = DIRECTION('',(-1.,-0.,0.));
#10718 = ADVANCED_FACE('',(#10719),#10744,.T.);
#10719 = FACE_BOUND('',#10720,.T.);
#10720 = EDGE_LOOP('',(#10721,#10729,#10737,#10743));
#10721 = ORIENTED_EDGE('',*,*,#10722,.F.);
#10722 = EDGE_CURVE('',#10723,#7127,#10725,.T.);
#10723 = VERTEX_POINT('',#10724);
#10724 = CARTESIAN_POINT('',(12.777828,-2.34457,6.6));
#10725 = LINE('',#10726,#10727);
#10726 = CARTESIAN_POINT('',(12.777828,0.,6.6));
#10727 = VECTOR('',#10728,1.);
#10728 = DIRECTION('',(0.,1.,0.));
#10729 = ORIENTED_EDGE('',*,*,#10730,.T.);
#10730 = EDGE_CURVE('',#10723,#10731,#10733,.T.);
#10731 = VERTEX_POINT('',#10732);
#10732 = CARTESIAN_POINT('',(12.777828,-2.34457,6.45));
#10733 = LINE('',#10734,#10735);
#10734 = CARTESIAN_POINT('',(12.777828,-2.34457,0.));
#10735 = VECTOR('',#10736,1.);
#10736 = DIRECTION('',(0.,0.,-1.));
#10737 = ORIENTED_EDGE('',*,*,#10738,.F.);
#10738 = EDGE_CURVE('',#7135,#10731,#10739,.T.);
#10739 = LINE('',#10740,#10741);
#10740 = CARTESIAN_POINT('',(12.777828,0.,6.45));
#10741 = VECTOR('',#10742,1.);
#10742 = DIRECTION('',(0.,-1.,1.224606353822E-16));
#10743 = ORIENTED_EDGE('',*,*,#7134,.T.);
#10744 = PLANE('',#10745);
#10745 = AXIS2_PLACEMENT_3D('',#10746,#10747,#10748);
#10746 = CARTESIAN_POINT('',(12.777828,-1.17457,6.65));
#10747 = DIRECTION('',(1.,0.,0.));
#10748 = DIRECTION('',(0.,-1.,-1.224606353822E-16));
#10749 = ADVANCED_FACE('',(#10750),#10833,.T.);
#10750 = FACE_BOUND('',#10751,.T.);
#10751 = EDGE_LOOP('',(#10752,#10753,#10754,#10755,#10756,#10757,#10758,
    #10759,#10760,#10766,#10767,#10768,#10769,#10775,#10776,#10777,
    #10778,#10784,#10785,#10786,#10787,#10793,#10794,#10795,#10796,
    #10802,#10803,#10804,#10812,#10818,#10819,#10827));
#10752 = ORIENTED_EDGE('',*,*,#10344,.F.);
#10753 = ORIENTED_EDGE('',*,*,#10304,.T.);
#10754 = ORIENTED_EDGE('',*,*,#10278,.F.);
#10755 = ORIENTED_EDGE('',*,*,#8552,.F.);
#10756 = ORIENTED_EDGE('',*,*,#8449,.T.);
#10757 = ORIENTED_EDGE('',*,*,#8606,.F.);
#10758 = ORIENTED_EDGE('',*,*,#9033,.T.);
#10759 = ORIENTED_EDGE('',*,*,#9675,.T.);
#10760 = ORIENTED_EDGE('',*,*,#10761,.T.);
#10761 = EDGE_CURVE('',#9668,#9645,#10762,.T.);
#10762 = LINE('',#10763,#10764);
#10763 = CARTESIAN_POINT('',(15.555656,-2.34457,6.45));
#10764 = VECTOR('',#10765,1.);
#10765 = DIRECTION('',(-1.,0.,0.));
#10766 = ORIENTED_EDGE('',*,*,#9644,.T.);
#10767 = ORIENTED_EDGE('',*,*,#9697,.T.);
#10768 = ORIENTED_EDGE('',*,*,#7570,.T.);
#10769 = ORIENTED_EDGE('',*,*,#10770,.T.);
#10770 = EDGE_CURVE('',#7563,#7290,#10771,.T.);
#10771 = LINE('',#10772,#10773);
#10772 = CARTESIAN_POINT('',(15.555656,-2.34457,6.45));
#10773 = VECTOR('',#10774,1.);
#10774 = DIRECTION('',(-1.,0.,0.));
#10775 = ORIENTED_EDGE('',*,*,#7289,.T.);
#10776 = ORIENTED_EDGE('',*,*,#6460,.T.);
#10777 = ORIENTED_EDGE('',*,*,#7745,.T.);
#10778 = ORIENTED_EDGE('',*,*,#10779,.T.);
#10779 = EDGE_CURVE('',#7738,#8976,#10780,.T.);
#10780 = LINE('',#10781,#10782);
#10781 = CARTESIAN_POINT('',(15.555656,-2.34457,6.45));
#10782 = VECTOR('',#10783,1.);
#10783 = DIRECTION('',(-1.,0.,0.));
#10784 = ORIENTED_EDGE('',*,*,#8975,.T.);
#10785 = ORIENTED_EDGE('',*,*,#8782,.T.);
#10786 = ORIENTED_EDGE('',*,*,#7426,.T.);
#10787 = ORIENTED_EDGE('',*,*,#10788,.T.);
#10788 = EDGE_CURVE('',#7419,#8822,#10789,.T.);
#10789 = LINE('',#10790,#10791);
#10790 = CARTESIAN_POINT('',(15.555656,-2.34457,6.45));
#10791 = VECTOR('',#10792,1.);
#10792 = DIRECTION('',(-1.,0.,0.));
#10793 = ORIENTED_EDGE('',*,*,#8821,.T.);
#10794 = ORIENTED_EDGE('',*,*,#10111,.T.);
#10795 = ORIENTED_EDGE('',*,*,#4628,.T.);
#10796 = ORIENTED_EDGE('',*,*,#10797,.T.);
#10797 = EDGE_CURVE('',#4621,#3613,#10798,.T.);
#10798 = LINE('',#10799,#10800);
#10799 = CARTESIAN_POINT('',(15.555656,-2.34457,6.45));
#10800 = VECTOR('',#10801,1.);
#10801 = DIRECTION('',(-1.,0.,0.));
#10802 = ORIENTED_EDGE('',*,*,#3612,.T.);
#10803 = ORIENTED_EDGE('',*,*,#10677,.T.);
#10804 = ORIENTED_EDGE('',*,*,#10805,.F.);
#10805 = EDGE_CURVE('',#10806,#10668,#10808,.T.);
#10806 = VERTEX_POINT('',#10807);
#10807 = CARTESIAN_POINT('',(14.277828,-2.34457,6.45));
#10808 = LINE('',#10809,#10810);
#10809 = CARTESIAN_POINT('',(14.277828,-2.34457,0.));
#10810 = VECTOR('',#10811,1.);
#10811 = DIRECTION('',(0.,0.,1.));
#10812 = ORIENTED_EDGE('',*,*,#10813,.F.);
#10813 = EDGE_CURVE('',#10731,#10806,#10814,.T.);
#10814 = LINE('',#10815,#10816);
#10815 = CARTESIAN_POINT('',(22.,-2.34457,6.45));
#10816 = VECTOR('',#10817,1.);
#10817 = DIRECTION('',(1.,0.,0.));
#10818 = ORIENTED_EDGE('',*,*,#10730,.F.);
#10819 = ORIENTED_EDGE('',*,*,#10820,.F.);
#10820 = EDGE_CURVE('',#10821,#10723,#10823,.T.);
#10821 = VERTEX_POINT('',#10822);
#10822 = CARTESIAN_POINT('',(11.777828,-2.34457,6.6));
#10823 = LINE('',#10824,#10825);
#10824 = CARTESIAN_POINT('',(22.,-2.34457,6.6));
#10825 = VECTOR('',#10826,1.);
#10826 = DIRECTION('',(1.,0.,0.));
#10827 = ORIENTED_EDGE('',*,*,#10828,.T.);
#10828 = EDGE_CURVE('',#10821,#10345,#10829,.T.);
#10829 = LINE('',#10830,#10831);
#10830 = CARTESIAN_POINT('',(11.777828,-2.34457,-2.871175318981E-16));
#10831 = VECTOR('',#10832,1.);
#10832 = DIRECTION('',(0.,1.224606353822E-16,-1.));
#10833 = PLANE('',#10834);
#10834 = AXIS2_PLACEMENT_3D('',#10835,#10836,#10837);
#10835 = CARTESIAN_POINT('',(12.384870094585,-2.34457,0.526573937917));
#10836 = DIRECTION('',(0.,-1.,0.));
#10837 = DIRECTION('',(1.,0.,0.));
#10838 = ADVANCED_FACE('',(#10839),#10850,.F.);
#10839 = FACE_BOUND('',#10840,.T.);
#10840 = EDGE_LOOP('',(#10841,#10847,#10848,#10849));
#10841 = ORIENTED_EDGE('',*,*,#10842,.F.);
#10842 = EDGE_CURVE('',#10806,#10699,#10843,.T.);
#10843 = LINE('',#10844,#10845);
#10844 = CARTESIAN_POINT('',(14.277828,0.,6.45));
#10845 = VECTOR('',#10846,1.);
#10846 = DIRECTION('',(0.,1.,-1.224606353822E-16));
#10847 = ORIENTED_EDGE('',*,*,#10805,.T.);
#10848 = ORIENTED_EDGE('',*,*,#10667,.T.);
#10849 = ORIENTED_EDGE('',*,*,#10706,.T.);
#10850 = PLANE('',#10851);
#10851 = AXIS2_PLACEMENT_3D('',#10852,#10853,#10854);
#10852 = CARTESIAN_POINT('',(14.277828,-2.34457,6.6));
#10853 = DIRECTION('',(1.,0.,0.));
#10854 = DIRECTION('',(0.,-1.,0.));
#10855 = ADVANCED_FACE('',(#10856),#10881,.F.);
#10856 = FACE_BOUND('',#10857,.T.);
#10857 = EDGE_LOOP('',(#10858,#10866,#10874,#10880));
#10858 = ORIENTED_EDGE('',*,*,#10859,.T.);
#10859 = EDGE_CURVE('',#9959,#10860,#10862,.T.);
#10860 = VERTEX_POINT('',#10861);
#10861 = CARTESIAN_POINT('',(14.277828,0.65543,6.6));
#10862 = LINE('',#10863,#10864);
#10863 = CARTESIAN_POINT('',(22.,0.65543,6.6));
#10864 = VECTOR('',#10865,1.);
#10865 = DIRECTION('',(-1.,0.,0.));
#10866 = ORIENTED_EDGE('',*,*,#10867,.T.);
#10867 = EDGE_CURVE('',#10860,#10868,#10870,.T.);
#10868 = VERTEX_POINT('',#10869);
#10869 = CARTESIAN_POINT('',(14.277828,0.65543,6.45));
#10870 = LINE('',#10871,#10872);
#10871 = CARTESIAN_POINT('',(14.277828,0.65543,6.65));
#10872 = VECTOR('',#10873,1.);
#10873 = DIRECTION('',(0.,1.224606353822E-16,-1.));
#10874 = ORIENTED_EDGE('',*,*,#10875,.F.);
#10875 = EDGE_CURVE('',#9961,#10868,#10876,.T.);
#10876 = LINE('',#10877,#10878);
#10877 = CARTESIAN_POINT('',(18.,0.65543,6.45));
#10878 = VECTOR('',#10879,1.);
#10879 = DIRECTION('',(-1.,0.,0.));
#10880 = ORIENTED_EDGE('',*,*,#9958,.F.);
#10881 = PLANE('',#10882);
#10882 = AXIS2_PLACEMENT_3D('',#10883,#10884,#10885);
#10883 = CARTESIAN_POINT('',(14.277828,0.65543,6.65));
#10884 = DIRECTION('',(0.,1.,1.224606353822E-16));
#10885 = DIRECTION('',(1.,0.,-0.));
#10886 = ADVANCED_FACE('',(#10887),#10903,.T.);
#10887 = FACE_BOUND('',#10888,.T.);
#10888 = EDGE_LOOP('',(#10889,#10895,#10896,#10902));
#10889 = ORIENTED_EDGE('',*,*,#10890,.F.);
#10890 = EDGE_CURVE('',#6985,#10860,#10891,.T.);
#10891 = LINE('',#10892,#10893);
#10892 = CARTESIAN_POINT('',(14.277828,0.,6.6));
#10893 = VECTOR('',#10894,1.);
#10894 = DIRECTION('',(0.,-1.,0.));
#10895 = ORIENTED_EDGE('',*,*,#7150,.T.);
#10896 = ORIENTED_EDGE('',*,*,#10897,.T.);
#10897 = EDGE_CURVE('',#7143,#10868,#10898,.T.);
#10898 = LINE('',#10899,#10900);
#10899 = CARTESIAN_POINT('',(14.277828,-6.822613220908E-17,6.45));
#10900 = VECTOR('',#10901,1.);
#10901 = DIRECTION('',(0.,-1.,-1.224606353822E-16));
#10902 = ORIENTED_EDGE('',*,*,#10867,.F.);
#10903 = PLANE('',#10904);
#10904 = AXIS2_PLACEMENT_3D('',#10905,#10906,#10907);
#10905 = CARTESIAN_POINT('',(14.277828,2.05543,6.65));
#10906 = DIRECTION('',(-1.,0.,0.));
#10907 = DIRECTION('',(0.,1.,1.224606353822E-16));
#10908 = ADVANCED_FACE('',(#10909),#10953,.T.);
#10909 = FACE_BOUND('',#10910,.T.);
#10910 = EDGE_LOOP('',(#10911,#10912,#10913,#10914,#10922,#10930,#10938,
    #10944,#10945,#10951,#10952));
#10911 = ORIENTED_EDGE('',*,*,#10366,.F.);
#10912 = ORIENTED_EDGE('',*,*,#10398,.F.);
#10913 = ORIENTED_EDGE('',*,*,#10533,.F.);
#10914 = ORIENTED_EDGE('',*,*,#10915,.F.);
#10915 = EDGE_CURVE('',#10916,#10534,#10918,.T.);
#10916 = VERTEX_POINT('',#10917);
#10917 = CARTESIAN_POINT('',(12.477828,5.543E-02,1.110223024625E-16));
#10918 = LINE('',#10919,#10920);
#10919 = CARTESIAN_POINT('',(12.477828,5.543E-02,0.));
#10920 = VECTOR('',#10921,1.);
#10921 = DIRECTION('',(0.,3.700743415417E-16,1.));
#10922 = ORIENTED_EDGE('',*,*,#10923,.F.);
#10923 = EDGE_CURVE('',#10924,#10916,#10926,.T.);
#10924 = VERTEX_POINT('',#10925);
#10925 = CARTESIAN_POINT('',(12.477828,2.65543,4.440892098501E-16));
#10926 = LINE('',#10927,#10928);
#10927 = CARTESIAN_POINT('',(12.477828,2.65543,4.440892098501E-16));
#10928 = VECTOR('',#10929,1.);
#10929 = DIRECTION('',(0.,-1.,-2.449212707645E-16));
#10930 = ORIENTED_EDGE('',*,*,#10931,.F.);
#10931 = EDGE_CURVE('',#10932,#10924,#10934,.T.);
#10932 = VERTEX_POINT('',#10933);
#10933 = CARTESIAN_POINT('',(12.477828,2.65543,1.95));
#10934 = LINE('',#10935,#10936);
#10935 = CARTESIAN_POINT('',(12.477828,2.65543,3.251856450131E-16));
#10936 = VECTOR('',#10937,1.);
#10937 = DIRECTION('',(0.,1.224606353822E-16,-1.));
#10938 = ORIENTED_EDGE('',*,*,#10939,.F.);
#10939 = EDGE_CURVE('',#5209,#10932,#10940,.T.);
#10940 = LINE('',#10941,#10942);
#10941 = CARTESIAN_POINT('',(12.477828,4.82846727011E-16,1.95));
#10942 = VECTOR('',#10943,1.);
#10943 = DIRECTION('',(0.,1.,1.224606353822E-16));
#10944 = ORIENTED_EDGE('',*,*,#5234,.F.);
#10945 = ORIENTED_EDGE('',*,*,#10946,.F.);
#10946 = EDGE_CURVE('',#8522,#5227,#10947,.T.);
#10947 = LINE('',#10948,#10949);
#10948 = CARTESIAN_POINT('',(12.477828,1.093417890952E-16,5.));
#10949 = VECTOR('',#10950,1.);
#10950 = DIRECTION('',(0.,1.,1.224606353822E-16));
#10951 = ORIENTED_EDGE('',*,*,#8521,.F.);
#10952 = ORIENTED_EDGE('',*,*,#10336,.F.);
#10953 = PLANE('',#10954);
#10954 = AXIS2_PLACEMENT_3D('',#10955,#10956,#10957);
#10955 = CARTESIAN_POINT('',(12.477828,-0.74457,0.15));
#10956 = DIRECTION('',(1.,0.,0.));
#10957 = DIRECTION('',(0.,0.,1.));
#10958 = ADVANCED_FACE('',(#10959,#10993,#10999,#11033,#11039,#11045,
    #11051,#11057,#11063,#11069,#11075,#11081,#11087),#11093,.T.);
#10959 = FACE_BOUND('',#10960,.T.);
#10960 = EDGE_LOOP('',(#10961,#10971,#10979,#10987));
#10961 = ORIENTED_EDGE('',*,*,#10962,.F.);
#10962 = EDGE_CURVE('',#10963,#10965,#10967,.T.);
#10963 = VERTEX_POINT('',#10964);
#10964 = CARTESIAN_POINT('',(13.527828,-0.59457,5.));
#10965 = VERTEX_POINT('',#10966);
#10966 = CARTESIAN_POINT('',(14.027828,-0.59457,5.));
#10967 = LINE('',#10968,#10969);
#10968 = CARTESIAN_POINT('',(22.,-0.59457,5.));
#10969 = VECTOR('',#10970,1.);
#10970 = DIRECTION('',(1.,0.,0.));
#10971 = ORIENTED_EDGE('',*,*,#10972,.T.);
#10972 = EDGE_CURVE('',#10963,#10973,#10975,.T.);
#10973 = VERTEX_POINT('',#10974);
#10974 = CARTESIAN_POINT('',(13.527828,-1.09457,5.));
#10975 = LINE('',#10976,#10977);
#10976 = CARTESIAN_POINT('',(13.527828,0.,5.));
#10977 = VECTOR('',#10978,1.);
#10978 = DIRECTION('',(0.,-1.,1.224606353822E-16));
#10979 = ORIENTED_EDGE('',*,*,#10980,.F.);
#10980 = EDGE_CURVE('',#10981,#10973,#10983,.T.);
#10981 = VERTEX_POINT('',#10982);
#10982 = CARTESIAN_POINT('',(14.027828,-1.09457,5.));
#10983 = LINE('',#10984,#10985);
#10984 = CARTESIAN_POINT('',(22.,-1.09457,5.));
#10985 = VECTOR('',#10986,1.);
#10986 = DIRECTION('',(-1.,0.,0.));
#10987 = ORIENTED_EDGE('',*,*,#10988,.F.);
#10988 = EDGE_CURVE('',#10965,#10981,#10989,.T.);
#10989 = LINE('',#10990,#10991);
#10990 = CARTESIAN_POINT('',(14.027828,0.,5.));
#10991 = VECTOR('',#10992,1.);
#10992 = DIRECTION('',(0.,-1.,1.224606353822E-16));
#10993 = FACE_BOUND('',#10994,.T.);
#10994 = EDGE_LOOP('',(#10995,#10996,#10997,#10998));
#10995 = ORIENTED_EDGE('',*,*,#5226,.F.);
#10996 = ORIENTED_EDGE('',*,*,#8932,.F.);
#10997 = ORIENTED_EDGE('',*,*,#8529,.T.);
#10998 = ORIENTED_EDGE('',*,*,#10946,.T.);
#10999 = FACE_BOUND('',#11000,.T.);
#11000 = EDGE_LOOP('',(#11001,#11011,#11019,#11027));
#11001 = ORIENTED_EDGE('',*,*,#11002,.F.);
#11002 = EDGE_CURVE('',#11003,#11005,#11007,.T.);
#11003 = VERTEX_POINT('',#11004);
#11004 = CARTESIAN_POINT('',(14.027828,0.90543,5.));
#11005 = VERTEX_POINT('',#11006);
#11006 = CARTESIAN_POINT('',(13.527828,0.90543,5.));
#11007 = LINE('',#11008,#11009);
#11008 = CARTESIAN_POINT('',(22.,0.90543,5.));
#11009 = VECTOR('',#11010,1.);
#11010 = DIRECTION('',(-1.,0.,0.));
#11011 = ORIENTED_EDGE('',*,*,#11012,.F.);
#11012 = EDGE_CURVE('',#11013,#11003,#11015,.T.);
#11013 = VERTEX_POINT('',#11014);
#11014 = CARTESIAN_POINT('',(14.027828,1.40543,5.));
#11015 = LINE('',#11016,#11017);
#11016 = CARTESIAN_POINT('',(14.027828,0.,5.));
#11017 = VECTOR('',#11018,1.);
#11018 = DIRECTION('',(0.,-1.,1.224606353822E-16));
#11019 = ORIENTED_EDGE('',*,*,#11020,.F.);
#11020 = EDGE_CURVE('',#11021,#11013,#11023,.T.);
#11021 = VERTEX_POINT('',#11022);
#11022 = CARTESIAN_POINT('',(13.527828,1.40543,5.));
#11023 = LINE('',#11024,#11025);
#11024 = CARTESIAN_POINT('',(22.,1.40543,5.));
#11025 = VECTOR('',#11026,1.);
#11026 = DIRECTION('',(1.,0.,0.));
#11027 = ORIENTED_EDGE('',*,*,#11028,.T.);
#11028 = EDGE_CURVE('',#11021,#11005,#11029,.T.);
#11029 = LINE('',#11030,#11031);
#11030 = CARTESIAN_POINT('',(13.527828,0.,5.));
#11031 = VECTOR('',#11032,1.);
#11032 = DIRECTION('',(0.,-1.,1.224606353822E-16));
#11033 = FACE_BOUND('',#11034,.T.);
#11034 = EDGE_LOOP('',(#11035,#11036,#11037,#11038));
#11035 = ORIENTED_EDGE('',*,*,#9017,.F.);
#11036 = ORIENTED_EDGE('',*,*,#9732,.T.);
#11037 = ORIENTED_EDGE('',*,*,#6763,.F.);
#11038 = ORIENTED_EDGE('',*,*,#5781,.F.);
#11039 = FACE_BOUND('',#11040,.T.);
#11040 = EDGE_LOOP('',(#11041,#11042,#11043,#11044));
#11041 = ORIENTED_EDGE('',*,*,#9364,.F.);
#11042 = ORIENTED_EDGE('',*,*,#3836,.T.);
#11043 = ORIENTED_EDGE('',*,*,#6508,.F.);
#11044 = ORIENTED_EDGE('',*,*,#6340,.F.);
#11045 = FACE_BOUND('',#11046,.T.);
#11046 = EDGE_LOOP('',(#11047,#11048,#11049,#11050));
#11047 = ORIENTED_EDGE('',*,*,#7352,.F.);
#11048 = ORIENTED_EDGE('',*,*,#7527,.F.);
#11049 = ORIENTED_EDGE('',*,*,#6713,.F.);
#11050 = ORIENTED_EDGE('',*,*,#6630,.T.);
#11051 = FACE_BOUND('',#11052,.T.);
#11052 = EDGE_LOOP('',(#11053,#11054,#11055,#11056));
#11053 = ORIENTED_EDGE('',*,*,#5858,.F.);
#11054 = ORIENTED_EDGE('',*,*,#7792,.T.);
#11055 = ORIENTED_EDGE('',*,*,#7311,.F.);
#11056 = ORIENTED_EDGE('',*,*,#5599,.F.);
#11057 = FACE_BOUND('',#11058,.T.);
#11058 = EDGE_LOOP('',(#11059,#11060,#11061,#11062));
#11059 = ORIENTED_EDGE('',*,*,#7205,.F.);
#11060 = ORIENTED_EDGE('',*,*,#9527,.F.);
#11061 = ORIENTED_EDGE('',*,*,#5457,.F.);
#11062 = ORIENTED_EDGE('',*,*,#6654,.T.);
#11063 = FACE_BOUND('',#11064,.T.);
#11064 = EDGE_LOOP('',(#11065,#11066,#11067,#11068));
#11065 = ORIENTED_EDGE('',*,*,#5272,.F.);
#11066 = ORIENTED_EDGE('',*,*,#5575,.F.);
#11067 = ORIENTED_EDGE('',*,*,#7923,.F.);
#11068 = ORIENTED_EDGE('',*,*,#7908,.T.);
#11069 = FACE_BOUND('',#11070,.T.);
#11070 = EDGE_LOOP('',(#11071,#11072,#11073,#11074));
#11071 = ORIENTED_EDGE('',*,*,#9468,.F.);
#11072 = ORIENTED_EDGE('',*,*,#3558,.T.);
#11073 = ORIENTED_EDGE('',*,*,#5910,.F.);
#11074 = ORIENTED_EDGE('',*,*,#6263,.F.);
#11075 = FACE_BOUND('',#11076,.T.);
#11076 = EDGE_LOOP('',(#11077,#11078,#11079,#11080));
#11077 = ORIENTED_EDGE('',*,*,#3662,.F.);
#11078 = ORIENTED_EDGE('',*,*,#5413,.T.);
#11079 = ORIENTED_EDGE('',*,*,#4572,.F.);
#11080 = ORIENTED_EDGE('',*,*,#7772,.F.);
#11081 = FACE_BOUND('',#11082,.T.);
#11082 = EDGE_LOOP('',(#11083,#11084,#11085,#11086));
#11083 = ORIENTED_EDGE('',*,*,#6935,.F.);
#11084 = ORIENTED_EDGE('',*,*,#6150,.T.);
#11085 = ORIENTED_EDGE('',*,*,#7977,.F.);
#11086 = ORIENTED_EDGE('',*,*,#3772,.F.);
#11087 = FACE_BOUND('',#11088,.T.);
#11088 = EDGE_LOOP('',(#11089,#11090,#11091,#11092));
#11089 = ORIENTED_EDGE('',*,*,#6867,.F.);
#11090 = ORIENTED_EDGE('',*,*,#9113,.T.);
#11091 = ORIENTED_EDGE('',*,*,#10237,.F.);
#11092 = ORIENTED_EDGE('',*,*,#10261,.F.);
#11093 = PLANE('',#11094);
#11094 = AXIS2_PLACEMENT_3D('',#11095,#11096,#11097);
#11095 = CARTESIAN_POINT('',(33.555656,4.457697232174E-16,5.));
#11096 = DIRECTION('',(0.,-1.224606353822E-16,-1.));
#11097 = DIRECTION('',(-1.,-0.,0.));
#11098 = ADVANCED_FACE('',(#11099),#11124,.T.);
#11099 = FACE_BOUND('',#11100,.T.);
#11100 = EDGE_LOOP('',(#11101,#11102,#11110,#11118));
#11101 = ORIENTED_EDGE('',*,*,#10980,.T.);
#11102 = ORIENTED_EDGE('',*,*,#11103,.F.);
#11103 = EDGE_CURVE('',#11104,#10973,#11106,.T.);
#11104 = VERTEX_POINT('',#11105);
#11105 = CARTESIAN_POINT('',(13.527828,-1.09457,2.4));
#11106 = LINE('',#11107,#11108);
#11107 = CARTESIAN_POINT('',(13.527828,-1.09457,4.150000000014));
#11108 = VECTOR('',#11109,1.);
#11109 = DIRECTION('',(0.,0.,1.));
#11110 = ORIENTED_EDGE('',*,*,#11111,.F.);
#11111 = EDGE_CURVE('',#11112,#11104,#11114,.T.);
#11112 = VERTEX_POINT('',#11113);
#11113 = CARTESIAN_POINT('',(14.027828,-1.09457,2.4));
#11114 = LINE('',#11115,#11116);
#11115 = CARTESIAN_POINT('',(13.92853557827,-1.09457,2.4));
#11116 = VECTOR('',#11117,1.);
#11117 = DIRECTION('',(-1.,0.,0.));
#11118 = ORIENTED_EDGE('',*,*,#11119,.T.);
#11119 = EDGE_CURVE('',#11112,#10981,#11120,.T.);
#11120 = LINE('',#11121,#11122);
#11121 = CARTESIAN_POINT('',(14.027828,-1.09457,5.));
#11122 = VECTOR('',#11123,1.);
#11123 = DIRECTION('',(0.,0.,1.));
#11124 = PLANE('',#11125);
#11125 = AXIS2_PLACEMENT_3D('',#11126,#11127,#11128);
#11126 = CARTESIAN_POINT('',(13.527828,-1.09457,7.));
#11127 = DIRECTION('',(0.,-1.,0.));
#11128 = DIRECTION('',(1.,0.,0.));
#11129 = ADVANCED_FACE('',(#11130),#11148,.T.);
#11130 = FACE_BOUND('',#11131,.T.);
#11131 = EDGE_LOOP('',(#11132,#11133,#11134,#11142));
#11132 = ORIENTED_EDGE('',*,*,#10988,.T.);
#11133 = ORIENTED_EDGE('',*,*,#11119,.F.);
#11134 = ORIENTED_EDGE('',*,*,#11135,.F.);
#11135 = EDGE_CURVE('',#11136,#11112,#11138,.T.);
#11136 = VERTEX_POINT('',#11137);
#11137 = CARTESIAN_POINT('',(14.027828,-0.59457,2.4));
#11138 = LINE('',#11139,#11140);
#11139 = CARTESIAN_POINT('',(14.027828,-0.191870202642,2.4));
#11140 = VECTOR('',#11141,1.);
#11141 = DIRECTION('',(0.,-1.,0.));
#11142 = ORIENTED_EDGE('',*,*,#11143,.F.);
#11143 = EDGE_CURVE('',#10965,#11136,#11144,.T.);
#11144 = LINE('',#11145,#11146);
#11145 = CARTESIAN_POINT('',(14.027828,-0.59457,7.434794375007));
#11146 = VECTOR('',#11147,1.);
#11147 = DIRECTION('',(0.,0.,-1.));
#11148 = PLANE('',#11149);
#11149 = AXIS2_PLACEMENT_3D('',#11150,#11151,#11152);
#11150 = CARTESIAN_POINT('',(14.027828,-1.09457,7.05));
#11151 = DIRECTION('',(1.,0.,0.));
#11152 = DIRECTION('',(-0.,1.,0.));
#11153 = ADVANCED_FACE('',(#11154),#11179,.T.);
#11154 = FACE_BOUND('',#11155,.T.);
#11155 = EDGE_LOOP('',(#11156,#11166,#11172,#11173));
#11156 = ORIENTED_EDGE('',*,*,#11157,.T.);
#11157 = EDGE_CURVE('',#11158,#11160,#11162,.T.);
#11158 = VERTEX_POINT('',#11159);
#11159 = CARTESIAN_POINT('',(13.927828,-0.99457,2.));
#11160 = VERTEX_POINT('',#11161);
#11161 = CARTESIAN_POINT('',(13.927828,-0.69457,2.));
#11162 = LINE('',#11163,#11164);
#11163 = CARTESIAN_POINT('',(13.927828,-0.191870202642,2.));
#11164 = VECTOR('',#11165,1.);
#11165 = DIRECTION('',(0.,1.,0.));
#11166 = ORIENTED_EDGE('',*,*,#11167,.T.);
#11167 = EDGE_CURVE('',#11160,#11136,#11168,.T.);
#11168 = LINE('',#11169,#11170);
#11169 = CARTESIAN_POINT('',(14.677828,5.543E-02,5.));
#11170 = VECTOR('',#11171,1.);
#11171 = DIRECTION('',(0.235702260396,0.235702260396,0.942809041582));
#11172 = ORIENTED_EDGE('',*,*,#11135,.T.);
#11173 = ORIENTED_EDGE('',*,*,#11174,.F.);
#11174 = EDGE_CURVE('',#11158,#11112,#11175,.T.);
#11175 = LINE('',#11176,#11177);
#11176 = CARTESIAN_POINT('',(14.677828,-1.74457,5.));
#11177 = VECTOR('',#11178,1.);
#11178 = DIRECTION('',(0.235702260396,-0.235702260396,0.942809041582));
#11179 = PLANE('',#11180);
#11180 = AXIS2_PLACEMENT_3D('',#11181,#11182,#11183);
#11181 = CARTESIAN_POINT('',(13.977828,-0.89457,2.2));
#11182 = DIRECTION('',(0.970142500145,0.,-0.242535625036));
#11183 = DIRECTION('',(0.242535625036,0.,0.970142500145));
#11184 = ADVANCED_FACE('',(#11185),#11210,.T.);
#11185 = FACE_BOUND('',#11186,.T.);
#11186 = EDGE_LOOP('',(#11187,#11195,#11203,#11209));
#11187 = ORIENTED_EDGE('',*,*,#11188,.F.);
#11188 = EDGE_CURVE('',#11189,#11158,#11191,.T.);
#11189 = VERTEX_POINT('',#11190);
#11190 = CARTESIAN_POINT('',(13.627828,-0.99457,2.));
#11191 = LINE('',#11192,#11193);
#11192 = CARTESIAN_POINT('',(13.92853557827,-0.99457,2.));
#11193 = VECTOR('',#11194,1.);
#11194 = DIRECTION('',(1.,0.,0.));
#11195 = ORIENTED_EDGE('',*,*,#11196,.F.);
#11196 = EDGE_CURVE('',#11197,#11189,#11199,.T.);
#11197 = VERTEX_POINT('',#11198);
#11198 = CARTESIAN_POINT('',(13.627828,-0.69457,2.));
#11199 = LINE('',#11200,#11201);
#11200 = CARTESIAN_POINT('',(13.627828,-0.191870202642,2.));
#11201 = VECTOR('',#11202,1.);
#11202 = DIRECTION('',(0.,-1.,0.));
#11203 = ORIENTED_EDGE('',*,*,#11204,.F.);
#11204 = EDGE_CURVE('',#11160,#11197,#11205,.T.);
#11205 = LINE('',#11206,#11207);
#11206 = CARTESIAN_POINT('',(13.92853557827,-0.69457,2.));
#11207 = VECTOR('',#11208,1.);
#11208 = DIRECTION('',(-1.,0.,0.));
#11209 = ORIENTED_EDGE('',*,*,#11157,.F.);
#11210 = PLANE('',#11211);
#11211 = AXIS2_PLACEMENT_3D('',#11212,#11213,#11214);
#11212 = CARTESIAN_POINT('',(13.92853557827,-0.191870202642,2.));
#11213 = DIRECTION('',(0.,0.,-1.));
#11214 = DIRECTION('',(-1.,0.,0.));
#11215 = ADVANCED_FACE('',(#11216),#11239,.T.);
#11216 = FACE_BOUND('',#11217,.T.);
#11217 = EDGE_LOOP('',(#11218,#11219,#11225,#11233));
#11218 = ORIENTED_EDGE('',*,*,#11196,.T.);
#11219 = ORIENTED_EDGE('',*,*,#11220,.F.);
#11220 = EDGE_CURVE('',#11104,#11189,#11221,.T.);
#11221 = LINE('',#11222,#11223);
#11222 = CARTESIAN_POINT('',(12.877828,-1.74457,5.));
#11223 = VECTOR('',#11224,1.);
#11224 = DIRECTION('',(0.235702260396,0.235702260396,-0.942809041582));
#11225 = ORIENTED_EDGE('',*,*,#11226,.F.);
#11226 = EDGE_CURVE('',#11227,#11104,#11229,.T.);
#11227 = VERTEX_POINT('',#11228);
#11228 = CARTESIAN_POINT('',(13.527828,-0.59457,2.4));
#11229 = LINE('',#11230,#11231);
#11230 = CARTESIAN_POINT('',(13.527828,-0.191870202642,2.4));
#11231 = VECTOR('',#11232,1.);
#11232 = DIRECTION('',(0.,-1.,0.));
#11233 = ORIENTED_EDGE('',*,*,#11234,.T.);
#11234 = EDGE_CURVE('',#11227,#11197,#11235,.T.);
#11235 = LINE('',#11236,#11237);
#11236 = CARTESIAN_POINT('',(12.877828,5.543E-02,5.));
#11237 = VECTOR('',#11238,1.);
#11238 = DIRECTION('',(0.235702260396,-0.235702260396,-0.942809041582));
#11239 = PLANE('',#11240);
#11240 = AXIS2_PLACEMENT_3D('',#11241,#11242,#11243);
#11241 = CARTESIAN_POINT('',(13.577828,-0.89457,2.2));
#11242 = DIRECTION('',(-0.970142500145,0.,-0.242535625036));
#11243 = DIRECTION('',(-0.242535625036,0.,0.970142500145));
#11244 = ADVANCED_FACE('',(#11245),#11256,.T.);
#11245 = FACE_BOUND('',#11246,.T.);
#11246 = EDGE_LOOP('',(#11247,#11248,#11249,#11255));
#11247 = ORIENTED_EDGE('',*,*,#11204,.T.);
#11248 = ORIENTED_EDGE('',*,*,#11234,.F.);
#11249 = ORIENTED_EDGE('',*,*,#11250,.T.);
#11250 = EDGE_CURVE('',#11227,#11136,#11251,.T.);
#11251 = LINE('',#11252,#11253);
#11252 = CARTESIAN_POINT('',(13.92853557827,-0.59457,2.4));
#11253 = VECTOR('',#11254,1.);
#11254 = DIRECTION('',(1.,0.,0.));
#11255 = ORIENTED_EDGE('',*,*,#11167,.F.);
#11256 = PLANE('',#11257);
#11257 = AXIS2_PLACEMENT_3D('',#11258,#11259,#11260);
#11258 = CARTESIAN_POINT('',(13.777828,-0.64457,2.2));
#11259 = DIRECTION('',(0.,0.970142500145,-0.242535625036));
#11260 = DIRECTION('',(0.,0.242535625036,0.970142500145));
#11261 = ADVANCED_FACE('',(#11262),#11273,.T.);
#11262 = FACE_BOUND('',#11263,.T.);
#11263 = EDGE_LOOP('',(#11264,#11270,#11271,#11272));
#11264 = ORIENTED_EDGE('',*,*,#11265,.F.);
#11265 = EDGE_CURVE('',#10963,#11227,#11266,.T.);
#11266 = LINE('',#11267,#11268);
#11267 = CARTESIAN_POINT('',(13.527828,-0.59457,7.05));
#11268 = VECTOR('',#11269,1.);
#11269 = DIRECTION('',(0.,0.,-1.));
#11270 = ORIENTED_EDGE('',*,*,#10962,.T.);
#11271 = ORIENTED_EDGE('',*,*,#11143,.T.);
#11272 = ORIENTED_EDGE('',*,*,#11250,.F.);
#11273 = PLANE('',#11274);
#11274 = AXIS2_PLACEMENT_3D('',#11275,#11276,#11277);
#11275 = CARTESIAN_POINT('',(13.527828,-0.59457,7.));
#11276 = DIRECTION('',(0.,1.,0.));
#11277 = DIRECTION('',(1.,0.,0.));
#11278 = ADVANCED_FACE('',(#11279),#11285,.F.);
#11279 = FACE_BOUND('',#11280,.T.);
#11280 = EDGE_LOOP('',(#11281,#11282,#11283,#11284));
#11281 = ORIENTED_EDGE('',*,*,#11265,.T.);
#11282 = ORIENTED_EDGE('',*,*,#11226,.T.);
#11283 = ORIENTED_EDGE('',*,*,#11103,.T.);
#11284 = ORIENTED_EDGE('',*,*,#10972,.F.);
#11285 = PLANE('',#11286);
#11286 = AXIS2_PLACEMENT_3D('',#11287,#11288,#11289);
#11287 = CARTESIAN_POINT('',(13.527828,-3.29457,7.65));
#11288 = DIRECTION('',(1.,0.,0.));
#11289 = DIRECTION('',(0.,0.,1.));
#11290 = ADVANCED_FACE('',(#11291),#11297,.T.);
#11291 = FACE_BOUND('',#11292,.T.);
#11292 = EDGE_LOOP('',(#11293,#11294,#11295,#11296));
#11293 = ORIENTED_EDGE('',*,*,#11188,.T.);
#11294 = ORIENTED_EDGE('',*,*,#11174,.T.);
#11295 = ORIENTED_EDGE('',*,*,#11111,.T.);
#11296 = ORIENTED_EDGE('',*,*,#11220,.T.);
#11297 = PLANE('',#11298);
#11298 = AXIS2_PLACEMENT_3D('',#11299,#11300,#11301);
#11299 = CARTESIAN_POINT('',(13.777828,-1.04457,2.2));
#11300 = DIRECTION('',(0.,-0.970142500145,-0.242535625036));
#11301 = DIRECTION('',(0.,-0.242535625036,0.970142500145));
#11302 = ADVANCED_FACE('',(#11303),#11328,.T.);
#11303 = FACE_BOUND('',#11304,.T.);
#11304 = EDGE_LOOP('',(#11305,#11306,#11314,#11322));
#11305 = ORIENTED_EDGE('',*,*,#11002,.T.);
#11306 = ORIENTED_EDGE('',*,*,#11307,.F.);
#11307 = EDGE_CURVE('',#11308,#11005,#11310,.T.);
#11308 = VERTEX_POINT('',#11309);
#11309 = CARTESIAN_POINT('',(13.527828,0.90543,2.4));
#11310 = LINE('',#11311,#11312);
#11311 = CARTESIAN_POINT('',(13.527828,0.90543,4.150000000014));
#11312 = VECTOR('',#11313,1.);
#11313 = DIRECTION('',(0.,0.,1.));
#11314 = ORIENTED_EDGE('',*,*,#11315,.F.);
#11315 = EDGE_CURVE('',#11316,#11308,#11318,.T.);
#11316 = VERTEX_POINT('',#11317);
#11317 = CARTESIAN_POINT('',(14.027828,0.90543,2.4));
#11318 = LINE('',#11319,#11320);
#11319 = CARTESIAN_POINT('',(13.92853557827,0.90543,2.4));
#11320 = VECTOR('',#11321,1.);
#11321 = DIRECTION('',(-1.,0.,0.));
#11322 = ORIENTED_EDGE('',*,*,#11323,.T.);
#11323 = EDGE_CURVE('',#11316,#11003,#11324,.T.);
#11324 = LINE('',#11325,#11326);
#11325 = CARTESIAN_POINT('',(14.027828,0.90543,5.));
#11326 = VECTOR('',#11327,1.);
#11327 = DIRECTION('',(0.,0.,1.));
#11328 = PLANE('',#11329);
#11329 = AXIS2_PLACEMENT_3D('',#11330,#11331,#11332);
#11330 = CARTESIAN_POINT('',(13.527828,0.90543,7.));
#11331 = DIRECTION('',(0.,-1.,0.));
#11332 = DIRECTION('',(1.,0.,0.));
#11333 = ADVANCED_FACE('',(#11334),#11368,.T.);
#11334 = FACE_BOUND('',#11335,.T.);
#11335 = EDGE_LOOP('',(#11336,#11346,#11354,#11362));
#11336 = ORIENTED_EDGE('',*,*,#11337,.F.);
#11337 = EDGE_CURVE('',#11338,#11340,#11342,.T.);
#11338 = VERTEX_POINT('',#11339);
#11339 = CARTESIAN_POINT('',(13.627828,1.00543,2.));
#11340 = VERTEX_POINT('',#11341);
#11341 = CARTESIAN_POINT('',(13.927828,1.00543,2.));
#11342 = LINE('',#11343,#11344);
#11343 = CARTESIAN_POINT('',(13.92853557827,1.00543,2.));
#11344 = VECTOR('',#11345,1.);
#11345 = DIRECTION('',(1.,0.,0.));
#11346 = ORIENTED_EDGE('',*,*,#11347,.F.);
#11347 = EDGE_CURVE('',#11348,#11338,#11350,.T.);
#11348 = VERTEX_POINT('',#11349);
#11349 = CARTESIAN_POINT('',(13.627828,1.30543,2.));
#11350 = LINE('',#11351,#11352);
#11351 = CARTESIAN_POINT('',(13.627828,1.808129797358,2.));
#11352 = VECTOR('',#11353,1.);
#11353 = DIRECTION('',(0.,-1.,0.));
#11354 = ORIENTED_EDGE('',*,*,#11355,.F.);
#11355 = EDGE_CURVE('',#11356,#11348,#11358,.T.);
#11356 = VERTEX_POINT('',#11357);
#11357 = CARTESIAN_POINT('',(13.927828,1.30543,2.));
#11358 = LINE('',#11359,#11360);
#11359 = CARTESIAN_POINT('',(13.92853557827,1.30543,2.));
#11360 = VECTOR('',#11361,1.);
#11361 = DIRECTION('',(-1.,0.,0.));
#11362 = ORIENTED_EDGE('',*,*,#11363,.F.);
#11363 = EDGE_CURVE('',#11340,#11356,#11364,.T.);
#11364 = LINE('',#11365,#11366);
#11365 = CARTESIAN_POINT('',(13.927828,1.808129797358,2.));
#11366 = VECTOR('',#11367,1.);
#11367 = DIRECTION('',(0.,1.,0.));
#11368 = PLANE('',#11369);
#11369 = AXIS2_PLACEMENT_3D('',#11370,#11371,#11372);
#11370 = CARTESIAN_POINT('',(13.92853557827,1.808129797358,2.));
#11371 = DIRECTION('',(0.,0.,-1.));
#11372 = DIRECTION('',(-1.,0.,0.));
#11373 = ADVANCED_FACE('',(#11374),#11397,.T.);
#11374 = FACE_BOUND('',#11375,.T.);
#11375 = EDGE_LOOP('',(#11376,#11377,#11385,#11391));
#11376 = ORIENTED_EDGE('',*,*,#11363,.T.);
#11377 = ORIENTED_EDGE('',*,*,#11378,.T.);
#11378 = EDGE_CURVE('',#11356,#11379,#11381,.T.);
#11379 = VERTEX_POINT('',#11380);
#11380 = CARTESIAN_POINT('',(14.027828,1.40543,2.4));
#11381 = LINE('',#11382,#11383);
#11382 = CARTESIAN_POINT('',(14.677828,2.05543,5.));
#11383 = VECTOR('',#11384,1.);
#11384 = DIRECTION('',(0.235702260396,0.235702260396,0.942809041582));
#11385 = ORIENTED_EDGE('',*,*,#11386,.T.);
#11386 = EDGE_CURVE('',#11379,#11316,#11387,.T.);
#11387 = LINE('',#11388,#11389);
#11388 = CARTESIAN_POINT('',(14.027828,1.808129797358,2.4));
#11389 = VECTOR('',#11390,1.);
#11390 = DIRECTION('',(0.,-1.,0.));
#11391 = ORIENTED_EDGE('',*,*,#11392,.F.);
#11392 = EDGE_CURVE('',#11340,#11316,#11393,.T.);
#11393 = LINE('',#11394,#11395);
#11394 = CARTESIAN_POINT('',(14.677828,0.25543,5.));
#11395 = VECTOR('',#11396,1.);
#11396 = DIRECTION('',(0.235702260396,-0.235702260396,0.942809041582));
#11397 = PLANE('',#11398);
#11398 = AXIS2_PLACEMENT_3D('',#11399,#11400,#11401);
#11399 = CARTESIAN_POINT('',(13.977828,1.10543,2.2));
#11400 = DIRECTION('',(0.970142500145,0.,-0.242535625036));
#11401 = DIRECTION('',(0.242535625036,0.,0.970142500145));
#11402 = ADVANCED_FACE('',(#11403),#11421,.T.);
#11403 = FACE_BOUND('',#11404,.T.);
#11404 = EDGE_LOOP('',(#11405,#11406,#11414,#11420));
#11405 = ORIENTED_EDGE('',*,*,#11355,.T.);
#11406 = ORIENTED_EDGE('',*,*,#11407,.F.);
#11407 = EDGE_CURVE('',#11408,#11348,#11410,.T.);
#11408 = VERTEX_POINT('',#11409);
#11409 = CARTESIAN_POINT('',(13.527828,1.40543,2.4));
#11410 = LINE('',#11411,#11412);
#11411 = CARTESIAN_POINT('',(12.877828,2.05543,5.));
#11412 = VECTOR('',#11413,1.);
#11413 = DIRECTION('',(0.235702260396,-0.235702260396,-0.942809041582));
#11414 = ORIENTED_EDGE('',*,*,#11415,.T.);
#11415 = EDGE_CURVE('',#11408,#11379,#11416,.T.);
#11416 = LINE('',#11417,#11418);
#11417 = CARTESIAN_POINT('',(13.92853557827,1.40543,2.4));
#11418 = VECTOR('',#11419,1.);
#11419 = DIRECTION('',(1.,0.,0.));
#11420 = ORIENTED_EDGE('',*,*,#11378,.F.);
#11421 = PLANE('',#11422);
#11422 = AXIS2_PLACEMENT_3D('',#11423,#11424,#11425);
#11423 = CARTESIAN_POINT('',(13.777828,1.35543,2.2));
#11424 = DIRECTION('',(0.,0.970142500145,-0.242535625036));
#11425 = DIRECTION('',(0.,0.242535625036,0.970142500145));
#11426 = ADVANCED_FACE('',(#11427),#11443,.T.);
#11427 = FACE_BOUND('',#11428,.T.);
#11428 = EDGE_LOOP('',(#11429,#11435,#11436,#11442));
#11429 = ORIENTED_EDGE('',*,*,#11430,.F.);
#11430 = EDGE_CURVE('',#11021,#11408,#11431,.T.);
#11431 = LINE('',#11432,#11433);
#11432 = CARTESIAN_POINT('',(13.527828,1.40543,7.05));
#11433 = VECTOR('',#11434,1.);
#11434 = DIRECTION('',(0.,0.,-1.));
#11435 = ORIENTED_EDGE('',*,*,#11020,.T.);
#11436 = ORIENTED_EDGE('',*,*,#11437,.T.);
#11437 = EDGE_CURVE('',#11013,#11379,#11438,.T.);
#11438 = LINE('',#11439,#11440);
#11439 = CARTESIAN_POINT('',(14.027828,1.40543,7.434794375007));
#11440 = VECTOR('',#11441,1.);
#11441 = DIRECTION('',(0.,0.,-1.));
#11442 = ORIENTED_EDGE('',*,*,#11415,.F.);
#11443 = PLANE('',#11444);
#11444 = AXIS2_PLACEMENT_3D('',#11445,#11446,#11447);
#11445 = CARTESIAN_POINT('',(13.527828,1.40543,7.));
#11446 = DIRECTION('',(0.,1.,0.));
#11447 = DIRECTION('',(1.,0.,0.));
#11448 = ADVANCED_FACE('',(#11449),#11460,.F.);
#11449 = FACE_BOUND('',#11450,.T.);
#11450 = EDGE_LOOP('',(#11451,#11452,#11458,#11459));
#11451 = ORIENTED_EDGE('',*,*,#11430,.T.);
#11452 = ORIENTED_EDGE('',*,*,#11453,.T.);
#11453 = EDGE_CURVE('',#11408,#11308,#11454,.T.);
#11454 = LINE('',#11455,#11456);
#11455 = CARTESIAN_POINT('',(13.527828,1.808129797358,2.4));
#11456 = VECTOR('',#11457,1.);
#11457 = DIRECTION('',(0.,-1.,0.));
#11458 = ORIENTED_EDGE('',*,*,#11307,.T.);
#11459 = ORIENTED_EDGE('',*,*,#11028,.F.);
#11460 = PLANE('',#11461);
#11461 = AXIS2_PLACEMENT_3D('',#11462,#11463,#11464);
#11462 = CARTESIAN_POINT('',(13.527828,-1.29457,7.65));
#11463 = DIRECTION('',(1.,0.,0.));
#11464 = DIRECTION('',(0.,0.,1.));
#11465 = ADVANCED_FACE('',(#11466),#11477,.T.);
#11466 = FACE_BOUND('',#11467,.T.);
#11467 = EDGE_LOOP('',(#11468,#11469,#11475,#11476));
#11468 = ORIENTED_EDGE('',*,*,#11347,.T.);
#11469 = ORIENTED_EDGE('',*,*,#11470,.F.);
#11470 = EDGE_CURVE('',#11308,#11338,#11471,.T.);
#11471 = LINE('',#11472,#11473);
#11472 = CARTESIAN_POINT('',(12.877828,0.25543,5.));
#11473 = VECTOR('',#11474,1.);
#11474 = DIRECTION('',(0.235702260396,0.235702260396,-0.942809041582));
#11475 = ORIENTED_EDGE('',*,*,#11453,.F.);
#11476 = ORIENTED_EDGE('',*,*,#11407,.T.);
#11477 = PLANE('',#11478);
#11478 = AXIS2_PLACEMENT_3D('',#11479,#11480,#11481);
#11479 = CARTESIAN_POINT('',(13.577828,1.10543,2.2));
#11480 = DIRECTION('',(-0.970142500145,0.,-0.242535625036));
#11481 = DIRECTION('',(-0.242535625036,0.,0.970142500145));
#11482 = ADVANCED_FACE('',(#11483),#11489,.T.);
#11483 = FACE_BOUND('',#11484,.T.);
#11484 = EDGE_LOOP('',(#11485,#11486,#11487,#11488));
#11485 = ORIENTED_EDGE('',*,*,#11012,.T.);
#11486 = ORIENTED_EDGE('',*,*,#11323,.F.);
#11487 = ORIENTED_EDGE('',*,*,#11386,.F.);
#11488 = ORIENTED_EDGE('',*,*,#11437,.F.);
#11489 = PLANE('',#11490);
#11490 = AXIS2_PLACEMENT_3D('',#11491,#11492,#11493);
#11491 = CARTESIAN_POINT('',(14.027828,0.90543,7.05));
#11492 = DIRECTION('',(1.,0.,0.));
#11493 = DIRECTION('',(-0.,1.,0.));
#11494 = ADVANCED_FACE('',(#11495),#11501,.T.);
#11495 = FACE_BOUND('',#11496,.T.);
#11496 = EDGE_LOOP('',(#11497,#11498,#11499,#11500));
#11497 = ORIENTED_EDGE('',*,*,#11337,.T.);
#11498 = ORIENTED_EDGE('',*,*,#11392,.T.);
#11499 = ORIENTED_EDGE('',*,*,#11315,.T.);
#11500 = ORIENTED_EDGE('',*,*,#11470,.T.);
#11501 = PLANE('',#11502);
#11502 = AXIS2_PLACEMENT_3D('',#11503,#11504,#11505);
#11503 = CARTESIAN_POINT('',(13.777828,0.95543,2.2));
#11504 = DIRECTION('',(0.,-0.970142500145,-0.242535625036));
#11505 = DIRECTION('',(0.,-0.242535625036,0.970142500145));
#11506 = ADVANCED_FACE('',(#11507),#11513,.F.);
#11507 = FACE_BOUND('',#11508,.T.);
#11508 = EDGE_LOOP('',(#11509,#11510,#11511,#11512));
#11509 = ORIENTED_EDGE('',*,*,#10890,.T.);
#11510 = ORIENTED_EDGE('',*,*,#10859,.F.);
#11511 = ORIENTED_EDGE('',*,*,#9975,.F.);
#11512 = ORIENTED_EDGE('',*,*,#6982,.T.);
#11513 = PLANE('',#11514);
#11514 = AXIS2_PLACEMENT_3D('',#11515,#11516,#11517);
#11515 = CARTESIAN_POINT('',(8.1298256,2.05543,6.6));
#11516 = DIRECTION('',(0.,0.,-1.));
#11517 = DIRECTION('',(0.,-1.,0.));
#11518 = ADVANCED_FACE('',(#11519),#11530,.F.);
#11519 = FACE_BOUND('',#11520,.T.);
#11520 = EDGE_LOOP('',(#11521,#11522,#11523,#11529));
#11521 = ORIENTED_EDGE('',*,*,#5208,.F.);
#11522 = ORIENTED_EDGE('',*,*,#10939,.T.);
#11523 = ORIENTED_EDGE('',*,*,#11524,.F.);
#11524 = EDGE_CURVE('',#8940,#10932,#11525,.T.);
#11525 = LINE('',#11526,#11527);
#11526 = CARTESIAN_POINT('',(14.777828,2.65543,1.95));
#11527 = VECTOR('',#11528,1.);
#11528 = DIRECTION('',(-1.,0.,0.));
#11529 = ORIENTED_EDGE('',*,*,#8939,.F.);
#11530 = PLANE('',#11531);
#11531 = AXIS2_PLACEMENT_3D('',#11532,#11533,#11534);
#11532 = CARTESIAN_POINT('',(47.077828,2.40543,1.95));
#11533 = DIRECTION('',(0.,-2.838134096952E-15,1.));
#11534 = DIRECTION('',(0.,-1.,-2.838134096952E-15));
#11535 = ADVANCED_FACE('',(#11536),#11573,.T.);
#11536 = FACE_BOUND('',#11537,.T.);
#11537 = EDGE_LOOP('',(#11538,#11544,#11545,#11546,#11554,#11562,#11568,
    #11569,#11570,#11571,#11572));
#11538 = ORIENTED_EDGE('',*,*,#11539,.F.);
#11539 = EDGE_CURVE('',#7119,#10821,#11540,.T.);
#11540 = LINE('',#11541,#11542);
#11541 = CARTESIAN_POINT('',(11.777828,0.,6.6));
#11542 = VECTOR('',#11543,1.);
#11543 = DIRECTION('',(0.,-1.,0.));
#11544 = ORIENTED_EDGE('',*,*,#7118,.T.);
#11545 = ORIENTED_EDGE('',*,*,#7879,.T.);
#11546 = ORIENTED_EDGE('',*,*,#11547,.T.);
#11547 = EDGE_CURVE('',#7872,#11548,#11550,.T.);
#11548 = VERTEX_POINT('',#11549);
#11549 = CARTESIAN_POINT('',(11.777828,2.65543,3.251856450131E-16));
#11550 = LINE('',#11551,#11552);
#11551 = CARTESIAN_POINT('',(11.777828,2.65543,3.251856450131E-16));
#11552 = VECTOR('',#11553,1.);
#11553 = DIRECTION('',(0.,1.224606353822E-16,-1.));
#11554 = ORIENTED_EDGE('',*,*,#11555,.T.);
#11555 = EDGE_CURVE('',#11548,#11556,#11558,.T.);
#11556 = VERTEX_POINT('',#11557);
#11557 = CARTESIAN_POINT('',(11.777828,5.543E-02,1.110223024625E-16));
#11558 = LINE('',#11559,#11560);
#11559 = CARTESIAN_POINT('',(11.777828,7.216449660064E-16,0.));
#11560 = VECTOR('',#11561,1.);
#11561 = DIRECTION('',(0.,-1.,-1.224606353822E-16));
#11562 = ORIENTED_EDGE('',*,*,#11563,.F.);
#11563 = EDGE_CURVE('',#10588,#11556,#11564,.T.);
#11564 = LINE('',#11565,#11566);
#11565 = CARTESIAN_POINT('',(11.777828,5.543E-02,0.3));
#11566 = VECTOR('',#11567,1.);
#11567 = DIRECTION('',(0.,-3.700743415417E-16,-1.));
#11568 = ORIENTED_EDGE('',*,*,#10595,.T.);
#11569 = ORIENTED_EDGE('',*,*,#10460,.F.);
#11570 = ORIENTED_EDGE('',*,*,#10375,.T.);
#11571 = ORIENTED_EDGE('',*,*,#10352,.T.);
#11572 = ORIENTED_EDGE('',*,*,#10828,.F.);
#11573 = PLANE('',#11574);
#11574 = AXIS2_PLACEMENT_3D('',#11575,#11576,#11577);
#11575 = CARTESIAN_POINT('',(11.777828,0.456227596154,8.912421196228));
#11576 = DIRECTION('',(-1.,0.,0.));
#11577 = DIRECTION('',(0.,-1.,0.));
#11578 = ADVANCED_FACE('',(#11579),#11590,.T.);
#11579 = FACE_BOUND('',#11580,.T.);
#11580 = EDGE_LOOP('',(#11581,#11587,#11588,#11589));
#11581 = ORIENTED_EDGE('',*,*,#11582,.T.);
#11582 = EDGE_CURVE('',#11556,#10916,#11583,.T.);
#11583 = LINE('',#11584,#11585);
#11584 = CARTESIAN_POINT('',(11.777828,5.543E-02,1.110223024625E-16));
#11585 = VECTOR('',#11586,1.);
#11586 = DIRECTION('',(1.,0.,0.));
#11587 = ORIENTED_EDGE('',*,*,#10915,.T.);
#11588 = ORIENTED_EDGE('',*,*,#10587,.F.);
#11589 = ORIENTED_EDGE('',*,*,#11563,.T.);
#11590 = PLANE('',#11591);
#11591 = AXIS2_PLACEMENT_3D('',#11592,#11593,#11594);
#11592 = CARTESIAN_POINT('',(11.777828,5.543E-02,1.110223024625E-16));
#11593 = DIRECTION('',(0.,-1.,3.700743415417E-16));
#11594 = DIRECTION('',(0.,-3.700743415417E-16,-1.));
#11595 = ADVANCED_FACE('',(#11596),#11607,.T.);
#11596 = FACE_BOUND('',#11597,.T.);
#11597 = EDGE_LOOP('',(#11598,#11599,#11600,#11601));
#11598 = ORIENTED_EDGE('',*,*,#10923,.T.);
#11599 = ORIENTED_EDGE('',*,*,#11582,.F.);
#11600 = ORIENTED_EDGE('',*,*,#11555,.F.);
#11601 = ORIENTED_EDGE('',*,*,#11602,.F.);
#11602 = EDGE_CURVE('',#10924,#11548,#11603,.T.);
#11603 = LINE('',#11604,#11605);
#11604 = CARTESIAN_POINT('',(15.555656,2.65543,3.251856450131E-16));
#11605 = VECTOR('',#11606,1.);
#11606 = DIRECTION('',(-1.,0.,0.));
#11607 = PLANE('',#11608);
#11608 = AXIS2_PLACEMENT_3D('',#11609,#11610,#11611);
#11609 = CARTESIAN_POINT('',(11.777828,0.35543,0.));
#11610 = DIRECTION('',(0.,-3.700743415417E-16,-1.));
#11611 = DIRECTION('',(0.,1.,-3.700743415417E-16));
#11612 = ADVANCED_FACE('',(#11613),#11623,.T.);
#11613 = FACE_BOUND('',#11614,.T.);
#11614 = EDGE_LOOP('',(#11615,#11616,#11617,#11618,#11619,#11620,#11621,
    #11622));
#11615 = ORIENTED_EDGE('',*,*,#11524,.T.);
#11616 = ORIENTED_EDGE('',*,*,#10931,.T.);
#11617 = ORIENTED_EDGE('',*,*,#11602,.T.);
#11618 = ORIENTED_EDGE('',*,*,#11547,.F.);
#11619 = ORIENTED_EDGE('',*,*,#7871,.T.);
#11620 = ORIENTED_EDGE('',*,*,#8627,.T.);
#11621 = ORIENTED_EDGE('',*,*,#8906,.F.);
#11622 = ORIENTED_EDGE('',*,*,#8947,.F.);
#11623 = PLANE('',#11624);
#11624 = AXIS2_PLACEMENT_3D('',#11625,#11626,#11627);
#11625 = CARTESIAN_POINT('',(46.334960830169,2.65543,2.528775487929));
#11626 = DIRECTION('',(0.,1.,1.224606353822E-16));
#11627 = DIRECTION('',(-1.,0.,0.));
#11628 = ADVANCED_FACE('',(#11629),#11640,.T.);
#11629 = FACE_BOUND('',#11630,.T.);
#11630 = EDGE_LOOP('',(#11631,#11637,#11638,#11639));
#11631 = ORIENTED_EDGE('',*,*,#11632,.T.);
#11632 = EDGE_CURVE('',#9777,#7995,#11633,.T.);
#11633 = LINE('',#11634,#11635);
#11634 = CARTESIAN_POINT('',(22.,1.40543,6.45));
#11635 = VECTOR('',#11636,1.);
#11636 = DIRECTION('',(-1.,0.,0.));
#11637 = ORIENTED_EDGE('',*,*,#8004,.F.);
#11638 = ORIENTED_EDGE('',*,*,#10127,.T.);
#11639 = ORIENTED_EDGE('',*,*,#9784,.T.);
#11640 = PLANE('',#11641);
#11641 = AXIS2_PLACEMENT_3D('',#11642,#11643,#11644);
#11642 = CARTESIAN_POINT('',(13.527828,1.40543,7.));
#11643 = DIRECTION('',(0.,1.,0.));
#11644 = DIRECTION('',(1.,0.,0.));
#11645 = ADVANCED_FACE('',(#11646),#11652,.F.);
#11646 = FACE_BOUND('',#11647,.T.);
#11647 = EDGE_LOOP('',(#11648,#11649,#11650,#11651));
#11648 = ORIENTED_EDGE('',*,*,#10722,.T.);
#11649 = ORIENTED_EDGE('',*,*,#7126,.F.);
#11650 = ORIENTED_EDGE('',*,*,#11539,.T.);
#11651 = ORIENTED_EDGE('',*,*,#10820,.T.);
#11652 = PLANE('',#11653);
#11653 = AXIS2_PLACEMENT_3D('',#11654,#11655,#11656);
#11654 = CARTESIAN_POINT('',(8.1298256,2.05543,6.6));
#11655 = DIRECTION('',(0.,0.,-1.));
#11656 = DIRECTION('',(0.,-1.,0.));
#11657 = ADVANCED_FACE('',(#11658,#11704,#11729,#11735,#11741,#11747,
    #11753,#11759,#11765,#11771,#11777,#11783,#11789),#11795,.T.);
#11658 = FACE_BOUND('',#11659,.T.);
#11659 = EDGE_LOOP('',(#11660,#11661,#11662,#11663,#11664,#11665,#11666,
    #11667,#11668,#11669,#11670,#11671,#11672,#11673,#11674,#11675,
    #11676,#11677,#11678,#11679,#11680,#11681,#11682,#11683,#11684,
    #11685,#11686,#11687,#11688,#11689,#11690,#11691,#11692,#11693,
    #11694,#11695,#11696,#11697,#11698,#11699,#11700,#11701,#11702,
    #11703));
#11660 = ORIENTED_EDGE('',*,*,#10875,.T.);
#11661 = ORIENTED_EDGE('',*,*,#10897,.F.);
#11662 = ORIENTED_EDGE('',*,*,#7142,.F.);
#11663 = ORIENTED_EDGE('',*,*,#10738,.T.);
#11664 = ORIENTED_EDGE('',*,*,#10813,.T.);
#11665 = ORIENTED_EDGE('',*,*,#10842,.T.);
#11666 = ORIENTED_EDGE('',*,*,#10698,.T.);
#11667 = ORIENTED_EDGE('',*,*,#3622,.F.);
#11668 = ORIENTED_EDGE('',*,*,#10797,.F.);
#11669 = ORIENTED_EDGE('',*,*,#4620,.F.);
#11670 = ORIENTED_EDGE('',*,*,#8592,.F.);
#11671 = ORIENTED_EDGE('',*,*,#8829,.F.);
#11672 = ORIENTED_EDGE('',*,*,#10788,.F.);
#11673 = ORIENTED_EDGE('',*,*,#7418,.T.);
#11674 = ORIENTED_EDGE('',*,*,#9058,.F.);
#11675 = ORIENTED_EDGE('',*,*,#8983,.F.);
#11676 = ORIENTED_EDGE('',*,*,#10779,.F.);
#11677 = ORIENTED_EDGE('',*,*,#7737,.F.);
#11678 = ORIENTED_EDGE('',*,*,#5078,.F.);
#11679 = ORIENTED_EDGE('',*,*,#7297,.F.);
#11680 = ORIENTED_EDGE('',*,*,#10770,.F.);
#11681 = ORIENTED_EDGE('',*,*,#7562,.T.);
#11682 = ORIENTED_EDGE('',*,*,#9714,.F.);
#11683 = ORIENTED_EDGE('',*,*,#9652,.F.);
#11684 = ORIENTED_EDGE('',*,*,#10761,.F.);
#11685 = ORIENTED_EDGE('',*,*,#9667,.F.);
#11686 = ORIENTED_EDGE('',*,*,#7078,.T.);
#11687 = ORIENTED_EDGE('',*,*,#7841,.T.);
#11688 = ORIENTED_EDGE('',*,*,#4854,.T.);
#11689 = ORIENTED_EDGE('',*,*,#9926,.T.);
#11690 = ORIENTED_EDGE('',*,*,#7046,.T.);
#11691 = ORIENTED_EDGE('',*,*,#9909,.T.);
#11692 = ORIENTED_EDGE('',*,*,#9885,.T.);
#11693 = ORIENTED_EDGE('',*,*,#9942,.F.);
#11694 = ORIENTED_EDGE('',*,*,#7023,.T.);
#11695 = ORIENTED_EDGE('',*,*,#4120,.F.);
#11696 = ORIENTED_EDGE('',*,*,#5427,.F.);
#11697 = ORIENTED_EDGE('',*,*,#5328,.T.);
#11698 = ORIENTED_EDGE('',*,*,#7009,.F.);
#11699 = ORIENTED_EDGE('',*,*,#5250,.T.);
#11700 = ORIENTED_EDGE('',*,*,#4698,.F.);
#11701 = ORIENTED_EDGE('',*,*,#5036,.F.);
#11702 = ORIENTED_EDGE('',*,*,#7000,.T.);
#11703 = ORIENTED_EDGE('',*,*,#9968,.F.);
#11704 = FACE_BOUND('',#11705,.T.);
#11705 = EDGE_LOOP('',(#11706,#11707,#11715,#11723));
#11706 = ORIENTED_EDGE('',*,*,#5649,.F.);
#11707 = ORIENTED_EDGE('',*,*,#11708,.T.);
#11708 = EDGE_CURVE('',#5640,#11709,#11711,.T.);
#11709 = VERTEX_POINT('',#11710);
#11710 = CARTESIAN_POINT('',(13.527828,-0.59457,6.45));
#11711 = LINE('',#11712,#11713);
#11712 = CARTESIAN_POINT('',(13.527828,0.,6.45));
#11713 = VECTOR('',#11714,1.);
#11714 = DIRECTION('',(0.,1.,-2.449212707645E-16));
#11715 = ORIENTED_EDGE('',*,*,#11716,.F.);
#11716 = EDGE_CURVE('',#11717,#11709,#11719,.T.);
#11717 = VERTEX_POINT('',#11718);
#11718 = CARTESIAN_POINT('',(14.027828,-0.59457,6.45));
#11719 = LINE('',#11720,#11721);
#11720 = CARTESIAN_POINT('',(22.,-0.59457,6.45));
#11721 = VECTOR('',#11722,1.);
#11722 = DIRECTION('',(-1.,0.,0.));
#11723 = ORIENTED_EDGE('',*,*,#11724,.F.);
#11724 = EDGE_CURVE('',#5650,#11717,#11725,.T.);
#11725 = LINE('',#11726,#11727);
#11726 = CARTESIAN_POINT('',(14.027828,0.,6.45));
#11727 = VECTOR('',#11728,1.);
#11728 = DIRECTION('',(0.,1.,-2.449212707645E-16));
#11729 = FACE_BOUND('',#11730,.T.);
#11730 = EDGE_LOOP('',(#11731,#11732,#11733,#11734));
#11731 = ORIENTED_EDGE('',*,*,#3742,.F.);
#11732 = ORIENTED_EDGE('',*,*,#7994,.T.);
#11733 = ORIENTED_EDGE('',*,*,#11632,.F.);
#11734 = ORIENTED_EDGE('',*,*,#9776,.F.);
#11735 = FACE_BOUND('',#11736,.T.);
#11736 = EDGE_LOOP('',(#11737,#11738,#11739,#11740));
#11737 = ORIENTED_EDGE('',*,*,#9152,.F.);
#11738 = ORIENTED_EDGE('',*,*,#5965,.T.);
#11739 = ORIENTED_EDGE('',*,*,#9127,.F.);
#11740 = ORIENTED_EDGE('',*,*,#9181,.F.);
#11741 = FACE_BOUND('',#11742,.T.);
#11742 = EDGE_LOOP('',(#11743,#11744,#11745,#11746));
#11743 = ORIENTED_EDGE('',*,*,#5132,.F.);
#11744 = ORIENTED_EDGE('',*,*,#7638,.F.);
#11745 = ORIENTED_EDGE('',*,*,#10057,.F.);
#11746 = ORIENTED_EDGE('',*,*,#5941,.T.);
#11747 = FACE_BOUND('',#11748,.T.);
#11748 = EDGE_LOOP('',(#11749,#11750,#11751,#11752));
#11749 = ORIENTED_EDGE('',*,*,#9859,.F.);
#11750 = ORIENTED_EDGE('',*,*,#9836,.F.);
#11751 = ORIENTED_EDGE('',*,*,#5552,.F.);
#11752 = ORIENTED_EDGE('',*,*,#9811,.T.);
#11753 = FACE_BOUND('',#11754,.T.);
#11754 = EDGE_LOOP('',(#11755,#11756,#11757,#11758));
#11755 = ORIENTED_EDGE('',*,*,#6293,.F.);
#11756 = ORIENTED_EDGE('',*,*,#4050,.T.);
#11757 = ORIENTED_EDGE('',*,*,#3890,.F.);
#11758 = ORIENTED_EDGE('',*,*,#6843,.F.);
#11759 = FACE_BOUND('',#11760,.T.);
#11760 = EDGE_LOOP('',(#11761,#11762,#11763,#11764));
#11761 = ORIENTED_EDGE('',*,*,#9610,.F.);
#11762 = ORIENTED_EDGE('',*,*,#9484,.T.);
#11763 = ORIENTED_EDGE('',*,*,#9592,.F.);
#11764 = ORIENTED_EDGE('',*,*,#9569,.F.);
#11765 = FACE_BOUND('',#11766,.T.);
#11766 = EDGE_LOOP('',(#11767,#11768,#11769,#11770));
#11767 = ORIENTED_EDGE('',*,*,#9215,.F.);
#11768 = ORIENTED_EDGE('',*,*,#7939,.T.);
#11769 = ORIENTED_EDGE('',*,*,#9279,.F.);
#11770 = ORIENTED_EDGE('',*,*,#9244,.F.);
#11771 = FACE_BOUND('',#11772,.T.);
#11772 = EDGE_LOOP('',(#11773,#11774,#11775,#11776));
#11773 = ORIENTED_EDGE('',*,*,#7654,.F.);
#11774 = ORIENTED_EDGE('',*,*,#7242,.F.);
#11775 = ORIENTED_EDGE('',*,*,#7506,.F.);
#11776 = ORIENTED_EDGE('',*,*,#5170,.T.);
#11777 = FACE_BOUND('',#11778,.T.);
#11778 = EDGE_LOOP('',(#11779,#11780,#11781,#11782));
#11779 = ORIENTED_EDGE('',*,*,#8727,.F.);
#11780 = ORIENTED_EDGE('',*,*,#6084,.T.);
#11781 = ORIENTED_EDGE('',*,*,#8748,.F.);
#11782 = ORIENTED_EDGE('',*,*,#8703,.F.);
#11783 = FACE_BOUND('',#11784,.T.);
#11784 = EDGE_LOOP('',(#11785,#11786,#11787,#11788));
#11785 = ORIENTED_EDGE('',*,*,#10221,.F.);
#11786 = ORIENTED_EDGE('',*,*,#6787,.T.);
#11787 = ORIENTED_EDGE('',*,*,#10186,.F.);
#11788 = ORIENTED_EDGE('',*,*,#10163,.F.);
#11789 = FACE_BOUND('',#11790,.T.);
#11790 = EDGE_LOOP('',(#11791,#11792,#11793,#11794));
#11791 = ORIENTED_EDGE('',*,*,#9412,.F.);
#11792 = ORIENTED_EDGE('',*,*,#8844,.T.);
#11793 = ORIENTED_EDGE('',*,*,#9450,.F.);
#11794 = ORIENTED_EDGE('',*,*,#9388,.F.);
#11795 = PLANE('',#11796);
#11796 = AXIS2_PLACEMENT_3D('',#11797,#11798,#11799);
#11797 = CARTESIAN_POINT('',(23.730454,1.3725E-02,6.45));
#11798 = DIRECTION('',(0.,0.,1.));
#11799 = DIRECTION('',(1.,0.,-0.));
#11800 = ADVANCED_FACE('',(#11801),#11819,.F.);
#11801 = FACE_BOUND('',#11802,.T.);
#11802 = EDGE_LOOP('',(#11803,#11804,#11805,#11813));
#11803 = ORIENTED_EDGE('',*,*,#11708,.F.);
#11804 = ORIENTED_EDGE('',*,*,#5639,.T.);
#11805 = ORIENTED_EDGE('',*,*,#11806,.F.);
#11806 = EDGE_CURVE('',#11807,#5642,#11809,.T.);
#11807 = VERTEX_POINT('',#11808);
#11808 = CARTESIAN_POINT('',(13.527828,-0.59457,9.200000000014));
#11809 = LINE('',#11810,#11811);
#11810 = CARTESIAN_POINT('',(13.527828,-0.191870202642,9.200000000014));
#11811 = VECTOR('',#11812,1.);
#11812 = DIRECTION('',(-1.224606353822E-16,-1.,0.));
#11813 = ORIENTED_EDGE('',*,*,#11814,.T.);
#11814 = EDGE_CURVE('',#11807,#11709,#11815,.T.);
#11815 = LINE('',#11816,#11817);
#11816 = CARTESIAN_POINT('',(13.527828,-0.59457,7.05));
#11817 = VECTOR('',#11818,1.);
#11818 = DIRECTION('',(0.,0.,-1.));
#11819 = PLANE('',#11820);
#11820 = AXIS2_PLACEMENT_3D('',#11821,#11822,#11823);
#11821 = CARTESIAN_POINT('',(13.527828,-3.29457,7.65));
#11822 = DIRECTION('',(1.,0.,0.));
#11823 = DIRECTION('',(0.,0.,1.));
#11824 = ADVANCED_FACE('',(#11825),#11850,.F.);
#11825 = FACE_BOUND('',#11826,.T.);
#11826 = EDGE_LOOP('',(#11827,#11835,#11843,#11849));
#11827 = ORIENTED_EDGE('',*,*,#11828,.T.);
#11828 = EDGE_CURVE('',#9999,#11829,#11831,.T.);
#11829 = VERTEX_POINT('',#11830);
#11830 = CARTESIAN_POINT('',(13.927828,-0.69457,9.600000000014));
#11831 = LINE('',#11832,#11833);
#11832 = CARTESIAN_POINT('',(13.927828,-0.191870202642,9.600000000014));
#11833 = VECTOR('',#11834,1.);
#11834 = DIRECTION('',(1.224606353822E-16,1.,0.));
#11835 = ORIENTED_EDGE('',*,*,#11836,.T.);
#11836 = EDGE_CURVE('',#11829,#11837,#11839,.T.);
#11837 = VERTEX_POINT('',#11838);
#11838 = CARTESIAN_POINT('',(13.627828,-0.69457,9.600000000014));
#11839 = LINE('',#11840,#11841);
#11840 = CARTESIAN_POINT('',(13.92853557827,-0.69457,9.600000000014));
#11841 = VECTOR('',#11842,1.);
#11842 = DIRECTION('',(-1.,1.224606353822E-16,0.));
#11843 = ORIENTED_EDGE('',*,*,#11844,.T.);
#11844 = EDGE_CURVE('',#11837,#9990,#11845,.T.);
#11845 = LINE('',#11846,#11847);
#11846 = CARTESIAN_POINT('',(13.627828,-0.191870202642,9.600000000014));
#11847 = VECTOR('',#11848,1.);
#11848 = DIRECTION('',(-1.224606353822E-16,-1.,0.));
#11849 = ORIENTED_EDGE('',*,*,#10006,.T.);
#11850 = PLANE('',#11851);
#11851 = AXIS2_PLACEMENT_3D('',#11852,#11853,#11854);
#11852 = CARTESIAN_POINT('',(13.92853557827,-0.191870202642,
    9.600000000014));
#11853 = DIRECTION('',(0.,0.,-1.));
#11854 = DIRECTION('',(-1.,1.224606353822E-16,0.));
#11855 = ADVANCED_FACE('',(#11856),#11874,.F.);
#11856 = FACE_BOUND('',#11857,.T.);
#11857 = EDGE_LOOP('',(#11858,#11859,#11867,#11873));
#11858 = ORIENTED_EDGE('',*,*,#9998,.T.);
#11859 = ORIENTED_EDGE('',*,*,#11860,.F.);
#11860 = EDGE_CURVE('',#11861,#5658,#11863,.T.);
#11861 = VERTEX_POINT('',#11862);
#11862 = CARTESIAN_POINT('',(14.027828,-0.59457,9.200000000014));
#11863 = LINE('',#11864,#11865);
#11864 = CARTESIAN_POINT('',(14.027828,-0.191870202642,9.200000000014));
#11865 = VECTOR('',#11866,1.);
#11866 = DIRECTION('',(-1.224606353822E-16,-1.,0.));
#11867 = ORIENTED_EDGE('',*,*,#11868,.F.);
#11868 = EDGE_CURVE('',#11829,#11861,#11869,.T.);
#11869 = LINE('',#11870,#11871);
#11870 = CARTESIAN_POINT('',(14.677828,5.543E-02,6.600000000014));
#11871 = VECTOR('',#11872,1.);
#11872 = DIRECTION('',(0.235702260396,0.235702260396,-0.942809041582));
#11873 = ORIENTED_EDGE('',*,*,#11828,.F.);
#11874 = PLANE('',#11875);
#11875 = AXIS2_PLACEMENT_3D('',#11876,#11877,#11878);
#11876 = CARTESIAN_POINT('',(13.977828,-0.89457,9.400000000014));
#11877 = DIRECTION('',(-0.970142500145,1.188042669791E-16,
    -0.242535625036));
#11878 = DIRECTION('',(0.242535625036,-2.970106674478E-17,
    -0.970142500145));
#11879 = ADVANCED_FACE('',(#11880),#11896,.F.);
#11880 = FACE_BOUND('',#11881,.T.);
#11881 = EDGE_LOOP('',(#11882,#11883,#11889,#11895));
#11882 = ORIENTED_EDGE('',*,*,#11868,.T.);
#11883 = ORIENTED_EDGE('',*,*,#11884,.F.);
#11884 = EDGE_CURVE('',#11807,#11861,#11885,.T.);
#11885 = LINE('',#11886,#11887);
#11886 = CARTESIAN_POINT('',(13.92853557827,-0.59457,9.200000000014));
#11887 = VECTOR('',#11888,1.);
#11888 = DIRECTION('',(1.,-1.224606353822E-16,0.));
#11889 = ORIENTED_EDGE('',*,*,#11890,.T.);
#11890 = EDGE_CURVE('',#11807,#11837,#11891,.T.);
#11891 = LINE('',#11892,#11893);
#11892 = CARTESIAN_POINT('',(12.877828,5.543E-02,6.600000000014));
#11893 = VECTOR('',#11894,1.);
#11894 = DIRECTION('',(0.235702260396,-0.235702260396,0.942809041582));
#11895 = ORIENTED_EDGE('',*,*,#11836,.F.);
#11896 = PLANE('',#11897);
#11897 = AXIS2_PLACEMENT_3D('',#11898,#11899,#11900);
#11898 = CARTESIAN_POINT('',(13.777828,-0.64457,9.400000000014));
#11899 = DIRECTION('',(-1.188042669791E-16,-0.970142500145,
    -0.242535625036));
#11900 = DIRECTION('',(2.970106674478E-17,0.242535625036,-0.970142500145
    ));
#11901 = ADVANCED_FACE('',(#11902),#11908,.F.);
#11902 = FACE_BOUND('',#11903,.T.);
#11903 = EDGE_LOOP('',(#11904,#11905,#11906,#11907));
#11904 = ORIENTED_EDGE('',*,*,#11890,.F.);
#11905 = ORIENTED_EDGE('',*,*,#11806,.T.);
#11906 = ORIENTED_EDGE('',*,*,#9989,.T.);
#11907 = ORIENTED_EDGE('',*,*,#11844,.F.);
#11908 = PLANE('',#11909);
#11909 = AXIS2_PLACEMENT_3D('',#11910,#11911,#11912);
#11910 = CARTESIAN_POINT('',(13.577828,-0.89457,9.400000000014));
#11911 = DIRECTION('',(0.970142500145,-1.188042669791E-16,
    -0.242535625036));
#11912 = DIRECTION('',(-0.242535625036,2.970106674478E-17,
    -0.970142500145));
#11913 = ADVANCED_FACE('',(#11914),#11925,.T.);
#11914 = FACE_BOUND('',#11915,.T.);
#11915 = EDGE_LOOP('',(#11916,#11917,#11918,#11919));
#11916 = ORIENTED_EDGE('',*,*,#11716,.T.);
#11917 = ORIENTED_EDGE('',*,*,#11814,.F.);
#11918 = ORIENTED_EDGE('',*,*,#11884,.T.);
#11919 = ORIENTED_EDGE('',*,*,#11920,.T.);
#11920 = EDGE_CURVE('',#11861,#11717,#11921,.T.);
#11921 = LINE('',#11922,#11923);
#11922 = CARTESIAN_POINT('',(14.027828,-0.59457,7.434794375007));
#11923 = VECTOR('',#11924,1.);
#11924 = DIRECTION('',(0.,0.,-1.));
#11925 = PLANE('',#11926);
#11926 = AXIS2_PLACEMENT_3D('',#11927,#11928,#11929);
#11927 = CARTESIAN_POINT('',(13.527828,-0.59457,7.));
#11928 = DIRECTION('',(0.,1.,0.));
#11929 = DIRECTION('',(1.,0.,0.));
#11930 = ADVANCED_FACE('',(#11931),#11937,.T.);
#11931 = FACE_BOUND('',#11932,.T.);
#11932 = EDGE_LOOP('',(#11933,#11934,#11935,#11936));
#11933 = ORIENTED_EDGE('',*,*,#5657,.F.);
#11934 = ORIENTED_EDGE('',*,*,#11724,.T.);
#11935 = ORIENTED_EDGE('',*,*,#11920,.F.);
#11936 = ORIENTED_EDGE('',*,*,#11860,.T.);
#11937 = PLANE('',#11938);
#11938 = AXIS2_PLACEMENT_3D('',#11939,#11940,#11941);
#11939 = CARTESIAN_POINT('',(14.027828,-1.09457,7.05));
#11940 = DIRECTION('',(1.,0.,0.));
#11941 = DIRECTION('',(-0.,1.,0.));
#11942 = ( GEOMETRIC_REPRESENTATION_CONTEXT(3) 
GLOBAL_UNCERTAINTY_ASSIGNED_CONTEXT((#11946)) 
GLOBAL_UNIT_ASSIGNED_CONTEXT((#11943,#11944,#11945)) 
REPRESENTATION_CONTEXT('Context #1',
  '3D Context with UNIT and UNCERTAINTY') );
#11943 = ( LENGTH_UNIT() NAMED_UNIT(*) SI_UNIT(.MILLI.,.METRE.) );
#11944 = ( NAMED_UNIT(*) PLANE_ANGLE_UNIT() SI_UNIT($,.RADIAN.) );
#11945 = ( NAMED_UNIT(*) SI_UNIT($,.STERADIAN.) SOLID_ANGLE_UNIT() );
#11946 = UNCERTAINTY_MEASURE_WITH_UNIT(LENGTH_MEASURE(1.E-07),#11943,
  'distance_accuracy_value','confusion accuracy');
#11947 = CONTEXT_DEPENDENT_SHAPE_REPRESENTATION(#11948,#11950);
#11948 = ( REPRESENTATION_RELATIONSHIP('','',#3485,#3462) 
REPRESENTATION_RELATIONSHIP_WITH_TRANSFORMATION(#11949) 
SHAPE_REPRESENTATION_RELATIONSHIP() );
#11949 = ITEM_DEFINED_TRANSFORMATION('','',#11,#3463);
#11950 = PRODUCT_DEFINITION_SHAPE('Placement','Placement of an item',
  #11951);
#11951 = NEXT_ASSEMBLY_USAGE_OCCURRENCE('4','DF11-12DP-2DSAÈª','',
  #3457,#3480,$);
#11952 = PRODUCT_RELATED_PRODUCT_CATEGORY('part',$,(#3482));
#11953 = CONTEXT_DEPENDENT_SHAPE_REPRESENTATION(#11954,#11956);
#11954 = ( REPRESENTATION_RELATIONSHIP('','',#3439,#10) 
REPRESENTATION_RELATIONSHIP_WITH_TRANSFORMATION(#11955) 
SHAPE_REPRESENTATION_RELATIONSHIP() );
#11955 = ITEM_DEFINED_TRANSFORMATION('','',#11,#23);
#11956 = PRODUCT_DEFINITION_SHAPE('Placement','Placement of an item',
  #11957);
#11957 = NEXT_ASSEMBLY_USAGE_OCCURRENCE('7','J5','',#5,#3434,$);
#11958 = CONTEXT_DEPENDENT_SHAPE_REPRESENTATION(#11959,#11961);
#11959 = ( REPRESENTATION_RELATIONSHIP('','',#3439,#10) 
REPRESENTATION_RELATIONSHIP_WITH_TRANSFORMATION(#11960) 
SHAPE_REPRESENTATION_RELATIONSHIP() );
#11960 = ITEM_DEFINED_TRANSFORMATION('','',#11,#27);
#11961 = PRODUCT_DEFINITION_SHAPE('Placement','Placement of an item',
  #11962);
#11962 = NEXT_ASSEMBLY_USAGE_OCCURRENCE('8','J2','',#5,#3434,$);
#11963 = SHAPE_DEFINITION_REPRESENTATION(#11964,#11970);
#11964 = PRODUCT_DEFINITION_SHAPE('','',#11965);
#11965 = PRODUCT_DEFINITION('design','',#11966,#11969);
#11966 = PRODUCT_DEFINITION_FORMATION('','',#11967);
#11967 = PRODUCT('ss-5gl13','ss-5gl13','',(#11968));
#11968 = PRODUCT_CONTEXT('',#2,'mechanical');
#11969 = PRODUCT_DEFINITION_CONTEXT('part definition',#2,'design');
#11970 = SHAPE_REPRESENTATION('',(#11,#11971),#11975);
#11971 = AXIS2_PLACEMENT_3D('',#11972,#11973,#11974);
#11972 = CARTESIAN_POINT('',(0.,0.,0.));
#11973 = DIRECTION('',(0.,0.,1.));
#11974 = DIRECTION('',(1.,0.,-0.));
#11975 = ( GEOMETRIC_REPRESENTATION_CONTEXT(3) 
GLOBAL_UNCERTAINTY_ASSIGNED_CONTEXT((#11979)) 
GLOBAL_UNIT_ASSIGNED_CONTEXT((#11976,#11977,#11978)) 
REPRESENTATION_CONTEXT('Context #1',
  '3D Context with UNIT and UNCERTAINTY') );
#11976 = ( LENGTH_UNIT() NAMED_UNIT(*) SI_UNIT(.MILLI.,.METRE.) );
#11977 = ( NAMED_UNIT(*) PLANE_ANGLE_UNIT() SI_UNIT($,.RADIAN.) );
#11978 = ( NAMED_UNIT(*) SI_UNIT($,.STERADIAN.) SOLID_ANGLE_UNIT() );
#11979 = UNCERTAINTY_MEASURE_WITH_UNIT(LENGTH_MEASURE(1.E-07),#11976,
  'distance_accuracy_value','confusion accuracy');
#11980 = CONTEXT_DEPENDENT_SHAPE_REPRESENTATION(#11981,#11983);
#11981 = ( REPRESENTATION_RELATIONSHIP('','',#11970,#10) 
REPRESENTATION_RELATIONSHIP_WITH_TRANSFORMATION(#11982) 
SHAPE_REPRESENTATION_RELATIONSHIP() );
#11982 = ITEM_DEFINED_TRANSFORMATION('','',#11,#31);
#11983 = PRODUCT_DEFINITION_SHAPE('Placement','Placement of an item',
  #11984);
#11984 = NEXT_ASSEMBLY_USAGE_OCCURRENCE('10','SW1','',#5,#11965,$);
#11985 = PRODUCT_RELATED_PRODUCT_CATEGORY('part',$,(#11967));
#11986 = SHAPE_DEFINITION_REPRESENTATION(#11987,#11993);
#11987 = PRODUCT_DEFINITION_SHAPE('','',#11988);
#11988 = PRODUCT_DEFINITION('design','',#11989,#11992);
#11989 = PRODUCT_DEFINITION_FORMATION('','',#11990);
#11990 = PRODUCT('ss-5gl13','ss-5gl13','',(#11991));
#11991 = PRODUCT_CONTEXT('',#2,'mechanical');
#11992 = PRODUCT_DEFINITION_CONTEXT('part definition',#2,'design');
#11993 = ADVANCED_BREP_SHAPE_REPRESENTATION('',(#11,#11994),#13742);
#11994 = MANIFOLD_SOLID_BREP('',#11995);
#11995 = CLOSED_SHELL('',(#11996,#12038,#12080,#12122,#12164,#12206,
    #12246,#12277,#12308,#12325,#12342,#12382,#12413,#12444,#12461,
    #12478,#12518,#12549,#12580,#12597,#12614,#12702,#12733,#12758,
    #12782,#12806,#12830,#12854,#12878,#12896,#12913,#12938,#12979,
    #13010,#13035,#13059,#13076,#13116,#13140,#13162,#13186,#13210,
    #13262,#13293,#13324,#13355,#13392,#13423,#13454,#13485,#13522,
    #13553,#13584,#13615,#13652,#13674,#13708));
#11996 = ADVANCED_FACE('',(#11997),#12033,.F.);
#11997 = FACE_BOUND('',#11998,.F.);
#11998 = EDGE_LOOP('',(#11999,#12010,#12018,#12027));
#11999 = ORIENTED_EDGE('',*,*,#12000,.T.);
#12000 = EDGE_CURVE('',#12001,#12003,#12005,.T.);
#12001 = VERTEX_POINT('',#12002);
#12002 = CARTESIAN_POINT('',(5.875,2.9,-3.2));
#12003 = VERTEX_POINT('',#12004);
#12004 = CARTESIAN_POINT('',(3.525,2.9,-3.2));
#12005 = CIRCLE('',#12006,1.175);
#12006 = AXIS2_PLACEMENT_3D('',#12007,#12008,#12009);
#12007 = CARTESIAN_POINT('',(4.7,2.9,-3.2));
#12008 = DIRECTION('',(0.,0.,1.));
#12009 = DIRECTION('',(1.,0.,-0.));
#12010 = ORIENTED_EDGE('',*,*,#12011,.T.);
#12011 = EDGE_CURVE('',#12003,#12012,#12014,.T.);
#12012 = VERTEX_POINT('',#12013);
#12013 = CARTESIAN_POINT('',(3.525,2.9,3.2));
#12014 = LINE('',#12015,#12016);
#12015 = CARTESIAN_POINT('',(3.525,2.9,0.));
#12016 = VECTOR('',#12017,1.);
#12017 = DIRECTION('',(-0.,0.,1.));
#12018 = ORIENTED_EDGE('',*,*,#12019,.T.);
#12019 = EDGE_CURVE('',#12012,#12020,#12022,.T.);
#12020 = VERTEX_POINT('',#12021);
#12021 = CARTESIAN_POINT('',(5.875,2.9,3.2));
#12022 = CIRCLE('',#12023,1.175);
#12023 = AXIS2_PLACEMENT_3D('',#12024,#12025,#12026);
#12024 = CARTESIAN_POINT('',(4.7,2.9,3.2));
#12025 = DIRECTION('',(0.,0.,-1.));
#12026 = DIRECTION('',(1.,0.,0.));
#12027 = ORIENTED_EDGE('',*,*,#12028,.T.);
#12028 = EDGE_CURVE('',#12020,#12001,#12029,.T.);
#12029 = LINE('',#12030,#12031);
#12030 = CARTESIAN_POINT('',(5.875,2.9,0.));
#12031 = VECTOR('',#12032,1.);
#12032 = DIRECTION('',(-0.,-0.,-1.));
#12033 = CYLINDRICAL_SURFACE('',#12034,1.175);
#12034 = AXIS2_PLACEMENT_3D('',#12035,#12036,#12037);
#12035 = CARTESIAN_POINT('',(4.7,2.9,0.));
#12036 = DIRECTION('',(0.,0.,1.));
#12037 = DIRECTION('',(1.,0.,-0.));
#12038 = ADVANCED_FACE('',(#12039),#12075,.F.);
#12039 = FACE_BOUND('',#12040,.F.);
#12040 = EDGE_LOOP('',(#12041,#12052,#12060,#12069));
#12041 = ORIENTED_EDGE('',*,*,#12042,.T.);
#12042 = EDGE_CURVE('',#12043,#12045,#12047,.T.);
#12043 = VERTEX_POINT('',#12044);
#12044 = CARTESIAN_POINT('',(-3.55,2.9,-3.2));
#12045 = VERTEX_POINT('',#12046);
#12046 = CARTESIAN_POINT('',(-4.387568187454,4.08,-3.2));
#12047 = CIRCLE('',#12048,1.25);
#12048 = AXIS2_PLACEMENT_3D('',#12049,#12050,#12051);
#12049 = CARTESIAN_POINT('',(-4.8,2.9,-3.2));
#12050 = DIRECTION('',(0.,0.,1.));
#12051 = DIRECTION('',(1.,0.,-0.));
#12052 = ORIENTED_EDGE('',*,*,#12053,.F.);
#12053 = EDGE_CURVE('',#12054,#12045,#12056,.T.);
#12054 = VERTEX_POINT('',#12055);
#12055 = CARTESIAN_POINT('',(-4.387568187454,4.08,3.2));
#12056 = LINE('',#12057,#12058);
#12057 = CARTESIAN_POINT('',(-4.387568187454,4.08,0.));
#12058 = VECTOR('',#12059,1.);
#12059 = DIRECTION('',(-0.,-0.,-1.));
#12060 = ORIENTED_EDGE('',*,*,#12061,.T.);
#12061 = EDGE_CURVE('',#12054,#12062,#12064,.T.);
#12062 = VERTEX_POINT('',#12063);
#12063 = CARTESIAN_POINT('',(-3.55,2.9,3.2));
#12064 = CIRCLE('',#12065,1.25);
#12065 = AXIS2_PLACEMENT_3D('',#12066,#12067,#12068);
#12066 = CARTESIAN_POINT('',(-4.8,2.9,3.2));
#12067 = DIRECTION('',(0.,0.,-1.));
#12068 = DIRECTION('',(1.,0.,0.));
#12069 = ORIENTED_EDGE('',*,*,#12070,.T.);
#12070 = EDGE_CURVE('',#12062,#12043,#12071,.T.);
#12071 = LINE('',#12072,#12073);
#12072 = CARTESIAN_POINT('',(-3.55,2.9,0.));
#12073 = VECTOR('',#12074,1.);
#12074 = DIRECTION('',(-0.,-0.,-1.));
#12075 = CYLINDRICAL_SURFACE('',#12076,1.25);
#12076 = AXIS2_PLACEMENT_3D('',#12077,#12078,#12079);
#12077 = CARTESIAN_POINT('',(-4.8,2.9,0.));
#12078 = DIRECTION('',(0.,0.,1.));
#12079 = DIRECTION('',(1.,0.,-0.));
#12080 = ADVANCED_FACE('',(#12081),#12117,.F.);
#12081 = FACE_BOUND('',#12082,.F.);
#12082 = EDGE_LOOP('',(#12083,#12094,#12102,#12111));
#12083 = ORIENTED_EDGE('',*,*,#12084,.T.);
#12084 = EDGE_CURVE('',#12085,#12087,#12089,.T.);
#12085 = VERTEX_POINT('',#12086);
#12086 = CARTESIAN_POINT('',(-6.05,2.9,3.2));
#12087 = VERTEX_POINT('',#12088);
#12088 = CARTESIAN_POINT('',(-5.212431812546,4.08,3.2));
#12089 = CIRCLE('',#12090,1.25);
#12090 = AXIS2_PLACEMENT_3D('',#12091,#12092,#12093);
#12091 = CARTESIAN_POINT('',(-4.8,2.9,3.2));
#12092 = DIRECTION('',(0.,0.,-1.));
#12093 = DIRECTION('',(1.,0.,0.));
#12094 = ORIENTED_EDGE('',*,*,#12095,.F.);
#12095 = EDGE_CURVE('',#12096,#12087,#12098,.T.);
#12096 = VERTEX_POINT('',#12097);
#12097 = CARTESIAN_POINT('',(-5.212431812546,4.08,-3.2));
#12098 = LINE('',#12099,#12100);
#12099 = CARTESIAN_POINT('',(-5.212431812546,4.08,0.));
#12100 = VECTOR('',#12101,1.);
#12101 = DIRECTION('',(0.,0.,1.));
#12102 = ORIENTED_EDGE('',*,*,#12103,.T.);
#12103 = EDGE_CURVE('',#12096,#12104,#12106,.T.);
#12104 = VERTEX_POINT('',#12105);
#12105 = CARTESIAN_POINT('',(-6.05,2.9,-3.2));
#12106 = CIRCLE('',#12107,1.25);
#12107 = AXIS2_PLACEMENT_3D('',#12108,#12109,#12110);
#12108 = CARTESIAN_POINT('',(-4.8,2.9,-3.2));
#12109 = DIRECTION('',(0.,0.,1.));
#12110 = DIRECTION('',(1.,0.,-0.));
#12111 = ORIENTED_EDGE('',*,*,#12112,.T.);
#12112 = EDGE_CURVE('',#12104,#12085,#12113,.T.);
#12113 = LINE('',#12114,#12115);
#12114 = CARTESIAN_POINT('',(-6.05,2.9,0.));
#12115 = VECTOR('',#12116,1.);
#12116 = DIRECTION('',(-0.,0.,1.));
#12117 = CYLINDRICAL_SURFACE('',#12118,1.25);
#12118 = AXIS2_PLACEMENT_3D('',#12119,#12120,#12121);
#12119 = CARTESIAN_POINT('',(-4.8,2.9,0.));
#12120 = DIRECTION('',(0.,0.,1.));
#12121 = DIRECTION('',(1.,0.,-0.));
#12122 = ADVANCED_FACE('',(#12123),#12159,.T.);
#12123 = FACE_BOUND('',#12124,.T.);
#12124 = EDGE_LOOP('',(#12125,#12135,#12144,#12152));
#12125 = ORIENTED_EDGE('',*,*,#12126,.F.);
#12126 = EDGE_CURVE('',#12127,#12129,#12131,.T.);
#12127 = VERTEX_POINT('',#12128);
#12128 = CARTESIAN_POINT('',(8.577079997443,17.1,1.8));
#12129 = VERTEX_POINT('',#12130);
#12130 = CARTESIAN_POINT('',(8.577079997443,17.1,-1.8));
#12131 = LINE('',#12132,#12133);
#12132 = CARTESIAN_POINT('',(8.577079997443,17.1,-1.8));
#12133 = VECTOR('',#12134,1.);
#12134 = DIRECTION('',(-0.,-0.,-1.));
#12135 = ORIENTED_EDGE('',*,*,#12136,.T.);
#12136 = EDGE_CURVE('',#12127,#12137,#12139,.T.);
#12137 = VERTEX_POINT('',#12138);
#12138 = CARTESIAN_POINT('',(11.126720202163,17.458328562562,1.8));
#12139 = CIRCLE('',#12140,1.3);
#12140 = AXIS2_PLACEMENT_3D('',#12141,#12142,#12143);
#12141 = CARTESIAN_POINT('',(9.877079997443,17.1,1.8));
#12142 = DIRECTION('',(0.,0.,-1.));
#12143 = DIRECTION('',(1.,0.,0.));
#12144 = ORIENTED_EDGE('',*,*,#12145,.F.);
#12145 = EDGE_CURVE('',#12146,#12137,#12148,.T.);
#12146 = VERTEX_POINT('',#12147);
#12147 = CARTESIAN_POINT('',(11.126720202163,17.458328562562,-1.8));
#12148 = LINE('',#12149,#12150);
#12149 = CARTESIAN_POINT('',(11.126720202163,17.458328562562,-1.8));
#12150 = VECTOR('',#12151,1.);
#12151 = DIRECTION('',(0.,0.,1.));
#12152 = ORIENTED_EDGE('',*,*,#12153,.T.);
#12153 = EDGE_CURVE('',#12146,#12129,#12154,.T.);
#12154 = CIRCLE('',#12155,1.3);
#12155 = AXIS2_PLACEMENT_3D('',#12156,#12157,#12158);
#12156 = CARTESIAN_POINT('',(9.877079997443,17.1,-1.8));
#12157 = DIRECTION('',(0.,0.,1.));
#12158 = DIRECTION('',(1.,0.,-0.));
#12159 = CYLINDRICAL_SURFACE('',#12160,1.3);
#12160 = AXIS2_PLACEMENT_3D('',#12161,#12162,#12163);
#12161 = CARTESIAN_POINT('',(9.877079997443,17.1,-1.8));
#12162 = DIRECTION('',(0.,0.,1.));
#12163 = DIRECTION('',(1.,0.,-0.));
#12164 = ADVANCED_FACE('',(#12165),#12201,.F.);
#12165 = FACE_BOUND('',#12166,.F.);
#12166 = EDGE_LOOP('',(#12167,#12178,#12186,#12195));
#12167 = ORIENTED_EDGE('',*,*,#12168,.T.);
#12168 = EDGE_CURVE('',#12169,#12171,#12173,.T.);
#12169 = VERTEX_POINT('',#12170);
#12170 = CARTESIAN_POINT('',(8.877079997443,17.1,-1.8));
#12171 = VERTEX_POINT('',#12172);
#12172 = CARTESIAN_POINT('',(8.915818301505,16.824362644183,-1.8));
#12173 = CIRCLE('',#12174,1.);
#12174 = AXIS2_PLACEMENT_3D('',#12175,#12176,#12177);
#12175 = CARTESIAN_POINT('',(9.877079997443,17.1,-1.8));
#12176 = DIRECTION('',(0.,0.,1.));
#12177 = DIRECTION('',(1.,0.,-0.));
#12178 = ORIENTED_EDGE('',*,*,#12179,.T.);
#12179 = EDGE_CURVE('',#12171,#12180,#12182,.T.);
#12180 = VERTEX_POINT('',#12181);
#12181 = CARTESIAN_POINT('',(8.915818301505,16.824362644183,1.8));
#12182 = LINE('',#12183,#12184);
#12183 = CARTESIAN_POINT('',(8.915818301505,16.824362644183,-1.8));
#12184 = VECTOR('',#12185,1.);
#12185 = DIRECTION('',(0.,0.,1.));
#12186 = ORIENTED_EDGE('',*,*,#12187,.F.);
#12187 = EDGE_CURVE('',#12188,#12180,#12190,.T.);
#12188 = VERTEX_POINT('',#12189);
#12189 = CARTESIAN_POINT('',(8.877079997443,17.1,1.8));
#12190 = CIRCLE('',#12191,1.);
#12191 = AXIS2_PLACEMENT_3D('',#12192,#12193,#12194);
#12192 = CARTESIAN_POINT('',(9.877079997443,17.1,1.8));
#12193 = DIRECTION('',(0.,0.,1.));
#12194 = DIRECTION('',(1.,0.,-0.));
#12195 = ORIENTED_EDGE('',*,*,#12196,.T.);
#12196 = EDGE_CURVE('',#12188,#12169,#12197,.T.);
#12197 = LINE('',#12198,#12199);
#12198 = CARTESIAN_POINT('',(8.877079997443,17.1,-1.8));
#12199 = VECTOR('',#12200,1.);
#12200 = DIRECTION('',(-0.,0.,-1.));
#12201 = CYLINDRICAL_SURFACE('',#12202,1.);
#12202 = AXIS2_PLACEMENT_3D('',#12203,#12204,#12205);
#12203 = CARTESIAN_POINT('',(9.877079997443,17.1,-1.8));
#12204 = DIRECTION('',(0.,0.,1.));
#12205 = DIRECTION('',(1.,0.,-0.));
#12206 = ADVANCED_FACE('',(#12207),#12241,.F.);
#12207 = FACE_BOUND('',#12208,.T.);
#12208 = EDGE_LOOP('',(#12209,#12219,#12227,#12235));
#12209 = ORIENTED_EDGE('',*,*,#12210,.F.);
#12210 = EDGE_CURVE('',#12211,#12213,#12215,.T.);
#12211 = VERTEX_POINT('',#12212);
#12212 = CARTESIAN_POINT('',(7.55,0.4,-1.6));
#12213 = VERTEX_POINT('',#12214);
#12214 = CARTESIAN_POINT('',(7.55,0.4,1.6));
#12215 = LINE('',#12216,#12217);
#12216 = CARTESIAN_POINT('',(7.55,0.4,-1.6));
#12217 = VECTOR('',#12218,1.);
#12218 = DIRECTION('',(-0.,0.,1.));
#12219 = ORIENTED_EDGE('',*,*,#12220,.F.);
#12220 = EDGE_CURVE('',#12221,#12211,#12223,.T.);
#12221 = VERTEX_POINT('',#12222);
#12222 = CARTESIAN_POINT('',(7.55,-3.5,-1.6));
#12223 = LINE('',#12224,#12225);
#12224 = CARTESIAN_POINT('',(7.55,-1.,-1.6));
#12225 = VECTOR('',#12226,1.);
#12226 = DIRECTION('',(0.,1.,0.));
#12227 = ORIENTED_EDGE('',*,*,#12228,.F.);
#12228 = EDGE_CURVE('',#12229,#12221,#12231,.T.);
#12229 = VERTEX_POINT('',#12230);
#12230 = CARTESIAN_POINT('',(7.55,-3.5,1.6));
#12231 = LINE('',#12232,#12233);
#12232 = CARTESIAN_POINT('',(7.55,-3.5,0.));
#12233 = VECTOR('',#12234,1.);
#12234 = DIRECTION('',(0.,0.,-1.));
#12235 = ORIENTED_EDGE('',*,*,#12236,.F.);
#12236 = EDGE_CURVE('',#12213,#12229,#12237,.T.);
#12237 = LINE('',#12238,#12239);
#12238 = CARTESIAN_POINT('',(7.55,-1.,1.6));
#12239 = VECTOR('',#12240,1.);
#12240 = DIRECTION('',(0.,-1.,0.));
#12241 = PLANE('',#12242);
#12242 = AXIS2_PLACEMENT_3D('',#12243,#12244,#12245);
#12243 = CARTESIAN_POINT('',(7.55,-1.,0.));
#12244 = DIRECTION('',(1.,0.,0.));
#12245 = DIRECTION('',(0.,0.,-1.));
#12246 = ADVANCED_FACE('',(#12247),#12272,.F.);
#12247 = FACE_BOUND('',#12248,.T.);
#12248 = EDGE_LOOP('',(#12249,#12257,#12265,#12271));
#12249 = ORIENTED_EDGE('',*,*,#12250,.F.);
#12250 = EDGE_CURVE('',#12251,#12211,#12253,.T.);
#12251 = VERTEX_POINT('',#12252);
#12252 = CARTESIAN_POINT('',(8.05,0.4,-1.6));
#12253 = LINE('',#12254,#12255);
#12254 = CARTESIAN_POINT('',(8.,0.4,-1.6));
#12255 = VECTOR('',#12256,1.);
#12256 = DIRECTION('',(-1.,1.306144734853E-16,0.));
#12257 = ORIENTED_EDGE('',*,*,#12258,.T.);
#12258 = EDGE_CURVE('',#12251,#12259,#12261,.T.);
#12259 = VERTEX_POINT('',#12260);
#12260 = CARTESIAN_POINT('',(8.05,-3.5,-1.6));
#12261 = LINE('',#12262,#12263);
#12262 = CARTESIAN_POINT('',(8.05,-1.,-1.6));
#12263 = VECTOR('',#12264,1.);
#12264 = DIRECTION('',(0.,-1.,0.));
#12265 = ORIENTED_EDGE('',*,*,#12266,.T.);
#12266 = EDGE_CURVE('',#12259,#12221,#12267,.T.);
#12267 = LINE('',#12268,#12269);
#12268 = CARTESIAN_POINT('',(7.8,-3.5,-1.6));
#12269 = VECTOR('',#12270,1.);
#12270 = DIRECTION('',(-1.,0.,0.));
#12271 = ORIENTED_EDGE('',*,*,#12220,.T.);
#12272 = PLANE('',#12273);
#12273 = AXIS2_PLACEMENT_3D('',#12274,#12275,#12276);
#12274 = CARTESIAN_POINT('',(7.8,-1.,-1.6));
#12275 = DIRECTION('',(0.,0.,1.));
#12276 = DIRECTION('',(1.,0.,-0.));
#12277 = ADVANCED_FACE('',(#12278),#12303,.T.);
#12278 = FACE_BOUND('',#12279,.T.);
#12279 = EDGE_LOOP('',(#12280,#12288,#12289,#12297));
#12280 = ORIENTED_EDGE('',*,*,#12281,.F.);
#12281 = EDGE_CURVE('',#12213,#12282,#12284,.T.);
#12282 = VERTEX_POINT('',#12283);
#12283 = CARTESIAN_POINT('',(8.05,0.4,1.6));
#12284 = LINE('',#12285,#12286);
#12285 = CARTESIAN_POINT('',(8.,0.4,1.6));
#12286 = VECTOR('',#12287,1.);
#12287 = DIRECTION('',(1.,-1.306144734853E-16,0.));
#12288 = ORIENTED_EDGE('',*,*,#12236,.T.);
#12289 = ORIENTED_EDGE('',*,*,#12290,.T.);
#12290 = EDGE_CURVE('',#12229,#12291,#12293,.T.);
#12291 = VERTEX_POINT('',#12292);
#12292 = CARTESIAN_POINT('',(8.05,-3.5,1.6));
#12293 = LINE('',#12294,#12295);
#12294 = CARTESIAN_POINT('',(7.8,-3.5,1.6));
#12295 = VECTOR('',#12296,1.);
#12296 = DIRECTION('',(1.,0.,0.));
#12297 = ORIENTED_EDGE('',*,*,#12298,.T.);
#12298 = EDGE_CURVE('',#12291,#12282,#12299,.T.);
#12299 = LINE('',#12300,#12301);
#12300 = CARTESIAN_POINT('',(8.05,-1.,1.6));
#12301 = VECTOR('',#12302,1.);
#12302 = DIRECTION('',(0.,1.,0.));
#12303 = PLANE('',#12304);
#12304 = AXIS2_PLACEMENT_3D('',#12305,#12306,#12307);
#12305 = CARTESIAN_POINT('',(7.8,-1.,1.6));
#12306 = DIRECTION('',(0.,0.,1.));
#12307 = DIRECTION('',(1.,0.,-0.));
#12308 = ADVANCED_FACE('',(#12309),#12320,.F.);
#12309 = FACE_BOUND('',#12310,.T.);
#12310 = EDGE_LOOP('',(#12311,#12312,#12313,#12319));
#12311 = ORIENTED_EDGE('',*,*,#12228,.T.);
#12312 = ORIENTED_EDGE('',*,*,#12266,.F.);
#12313 = ORIENTED_EDGE('',*,*,#12314,.F.);
#12314 = EDGE_CURVE('',#12291,#12259,#12315,.T.);
#12315 = LINE('',#12316,#12317);
#12316 = CARTESIAN_POINT('',(8.05,-3.5,0.));
#12317 = VECTOR('',#12318,1.);
#12318 = DIRECTION('',(0.,0.,-1.));
#12319 = ORIENTED_EDGE('',*,*,#12290,.F.);
#12320 = PLANE('',#12321);
#12321 = AXIS2_PLACEMENT_3D('',#12322,#12323,#12324);
#12322 = CARTESIAN_POINT('',(7.8,-3.5,0.));
#12323 = DIRECTION('',(0.,1.,0.));
#12324 = DIRECTION('',(0.,-0.,1.));
#12325 = ADVANCED_FACE('',(#12326),#12337,.F.);
#12326 = FACE_BOUND('',#12327,.T.);
#12327 = EDGE_LOOP('',(#12328,#12334,#12335,#12336));
#12328 = ORIENTED_EDGE('',*,*,#12329,.F.);
#12329 = EDGE_CURVE('',#12282,#12251,#12330,.T.);
#12330 = LINE('',#12331,#12332);
#12331 = CARTESIAN_POINT('',(8.05,0.4,-1.6));
#12332 = VECTOR('',#12333,1.);
#12333 = DIRECTION('',(-0.,0.,-1.));
#12334 = ORIENTED_EDGE('',*,*,#12298,.F.);
#12335 = ORIENTED_EDGE('',*,*,#12314,.T.);
#12336 = ORIENTED_EDGE('',*,*,#12258,.F.);
#12337 = PLANE('',#12338);
#12338 = AXIS2_PLACEMENT_3D('',#12339,#12340,#12341);
#12339 = CARTESIAN_POINT('',(8.05,-1.,0.));
#12340 = DIRECTION('',(-1.,0.,0.));
#12341 = DIRECTION('',(0.,0.,1.));
#12342 = ADVANCED_FACE('',(#12343),#12377,.F.);
#12343 = FACE_BOUND('',#12344,.T.);
#12344 = EDGE_LOOP('',(#12345,#12355,#12363,#12371));
#12345 = ORIENTED_EDGE('',*,*,#12346,.F.);
#12346 = EDGE_CURVE('',#12347,#12349,#12351,.T.);
#12347 = VERTEX_POINT('',#12348);
#12348 = CARTESIAN_POINT('',(0.25,0.4,-1.6));
#12349 = VERTEX_POINT('',#12350);
#12350 = CARTESIAN_POINT('',(0.25,0.4,1.6));
#12351 = LINE('',#12352,#12353);
#12352 = CARTESIAN_POINT('',(0.25,0.4,-1.6));
#12353 = VECTOR('',#12354,1.);
#12354 = DIRECTION('',(-0.,0.,1.));
#12355 = ORIENTED_EDGE('',*,*,#12356,.F.);
#12356 = EDGE_CURVE('',#12357,#12347,#12359,.T.);
#12357 = VERTEX_POINT('',#12358);
#12358 = CARTESIAN_POINT('',(0.25,-3.5,-1.6));
#12359 = LINE('',#12360,#12361);
#12360 = CARTESIAN_POINT('',(0.25,-1.,-1.6));
#12361 = VECTOR('',#12362,1.);
#12362 = DIRECTION('',(0.,1.,0.));
#12363 = ORIENTED_EDGE('',*,*,#12364,.F.);
#12364 = EDGE_CURVE('',#12365,#12357,#12367,.T.);
#12365 = VERTEX_POINT('',#12366);
#12366 = CARTESIAN_POINT('',(0.25,-3.5,1.6));
#12367 = LINE('',#12368,#12369);
#12368 = CARTESIAN_POINT('',(0.25,-3.5,0.));
#12369 = VECTOR('',#12370,1.);
#12370 = DIRECTION('',(0.,0.,-1.));
#12371 = ORIENTED_EDGE('',*,*,#12372,.F.);
#12372 = EDGE_CURVE('',#12349,#12365,#12373,.T.);
#12373 = LINE('',#12374,#12375);
#12374 = CARTESIAN_POINT('',(0.25,-1.,1.6));
#12375 = VECTOR('',#12376,1.);
#12376 = DIRECTION('',(0.,-1.,0.));
#12377 = PLANE('',#12378);
#12378 = AXIS2_PLACEMENT_3D('',#12379,#12380,#12381);
#12379 = CARTESIAN_POINT('',(0.25,-1.,0.));
#12380 = DIRECTION('',(1.,0.,0.));
#12381 = DIRECTION('',(0.,0.,-1.));
#12382 = ADVANCED_FACE('',(#12383),#12408,.F.);
#12383 = FACE_BOUND('',#12384,.T.);
#12384 = EDGE_LOOP('',(#12385,#12393,#12401,#12407));
#12385 = ORIENTED_EDGE('',*,*,#12386,.F.);
#12386 = EDGE_CURVE('',#12387,#12347,#12389,.T.);
#12387 = VERTEX_POINT('',#12388);
#12388 = CARTESIAN_POINT('',(0.75,0.4,-1.6));
#12389 = LINE('',#12390,#12391);
#12390 = CARTESIAN_POINT('',(0.225,0.4,-1.6));
#12391 = VECTOR('',#12392,1.);
#12392 = DIRECTION('',(-1.,-9.408669700213E-18,0.));
#12393 = ORIENTED_EDGE('',*,*,#12394,.T.);
#12394 = EDGE_CURVE('',#12387,#12395,#12397,.T.);
#12395 = VERTEX_POINT('',#12396);
#12396 = CARTESIAN_POINT('',(0.75,-3.5,-1.6));
#12397 = LINE('',#12398,#12399);
#12398 = CARTESIAN_POINT('',(0.75,-1.,-1.6));
#12399 = VECTOR('',#12400,1.);
#12400 = DIRECTION('',(0.,-1.,0.));
#12401 = ORIENTED_EDGE('',*,*,#12402,.T.);
#12402 = EDGE_CURVE('',#12395,#12357,#12403,.T.);
#12403 = LINE('',#12404,#12405);
#12404 = CARTESIAN_POINT('',(0.5,-3.5,-1.6));
#12405 = VECTOR('',#12406,1.);
#12406 = DIRECTION('',(-1.,0.,0.));
#12407 = ORIENTED_EDGE('',*,*,#12356,.T.);
#12408 = PLANE('',#12409);
#12409 = AXIS2_PLACEMENT_3D('',#12410,#12411,#12412);
#12410 = CARTESIAN_POINT('',(0.5,-1.,-1.6));
#12411 = DIRECTION('',(0.,0.,1.));
#12412 = DIRECTION('',(1.,0.,-0.));
#12413 = ADVANCED_FACE('',(#12414),#12439,.T.);
#12414 = FACE_BOUND('',#12415,.T.);
#12415 = EDGE_LOOP('',(#12416,#12424,#12425,#12433));
#12416 = ORIENTED_EDGE('',*,*,#12417,.F.);
#12417 = EDGE_CURVE('',#12349,#12418,#12420,.T.);
#12418 = VERTEX_POINT('',#12419);
#12419 = CARTESIAN_POINT('',(0.75,0.4,1.6));
#12420 = LINE('',#12421,#12422);
#12421 = CARTESIAN_POINT('',(0.225,0.4,1.6));
#12422 = VECTOR('',#12423,1.);
#12423 = DIRECTION('',(1.,9.408669700213E-18,-0.));
#12424 = ORIENTED_EDGE('',*,*,#12372,.T.);
#12425 = ORIENTED_EDGE('',*,*,#12426,.T.);
#12426 = EDGE_CURVE('',#12365,#12427,#12429,.T.);
#12427 = VERTEX_POINT('',#12428);
#12428 = CARTESIAN_POINT('',(0.75,-3.5,1.6));
#12429 = LINE('',#12430,#12431);
#12430 = CARTESIAN_POINT('',(0.5,-3.5,1.6));
#12431 = VECTOR('',#12432,1.);
#12432 = DIRECTION('',(1.,0.,0.));
#12433 = ORIENTED_EDGE('',*,*,#12434,.T.);
#12434 = EDGE_CURVE('',#12427,#12418,#12435,.T.);
#12435 = LINE('',#12436,#12437);
#12436 = CARTESIAN_POINT('',(0.75,-1.,1.6));
#12437 = VECTOR('',#12438,1.);
#12438 = DIRECTION('',(0.,1.,0.));
#12439 = PLANE('',#12440);
#12440 = AXIS2_PLACEMENT_3D('',#12441,#12442,#12443);
#12441 = CARTESIAN_POINT('',(0.5,-1.,1.6));
#12442 = DIRECTION('',(0.,0.,1.));
#12443 = DIRECTION('',(1.,0.,-0.));
#12444 = ADVANCED_FACE('',(#12445),#12456,.F.);
#12445 = FACE_BOUND('',#12446,.T.);
#12446 = EDGE_LOOP('',(#12447,#12448,#12449,#12455));
#12447 = ORIENTED_EDGE('',*,*,#12364,.T.);
#12448 = ORIENTED_EDGE('',*,*,#12402,.F.);
#12449 = ORIENTED_EDGE('',*,*,#12450,.F.);
#12450 = EDGE_CURVE('',#12427,#12395,#12451,.T.);
#12451 = LINE('',#12452,#12453);
#12452 = CARTESIAN_POINT('',(0.75,-3.5,0.));
#12453 = VECTOR('',#12454,1.);
#12454 = DIRECTION('',(0.,0.,-1.));
#12455 = ORIENTED_EDGE('',*,*,#12426,.F.);
#12456 = PLANE('',#12457);
#12457 = AXIS2_PLACEMENT_3D('',#12458,#12459,#12460);
#12458 = CARTESIAN_POINT('',(0.5,-3.5,0.));
#12459 = DIRECTION('',(0.,1.,0.));
#12460 = DIRECTION('',(0.,-0.,1.));
#12461 = ADVANCED_FACE('',(#12462),#12473,.F.);
#12462 = FACE_BOUND('',#12463,.T.);
#12463 = EDGE_LOOP('',(#12464,#12470,#12471,#12472));
#12464 = ORIENTED_EDGE('',*,*,#12465,.F.);
#12465 = EDGE_CURVE('',#12418,#12387,#12466,.T.);
#12466 = LINE('',#12467,#12468);
#12467 = CARTESIAN_POINT('',(0.75,0.4,-1.6));
#12468 = VECTOR('',#12469,1.);
#12469 = DIRECTION('',(-0.,-0.,-1.));
#12470 = ORIENTED_EDGE('',*,*,#12434,.F.);
#12471 = ORIENTED_EDGE('',*,*,#12450,.T.);
#12472 = ORIENTED_EDGE('',*,*,#12394,.F.);
#12473 = PLANE('',#12474);
#12474 = AXIS2_PLACEMENT_3D('',#12475,#12476,#12477);
#12475 = CARTESIAN_POINT('',(0.75,-1.,0.));
#12476 = DIRECTION('',(-1.,0.,0.));
#12477 = DIRECTION('',(0.,0.,1.));
#12478 = ADVANCED_FACE('',(#12479),#12513,.F.);
#12479 = FACE_BOUND('',#12480,.T.);
#12480 = EDGE_LOOP('',(#12481,#12491,#12499,#12507));
#12481 = ORIENTED_EDGE('',*,*,#12482,.F.);
#12482 = EDGE_CURVE('',#12483,#12485,#12487,.T.);
#12483 = VERTEX_POINT('',#12484);
#12484 = CARTESIAN_POINT('',(-8.55,0.4,-1.6));
#12485 = VERTEX_POINT('',#12486);
#12486 = CARTESIAN_POINT('',(-8.55,0.4,1.6));
#12487 = LINE('',#12488,#12489);
#12488 = CARTESIAN_POINT('',(-8.55,0.4,-1.6));
#12489 = VECTOR('',#12490,1.);
#12490 = DIRECTION('',(-0.,0.,1.));
#12491 = ORIENTED_EDGE('',*,*,#12492,.F.);
#12492 = EDGE_CURVE('',#12493,#12483,#12495,.T.);
#12493 = VERTEX_POINT('',#12494);
#12494 = CARTESIAN_POINT('',(-8.55,-3.5,-1.6));
#12495 = LINE('',#12496,#12497);
#12496 = CARTESIAN_POINT('',(-8.55,-1.,-1.6));
#12497 = VECTOR('',#12498,1.);
#12498 = DIRECTION('',(0.,1.,0.));
#12499 = ORIENTED_EDGE('',*,*,#12500,.F.);
#12500 = EDGE_CURVE('',#12501,#12493,#12503,.T.);
#12501 = VERTEX_POINT('',#12502);
#12502 = CARTESIAN_POINT('',(-8.55,-3.5,1.6));
#12503 = LINE('',#12504,#12505);
#12504 = CARTESIAN_POINT('',(-8.55,-3.5,0.));
#12505 = VECTOR('',#12506,1.);
#12506 = DIRECTION('',(0.,0.,-1.));
#12507 = ORIENTED_EDGE('',*,*,#12508,.F.);
#12508 = EDGE_CURVE('',#12485,#12501,#12509,.T.);
#12509 = LINE('',#12510,#12511);
#12510 = CARTESIAN_POINT('',(-8.55,-1.,1.6));
#12511 = VECTOR('',#12512,1.);
#12512 = DIRECTION('',(0.,-1.,0.));
#12513 = PLANE('',#12514);
#12514 = AXIS2_PLACEMENT_3D('',#12515,#12516,#12517);
#12515 = CARTESIAN_POINT('',(-8.55,-1.,0.));
#12516 = DIRECTION('',(1.,0.,0.));
#12517 = DIRECTION('',(0.,0.,-1.));
#12518 = ADVANCED_FACE('',(#12519),#12544,.F.);
#12519 = FACE_BOUND('',#12520,.T.);
#12520 = EDGE_LOOP('',(#12521,#12529,#12537,#12543));
#12521 = ORIENTED_EDGE('',*,*,#12522,.F.);
#12522 = EDGE_CURVE('',#12523,#12483,#12525,.T.);
#12523 = VERTEX_POINT('',#12524);
#12524 = CARTESIAN_POINT('',(-8.05,0.4,-1.6));
#12525 = LINE('',#12526,#12527);
#12526 = CARTESIAN_POINT('',(-8.275,0.4,-1.6));
#12527 = VECTOR('',#12528,1.);
#12528 = DIRECTION('',(-1.,0.,0.));
#12529 = ORIENTED_EDGE('',*,*,#12530,.T.);
#12530 = EDGE_CURVE('',#12523,#12531,#12533,.T.);
#12531 = VERTEX_POINT('',#12532);
#12532 = CARTESIAN_POINT('',(-8.05,-3.5,-1.6));
#12533 = LINE('',#12534,#12535);
#12534 = CARTESIAN_POINT('',(-8.05,-1.,-1.6));
#12535 = VECTOR('',#12536,1.);
#12536 = DIRECTION('',(0.,-1.,0.));
#12537 = ORIENTED_EDGE('',*,*,#12538,.T.);
#12538 = EDGE_CURVE('',#12531,#12493,#12539,.T.);
#12539 = LINE('',#12540,#12541);
#12540 = CARTESIAN_POINT('',(-8.3,-3.5,-1.6));
#12541 = VECTOR('',#12542,1.);
#12542 = DIRECTION('',(-1.,0.,0.));
#12543 = ORIENTED_EDGE('',*,*,#12492,.T.);
#12544 = PLANE('',#12545);
#12545 = AXIS2_PLACEMENT_3D('',#12546,#12547,#12548);
#12546 = CARTESIAN_POINT('',(-8.3,-1.,-1.6));
#12547 = DIRECTION('',(0.,0.,1.));
#12548 = DIRECTION('',(1.,0.,-0.));
#12549 = ADVANCED_FACE('',(#12550),#12575,.T.);
#12550 = FACE_BOUND('',#12551,.T.);
#12551 = EDGE_LOOP('',(#12552,#12560,#12561,#12569));
#12552 = ORIENTED_EDGE('',*,*,#12553,.F.);
#12553 = EDGE_CURVE('',#12485,#12554,#12556,.T.);
#12554 = VERTEX_POINT('',#12555);
#12555 = CARTESIAN_POINT('',(-8.05,0.4,1.6));
#12556 = LINE('',#12557,#12558);
#12557 = CARTESIAN_POINT('',(-8.275,0.4,1.6));
#12558 = VECTOR('',#12559,1.);
#12559 = DIRECTION('',(1.,0.,-0.));
#12560 = ORIENTED_EDGE('',*,*,#12508,.T.);
#12561 = ORIENTED_EDGE('',*,*,#12562,.T.);
#12562 = EDGE_CURVE('',#12501,#12563,#12565,.T.);
#12563 = VERTEX_POINT('',#12564);
#12564 = CARTESIAN_POINT('',(-8.05,-3.5,1.6));
#12565 = LINE('',#12566,#12567);
#12566 = CARTESIAN_POINT('',(-8.3,-3.5,1.6));
#12567 = VECTOR('',#12568,1.);
#12568 = DIRECTION('',(1.,0.,0.));
#12569 = ORIENTED_EDGE('',*,*,#12570,.T.);
#12570 = EDGE_CURVE('',#12563,#12554,#12571,.T.);
#12571 = LINE('',#12572,#12573);
#12572 = CARTESIAN_POINT('',(-8.05,-1.,1.6));
#12573 = VECTOR('',#12574,1.);
#12574 = DIRECTION('',(0.,1.,0.));
#12575 = PLANE('',#12576);
#12576 = AXIS2_PLACEMENT_3D('',#12577,#12578,#12579);
#12577 = CARTESIAN_POINT('',(-8.3,-1.,1.6));
#12578 = DIRECTION('',(0.,0.,1.));
#12579 = DIRECTION('',(1.,0.,-0.));
#12580 = ADVANCED_FACE('',(#12581),#12592,.F.);
#12581 = FACE_BOUND('',#12582,.T.);
#12582 = EDGE_LOOP('',(#12583,#12584,#12585,#12591));
#12583 = ORIENTED_EDGE('',*,*,#12500,.T.);
#12584 = ORIENTED_EDGE('',*,*,#12538,.F.);
#12585 = ORIENTED_EDGE('',*,*,#12586,.F.);
#12586 = EDGE_CURVE('',#12563,#12531,#12587,.T.);
#12587 = LINE('',#12588,#12589);
#12588 = CARTESIAN_POINT('',(-8.05,-3.5,0.));
#12589 = VECTOR('',#12590,1.);
#12590 = DIRECTION('',(0.,0.,-1.));
#12591 = ORIENTED_EDGE('',*,*,#12562,.F.);
#12592 = PLANE('',#12593);
#12593 = AXIS2_PLACEMENT_3D('',#12594,#12595,#12596);
#12594 = CARTESIAN_POINT('',(-8.3,-3.5,0.));
#12595 = DIRECTION('',(0.,1.,0.));
#12596 = DIRECTION('',(0.,-0.,1.));
#12597 = ADVANCED_FACE('',(#12598),#12609,.F.);
#12598 = FACE_BOUND('',#12599,.T.);
#12599 = EDGE_LOOP('',(#12600,#12606,#12607,#12608));
#12600 = ORIENTED_EDGE('',*,*,#12601,.F.);
#12601 = EDGE_CURVE('',#12554,#12523,#12602,.T.);
#12602 = LINE('',#12603,#12604);
#12603 = CARTESIAN_POINT('',(-8.05,0.4,-1.6));
#12604 = VECTOR('',#12605,1.);
#12605 = DIRECTION('',(-0.,-0.,-1.));
#12606 = ORIENTED_EDGE('',*,*,#12570,.F.);
#12607 = ORIENTED_EDGE('',*,*,#12586,.T.);
#12608 = ORIENTED_EDGE('',*,*,#12530,.F.);
#12609 = PLANE('',#12610);
#12610 = AXIS2_PLACEMENT_3D('',#12611,#12612,#12613);
#12611 = CARTESIAN_POINT('',(-8.05,-1.,0.));
#12612 = DIRECTION('',(-1.,0.,0.));
#12613 = DIRECTION('',(0.,0.,1.));
#12614 = ADVANCED_FACE('',(#12615),#12697,.F.);
#12615 = FACE_BOUND('',#12616,.T.);
#12616 = EDGE_LOOP('',(#12617,#12627,#12635,#12643,#12651,#12658,#12659,
    #12667,#12674,#12675,#12683,#12691));
#12617 = ORIENTED_EDGE('',*,*,#12618,.F.);
#12618 = EDGE_CURVE('',#12619,#12621,#12623,.T.);
#12619 = VERTEX_POINT('',#12620);
#12620 = CARTESIAN_POINT('',(-7.1,10.6,-1.8));
#12621 = VERTEX_POINT('',#12622);
#12622 = CARTESIAN_POINT('',(-6.8,10.6,-1.8));
#12623 = LINE('',#12624,#12625);
#12624 = CARTESIAN_POINT('',(-1.633360937003,10.6,-1.8));
#12625 = VECTOR('',#12626,1.);
#12626 = DIRECTION('',(1.,0.,0.));
#12627 = ORIENTED_EDGE('',*,*,#12628,.F.);
#12628 = EDGE_CURVE('',#12629,#12619,#12631,.T.);
#12629 = VERTEX_POINT('',#12630);
#12630 = CARTESIAN_POINT('',(-7.1,11.503691041972,-1.8));
#12631 = LINE('',#12632,#12633);
#12632 = CARTESIAN_POINT('',(-7.1,11.503691041972,-1.8));
#12633 = VECTOR('',#12634,1.);
#12634 = DIRECTION('',(0.,-1.,0.));
#12635 = ORIENTED_EDGE('',*,*,#12636,.F.);
#12636 = EDGE_CURVE('',#12637,#12629,#12639,.T.);
#12637 = VERTEX_POINT('',#12638);
#12638 = CARTESIAN_POINT('',(8.820385941796,16.068788250281,-1.8));
#12639 = LINE('',#12640,#12641);
#12640 = CARTESIAN_POINT('',(8.820385941796,16.068788250281,-1.8));
#12641 = VECTOR('',#12642,1.);
#12642 = DIRECTION('',(-0.961261695938,-0.275637355817,0.));
#12643 = ORIENTED_EDGE('',*,*,#12644,.F.);
#12644 = EDGE_CURVE('',#12645,#12637,#12647,.T.);
#12645 = VERTEX_POINT('',#12646);
#12646 = CARTESIAN_POINT('',(8.627439792724,16.741671437438,-1.8));
#12647 = LINE('',#12648,#12649);
#12648 = CARTESIAN_POINT('',(8.627439792724,16.741671437438,-1.8));
#12649 = VECTOR('',#12650,1.);
#12650 = DIRECTION('',(0.275637355817,-0.961261695938,0.));
#12651 = ORIENTED_EDGE('',*,*,#12652,.F.);
#12652 = EDGE_CURVE('',#12129,#12645,#12653,.T.);
#12653 = CIRCLE('',#12654,1.3);
#12654 = AXIS2_PLACEMENT_3D('',#12655,#12656,#12657);
#12655 = CARTESIAN_POINT('',(9.877079997443,17.1,-1.8));
#12656 = DIRECTION('',(0.,0.,1.));
#12657 = DIRECTION('',(1.,0.,-0.));
#12658 = ORIENTED_EDGE('',*,*,#12153,.F.);
#12659 = ORIENTED_EDGE('',*,*,#12660,.F.);
#12660 = EDGE_CURVE('',#12661,#12146,#12663,.T.);
#12661 = VERTEX_POINT('',#12662);
#12662 = CARTESIAN_POINT('',(10.838341693382,17.375637355817,-1.8));
#12663 = LINE('',#12664,#12665);
#12664 = CARTESIAN_POINT('',(10.838341693382,17.375637355817,-1.8));
#12665 = VECTOR('',#12666,1.);
#12666 = DIRECTION('',(0.961261695938,0.275637355817,0.));
#12667 = ORIENTED_EDGE('',*,*,#12668,.T.);
#12668 = EDGE_CURVE('',#12661,#12169,#12669,.T.);
#12669 = CIRCLE('',#12670,1.);
#12670 = AXIS2_PLACEMENT_3D('',#12671,#12672,#12673);
#12671 = CARTESIAN_POINT('',(9.877079997443,17.1,-1.8));
#12672 = DIRECTION('',(0.,0.,1.));
#12673 = DIRECTION('',(1.,0.,-0.));
#12674 = ORIENTED_EDGE('',*,*,#12168,.T.);
#12675 = ORIENTED_EDGE('',*,*,#12676,.F.);
#12676 = EDGE_CURVE('',#12677,#12171,#12679,.T.);
#12677 = VERTEX_POINT('',#12678);
#12678 = CARTESIAN_POINT('',(9.191455657322,15.863100948245,-1.8));
#12679 = LINE('',#12680,#12681);
#12680 = CARTESIAN_POINT('',(9.191455657322,15.863100948245,-1.8));
#12681 = VECTOR('',#12682,1.);
#12682 = DIRECTION('',(-0.275637355817,0.961261695938,0.));
#12683 = ORIENTED_EDGE('',*,*,#12684,.F.);
#12684 = EDGE_CURVE('',#12685,#12677,#12687,.T.);
#12685 = VERTEX_POINT('',#12686);
#12686 = CARTESIAN_POINT('',(-6.8,11.277624826941,-1.8));
#12687 = LINE('',#12688,#12689);
#12688 = CARTESIAN_POINT('',(-6.8,11.277624826941,-1.8));
#12689 = VECTOR('',#12690,1.);
#12690 = DIRECTION('',(0.961261695938,0.275637355817,0.));
#12691 = ORIENTED_EDGE('',*,*,#12692,.F.);
#12692 = EDGE_CURVE('',#12621,#12685,#12693,.T.);
#12693 = LINE('',#12694,#12695);
#12694 = CARTESIAN_POINT('',(-6.8,9.77422683138,-1.8));
#12695 = VECTOR('',#12696,1.);
#12696 = DIRECTION('',(0.,1.,0.));
#12697 = PLANE('',#12698);
#12698 = AXIS2_PLACEMENT_3D('',#12699,#12700,#12701);
#12699 = CARTESIAN_POINT('',(2.133278125994,14.198527612074,-1.8));
#12700 = DIRECTION('',(0.,0.,1.));
#12701 = DIRECTION('',(1.,0.,-0.));
#12702 = ADVANCED_FACE('',(#12703),#12728,.T.);
#12703 = FACE_BOUND('',#12704,.T.);
#12704 = EDGE_LOOP('',(#12705,#12713,#12721,#12727));
#12705 = ORIENTED_EDGE('',*,*,#12706,.F.);
#12706 = EDGE_CURVE('',#12707,#12619,#12709,.T.);
#12707 = VERTEX_POINT('',#12708);
#12708 = CARTESIAN_POINT('',(-7.1,10.6,1.8));
#12709 = LINE('',#12710,#12711);
#12710 = CARTESIAN_POINT('',(-7.1,10.6,-2.5));
#12711 = VECTOR('',#12712,1.);
#12712 = DIRECTION('',(0.,0.,-1.));
#12713 = ORIENTED_EDGE('',*,*,#12714,.T.);
#12714 = EDGE_CURVE('',#12707,#12715,#12717,.T.);
#12715 = VERTEX_POINT('',#12716);
#12716 = CARTESIAN_POINT('',(-7.1,11.503691041972,1.8));
#12717 = LINE('',#12718,#12719);
#12718 = CARTESIAN_POINT('',(-7.1,11.503691041972,1.8));
#12719 = VECTOR('',#12720,1.);
#12720 = DIRECTION('',(0.,1.,0.));
#12721 = ORIENTED_EDGE('',*,*,#12722,.F.);
#12722 = EDGE_CURVE('',#12629,#12715,#12723,.T.);
#12723 = LINE('',#12724,#12725);
#12724 = CARTESIAN_POINT('',(-7.1,11.503691041972,-1.8));
#12725 = VECTOR('',#12726,1.);
#12726 = DIRECTION('',(0.,0.,1.));
#12727 = ORIENTED_EDGE('',*,*,#12628,.T.);
#12728 = PLANE('',#12729);
#12729 = AXIS2_PLACEMENT_3D('',#12730,#12731,#12732);
#12730 = CARTESIAN_POINT('',(-7.1,10.638958936676,-1.8));
#12731 = DIRECTION('',(-1.,0.,0.));
#12732 = DIRECTION('',(0.,-1.,0.));
#12733 = ADVANCED_FACE('',(#12734),#12753,.F.);
#12734 = FACE_BOUND('',#12735,.F.);
#12735 = EDGE_LOOP('',(#12736,#12745,#12751,#12752));
#12736 = ORIENTED_EDGE('',*,*,#12737,.F.);
#12737 = EDGE_CURVE('',#12738,#12188,#12740,.T.);
#12738 = VERTEX_POINT('',#12739);
#12739 = CARTESIAN_POINT('',(10.838341693382,17.375637355817,1.8));
#12740 = CIRCLE('',#12741,1.);
#12741 = AXIS2_PLACEMENT_3D('',#12742,#12743,#12744);
#12742 = CARTESIAN_POINT('',(9.877079997443,17.1,1.8));
#12743 = DIRECTION('',(0.,0.,1.));
#12744 = DIRECTION('',(1.,0.,-0.));
#12745 = ORIENTED_EDGE('',*,*,#12746,.F.);
#12746 = EDGE_CURVE('',#12661,#12738,#12747,.T.);
#12747 = LINE('',#12748,#12749);
#12748 = CARTESIAN_POINT('',(10.838341693382,17.375637355817,-1.8));
#12749 = VECTOR('',#12750,1.);
#12750 = DIRECTION('',(0.,0.,1.));
#12751 = ORIENTED_EDGE('',*,*,#12668,.T.);
#12752 = ORIENTED_EDGE('',*,*,#12196,.F.);
#12753 = CYLINDRICAL_SURFACE('',#12754,1.);
#12754 = AXIS2_PLACEMENT_3D('',#12755,#12756,#12757);
#12755 = CARTESIAN_POINT('',(9.877079997443,17.1,-1.8));
#12756 = DIRECTION('',(0.,0.,1.));
#12757 = DIRECTION('',(1.,0.,-0.));
#12758 = ADVANCED_FACE('',(#12759),#12777,.T.);
#12759 = FACE_BOUND('',#12760,.T.);
#12760 = EDGE_LOOP('',(#12761,#12769,#12775,#12776));
#12761 = ORIENTED_EDGE('',*,*,#12762,.T.);
#12762 = EDGE_CURVE('',#12180,#12763,#12765,.T.);
#12763 = VERTEX_POINT('',#12764);
#12764 = CARTESIAN_POINT('',(9.191455657322,15.863100948245,1.8));
#12765 = LINE('',#12766,#12767);
#12766 = CARTESIAN_POINT('',(9.191455657322,15.863100948245,1.8));
#12767 = VECTOR('',#12768,1.);
#12768 = DIRECTION('',(0.275637355817,-0.961261695938,0.));
#12769 = ORIENTED_EDGE('',*,*,#12770,.F.);
#12770 = EDGE_CURVE('',#12677,#12763,#12771,.T.);
#12771 = LINE('',#12772,#12773);
#12772 = CARTESIAN_POINT('',(9.191455657322,15.863100948245,-1.8));
#12773 = VECTOR('',#12774,1.);
#12774 = DIRECTION('',(0.,0.,1.));
#12775 = ORIENTED_EDGE('',*,*,#12676,.T.);
#12776 = ORIENTED_EDGE('',*,*,#12179,.T.);
#12777 = PLANE('',#12778);
#12778 = AXIS2_PLACEMENT_3D('',#12779,#12780,#12781);
#12779 = CARTESIAN_POINT('',(9.053636979414,16.343731796214,-1.8));
#12780 = DIRECTION('',(0.961261695938,0.275637355817,0.));
#12781 = DIRECTION('',(-0.275637355817,0.961261695938,0.));
#12782 = ADVANCED_FACE('',(#12783),#12801,.T.);
#12783 = FACE_BOUND('',#12784,.T.);
#12784 = EDGE_LOOP('',(#12785,#12793,#12799,#12800));
#12785 = ORIENTED_EDGE('',*,*,#12786,.T.);
#12786 = EDGE_CURVE('',#12763,#12787,#12789,.T.);
#12787 = VERTEX_POINT('',#12788);
#12788 = CARTESIAN_POINT('',(-6.8,11.277624826941,1.8));
#12789 = LINE('',#12790,#12791);
#12790 = CARTESIAN_POINT('',(-6.8,11.277624826941,1.8));
#12791 = VECTOR('',#12792,1.);
#12792 = DIRECTION('',(-0.961261695938,-0.275637355817,-0.));
#12793 = ORIENTED_EDGE('',*,*,#12794,.F.);
#12794 = EDGE_CURVE('',#12685,#12787,#12795,.T.);
#12795 = LINE('',#12796,#12797);
#12796 = CARTESIAN_POINT('',(-6.8,11.277624826941,-1.8));
#12797 = VECTOR('',#12798,1.);
#12798 = DIRECTION('',(0.,0.,1.));
#12799 = ORIENTED_EDGE('',*,*,#12684,.T.);
#12800 = ORIENTED_EDGE('',*,*,#12770,.T.);
#12801 = PLANE('',#12802);
#12802 = AXIS2_PLACEMENT_3D('',#12803,#12804,#12805);
#12803 = CARTESIAN_POINT('',(1.195727828661,13.570362887593,-1.8));
#12804 = DIRECTION('',(0.275637355817,-0.961261695938,0.));
#12805 = DIRECTION('',(0.961261695938,0.275637355817,0.));
#12806 = ADVANCED_FACE('',(#12807),#12825,.T.);
#12807 = FACE_BOUND('',#12808,.T.);
#12808 = EDGE_LOOP('',(#12809,#12817,#12818,#12819));
#12809 = ORIENTED_EDGE('',*,*,#12810,.F.);
#12810 = EDGE_CURVE('',#12621,#12811,#12813,.T.);
#12811 = VERTEX_POINT('',#12812);
#12812 = CARTESIAN_POINT('',(-6.8,10.6,1.8));
#12813 = LINE('',#12814,#12815);
#12814 = CARTESIAN_POINT('',(-6.8,10.6,-2.5));
#12815 = VECTOR('',#12816,1.);
#12816 = DIRECTION('',(0.,0.,1.));
#12817 = ORIENTED_EDGE('',*,*,#12692,.T.);
#12818 = ORIENTED_EDGE('',*,*,#12794,.T.);
#12819 = ORIENTED_EDGE('',*,*,#12820,.T.);
#12820 = EDGE_CURVE('',#12787,#12811,#12821,.T.);
#12821 = LINE('',#12822,#12823);
#12822 = CARTESIAN_POINT('',(-6.8,9.77422683138,1.8));
#12823 = VECTOR('',#12824,1.);
#12824 = DIRECTION('',(-0.,-1.,-0.));
#12825 = PLANE('',#12826);
#12826 = AXIS2_PLACEMENT_3D('',#12827,#12828,#12829);
#12827 = CARTESIAN_POINT('',(-6.8,10.525925829161,-1.8));
#12828 = DIRECTION('',(1.,0.,0.));
#12829 = DIRECTION('',(-0.,1.,0.));
#12830 = ADVANCED_FACE('',(#12831),#12849,.T.);
#12831 = FACE_BOUND('',#12832,.T.);
#12832 = EDGE_LOOP('',(#12833,#12841,#12847,#12848));
#12833 = ORIENTED_EDGE('',*,*,#12834,.T.);
#12834 = EDGE_CURVE('',#12715,#12835,#12837,.T.);
#12835 = VERTEX_POINT('',#12836);
#12836 = CARTESIAN_POINT('',(8.820385941796,16.068788250281,1.8));
#12837 = LINE('',#12838,#12839);
#12838 = CARTESIAN_POINT('',(8.820385941796,16.068788250281,1.8));
#12839 = VECTOR('',#12840,1.);
#12840 = DIRECTION('',(0.961261695938,0.275637355817,0.));
#12841 = ORIENTED_EDGE('',*,*,#12842,.F.);
#12842 = EDGE_CURVE('',#12637,#12835,#12843,.T.);
#12843 = LINE('',#12844,#12845);
#12844 = CARTESIAN_POINT('',(8.820385941796,16.068788250281,-1.8));
#12845 = VECTOR('',#12846,1.);
#12846 = DIRECTION('',(0.,0.,1.));
#12847 = ORIENTED_EDGE('',*,*,#12636,.T.);
#12848 = ORIENTED_EDGE('',*,*,#12722,.T.);
#12849 = PLANE('',#12850);
#12850 = AXIS2_PLACEMENT_3D('',#12851,#12852,#12853);
#12851 = CARTESIAN_POINT('',(0.860192970898,13.786239646126,-1.8));
#12852 = DIRECTION('',(-0.275637355817,0.961261695938,0.));
#12853 = DIRECTION('',(-0.961261695938,-0.275637355817,0.));
#12854 = ADVANCED_FACE('',(#12855),#12873,.T.);
#12855 = FACE_BOUND('',#12856,.T.);
#12856 = EDGE_LOOP('',(#12857,#12865,#12871,#12872));
#12857 = ORIENTED_EDGE('',*,*,#12858,.T.);
#12858 = EDGE_CURVE('',#12835,#12859,#12861,.T.);
#12859 = VERTEX_POINT('',#12860);
#12860 = CARTESIAN_POINT('',(8.627439792724,16.741671437438,1.8));
#12861 = LINE('',#12862,#12863);
#12862 = CARTESIAN_POINT('',(8.627439792724,16.741671437438,1.8));
#12863 = VECTOR('',#12864,1.);
#12864 = DIRECTION('',(-0.275637355817,0.961261695938,0.));
#12865 = ORIENTED_EDGE('',*,*,#12866,.F.);
#12866 = EDGE_CURVE('',#12645,#12859,#12867,.T.);
#12867 = LINE('',#12868,#12869);
#12868 = CARTESIAN_POINT('',(8.627439792724,16.741671437438,-1.8));
#12869 = VECTOR('',#12870,1.);
#12870 = DIRECTION('',(0.,0.,1.));
#12871 = ORIENTED_EDGE('',*,*,#12644,.T.);
#12872 = ORIENTED_EDGE('',*,*,#12842,.T.);
#12873 = PLANE('',#12874);
#12874 = AXIS2_PLACEMENT_3D('',#12875,#12876,#12877);
#12875 = CARTESIAN_POINT('',(8.72391286726,16.40522984386,-1.8));
#12876 = DIRECTION('',(-0.961261695938,-0.275637355817,0.));
#12877 = DIRECTION('',(0.275637355817,-0.961261695938,0.));
#12878 = ADVANCED_FACE('',(#12879),#12891,.T.);
#12879 = FACE_BOUND('',#12880,.T.);
#12880 = EDGE_LOOP('',(#12881,#12882,#12883,#12884));
#12881 = ORIENTED_EDGE('',*,*,#12126,.T.);
#12882 = ORIENTED_EDGE('',*,*,#12652,.T.);
#12883 = ORIENTED_EDGE('',*,*,#12866,.T.);
#12884 = ORIENTED_EDGE('',*,*,#12885,.T.);
#12885 = EDGE_CURVE('',#12859,#12127,#12886,.T.);
#12886 = CIRCLE('',#12887,1.3);
#12887 = AXIS2_PLACEMENT_3D('',#12888,#12889,#12890);
#12888 = CARTESIAN_POINT('',(9.877079997443,17.1,1.8));
#12889 = DIRECTION('',(0.,0.,-1.));
#12890 = DIRECTION('',(1.,0.,0.));
#12891 = CYLINDRICAL_SURFACE('',#12892,1.3);
#12892 = AXIS2_PLACEMENT_3D('',#12893,#12894,#12895);
#12893 = CARTESIAN_POINT('',(9.877079997443,17.1,-1.8));
#12894 = DIRECTION('',(0.,0.,1.));
#12895 = DIRECTION('',(1.,0.,-0.));
#12896 = ADVANCED_FACE('',(#12897),#12908,.T.);
#12897 = FACE_BOUND('',#12898,.T.);
#12898 = EDGE_LOOP('',(#12899,#12905,#12906,#12907));
#12899 = ORIENTED_EDGE('',*,*,#12900,.T.);
#12900 = EDGE_CURVE('',#12137,#12738,#12901,.T.);
#12901 = LINE('',#12902,#12903);
#12902 = CARTESIAN_POINT('',(10.838341693382,17.375637355817,1.8));
#12903 = VECTOR('',#12904,1.);
#12904 = DIRECTION('',(-0.961261695938,-0.275637355817,-0.));
#12905 = ORIENTED_EDGE('',*,*,#12746,.F.);
#12906 = ORIENTED_EDGE('',*,*,#12660,.T.);
#12907 = ORIENTED_EDGE('',*,*,#12145,.T.);
#12908 = PLANE('',#12909);
#12909 = AXIS2_PLACEMENT_3D('',#12910,#12911,#12912);
#12910 = CARTESIAN_POINT('',(10.982530947772,17.41698295919,-1.8));
#12911 = DIRECTION('',(0.275637355817,-0.961261695938,0.));
#12912 = DIRECTION('',(0.961261695938,0.275637355817,0.));
#12913 = ADVANCED_FACE('',(#12914),#12933,.T.);
#12914 = FACE_BOUND('',#12915,.T.);
#12915 = EDGE_LOOP('',(#12916,#12922,#12923,#12924,#12925,#12926,#12927,
    #12928,#12929,#12930,#12931,#12932));
#12916 = ORIENTED_EDGE('',*,*,#12917,.F.);
#12917 = EDGE_CURVE('',#12811,#12707,#12918,.T.);
#12918 = LINE('',#12919,#12920);
#12919 = CARTESIAN_POINT('',(-1.633360937003,10.6,1.8));
#12920 = VECTOR('',#12921,1.);
#12921 = DIRECTION('',(-1.,0.,0.));
#12922 = ORIENTED_EDGE('',*,*,#12820,.F.);
#12923 = ORIENTED_EDGE('',*,*,#12786,.F.);
#12924 = ORIENTED_EDGE('',*,*,#12762,.F.);
#12925 = ORIENTED_EDGE('',*,*,#12187,.F.);
#12926 = ORIENTED_EDGE('',*,*,#12737,.F.);
#12927 = ORIENTED_EDGE('',*,*,#12900,.F.);
#12928 = ORIENTED_EDGE('',*,*,#12136,.F.);
#12929 = ORIENTED_EDGE('',*,*,#12885,.F.);
#12930 = ORIENTED_EDGE('',*,*,#12858,.F.);
#12931 = ORIENTED_EDGE('',*,*,#12834,.F.);
#12932 = ORIENTED_EDGE('',*,*,#12714,.F.);
#12933 = PLANE('',#12934);
#12934 = AXIS2_PLACEMENT_3D('',#12935,#12936,#12937);
#12935 = CARTESIAN_POINT('',(2.133278125994,14.198527612074,1.8));
#12936 = DIRECTION('',(0.,0.,1.));
#12937 = DIRECTION('',(1.,0.,-0.));
#12938 = ADVANCED_FACE('',(#12939),#12974,.F.);
#12939 = FACE_BOUND('',#12940,.T.);
#12940 = EDGE_LOOP('',(#12941,#12951,#12959,#12968));
#12941 = ORIENTED_EDGE('',*,*,#12942,.F.);
#12942 = EDGE_CURVE('',#12943,#12945,#12947,.T.);
#12943 = VERTEX_POINT('',#12944);
#12944 = CARTESIAN_POINT('',(-3.8,10.6,-1.6));
#12945 = VERTEX_POINT('',#12946);
#12946 = CARTESIAN_POINT('',(-1.8,10.6,-1.6));
#12947 = LINE('',#12948,#12949);
#12948 = CARTESIAN_POINT('',(-4.1,10.6,-1.6));
#12949 = VECTOR('',#12950,1.);
#12950 = DIRECTION('',(1.,0.,0.));
#12951 = ORIENTED_EDGE('',*,*,#12952,.T.);
#12952 = EDGE_CURVE('',#12943,#12953,#12955,.T.);
#12953 = VERTEX_POINT('',#12954);
#12954 = CARTESIAN_POINT('',(-3.8,11.263324958071,-1.6));
#12955 = LINE('',#12956,#12957);
#12956 = CARTESIAN_POINT('',(-3.8,8.538884086868,-1.6));
#12957 = VECTOR('',#12958,1.);
#12958 = DIRECTION('',(-1.630019629143E-16,1.,0.));
#12959 = ORIENTED_EDGE('',*,*,#12960,.F.);
#12960 = EDGE_CURVE('',#12961,#12953,#12963,.T.);
#12961 = VERTEX_POINT('',#12962);
#12962 = CARTESIAN_POINT('',(-1.8,11.263324958071,-1.6));
#12963 = CIRCLE('',#12964,1.2);
#12964 = AXIS2_PLACEMENT_3D('',#12965,#12966,#12967);
#12965 = CARTESIAN_POINT('',(-2.8,10.6,-1.6));
#12966 = DIRECTION('',(0.,0.,1.));
#12967 = DIRECTION('',(1.,0.,-0.));
#12968 = ORIENTED_EDGE('',*,*,#12969,.T.);
#12969 = EDGE_CURVE('',#12961,#12945,#12970,.T.);
#12970 = LINE('',#12971,#12972);
#12971 = CARTESIAN_POINT('',(-1.8,11.263324958071,-1.6));
#12972 = VECTOR('',#12973,1.);
#12973 = DIRECTION('',(0.,-1.,0.));
#12974 = PLANE('',#12975);
#12975 = AXIS2_PLACEMENT_3D('',#12976,#12977,#12978);
#12976 = CARTESIAN_POINT('',(-2.8,10.028001655496,-1.6));
#12977 = DIRECTION('',(0.,0.,1.));
#12978 = DIRECTION('',(1.,0.,-0.));
#12979 = ADVANCED_FACE('',(#12980),#13005,.T.);
#12980 = FACE_BOUND('',#12981,.T.);
#12981 = EDGE_LOOP('',(#12982,#12990,#12998,#13004));
#12982 = ORIENTED_EDGE('',*,*,#12983,.F.);
#12983 = EDGE_CURVE('',#12984,#12943,#12986,.T.);
#12984 = VERTEX_POINT('',#12985);
#12985 = CARTESIAN_POINT('',(-3.8,10.6,1.6));
#12986 = LINE('',#12987,#12988);
#12987 = CARTESIAN_POINT('',(-3.8,10.6,-2.4));
#12988 = VECTOR('',#12989,1.);
#12989 = DIRECTION('',(-0.,0.,-1.));
#12990 = ORIENTED_EDGE('',*,*,#12991,.T.);
#12991 = EDGE_CURVE('',#12984,#12992,#12994,.T.);
#12992 = VERTEX_POINT('',#12993);
#12993 = CARTESIAN_POINT('',(-3.8,11.263324958071,1.6));
#12994 = LINE('',#12995,#12996);
#12995 = CARTESIAN_POINT('',(-3.8,8.538884086868,1.6));
#12996 = VECTOR('',#12997,1.);
#12997 = DIRECTION('',(-1.630019629143E-16,1.,0.));
#12998 = ORIENTED_EDGE('',*,*,#12999,.F.);
#12999 = EDGE_CURVE('',#12953,#12992,#13000,.T.);
#13000 = LINE('',#13001,#13002);
#13001 = CARTESIAN_POINT('',(-3.8,11.263324958071,-1.6));
#13002 = VECTOR('',#13003,1.);
#13003 = DIRECTION('',(0.,0.,1.));
#13004 = ORIENTED_EDGE('',*,*,#12952,.F.);
#13005 = PLANE('',#13006);
#13006 = AXIS2_PLACEMENT_3D('',#13007,#13008,#13009);
#13007 = CARTESIAN_POINT('',(-3.8,9.901104522469,-1.6));
#13008 = DIRECTION('',(-1.,-1.630019629143E-16,0.));
#13009 = DIRECTION('',(1.630019629143E-16,-1.,0.));
#13010 = ADVANCED_FACE('',(#13011),#13030,.T.);
#13011 = FACE_BOUND('',#13012,.T.);
#13012 = EDGE_LOOP('',(#13013,#13022,#13028,#13029));
#13013 = ORIENTED_EDGE('',*,*,#13014,.T.);
#13014 = EDGE_CURVE('',#12992,#13015,#13017,.T.);
#13015 = VERTEX_POINT('',#13016);
#13016 = CARTESIAN_POINT('',(-1.8,11.263324958071,1.6));
#13017 = CIRCLE('',#13018,1.2);
#13018 = AXIS2_PLACEMENT_3D('',#13019,#13020,#13021);
#13019 = CARTESIAN_POINT('',(-2.8,10.6,1.6));
#13020 = DIRECTION('',(0.,0.,-1.));
#13021 = DIRECTION('',(1.,0.,0.));
#13022 = ORIENTED_EDGE('',*,*,#13023,.F.);
#13023 = EDGE_CURVE('',#12961,#13015,#13024,.T.);
#13024 = LINE('',#13025,#13026);
#13025 = CARTESIAN_POINT('',(-1.8,11.263324958071,-1.6));
#13026 = VECTOR('',#13027,1.);
#13027 = DIRECTION('',(0.,0.,1.));
#13028 = ORIENTED_EDGE('',*,*,#12960,.T.);
#13029 = ORIENTED_EDGE('',*,*,#12999,.T.);
#13030 = CYLINDRICAL_SURFACE('',#13031,1.2);
#13031 = AXIS2_PLACEMENT_3D('',#13032,#13033,#13034);
#13032 = CARTESIAN_POINT('',(-2.8,10.6,-1.6));
#13033 = DIRECTION('',(0.,0.,1.));
#13034 = DIRECTION('',(1.,0.,-0.));
#13035 = ADVANCED_FACE('',(#13036),#13054,.T.);
#13036 = FACE_BOUND('',#13037,.T.);
#13037 = EDGE_LOOP('',(#13038,#13046,#13047,#13048));
#13038 = ORIENTED_EDGE('',*,*,#13039,.F.);
#13039 = EDGE_CURVE('',#12945,#13040,#13042,.T.);
#13040 = VERTEX_POINT('',#13041);
#13041 = CARTESIAN_POINT('',(-1.8,10.6,1.6));
#13042 = LINE('',#13043,#13044);
#13043 = CARTESIAN_POINT('',(-1.8,10.6,-2.4));
#13044 = VECTOR('',#13045,1.);
#13045 = DIRECTION('',(0.,0.,1.));
#13046 = ORIENTED_EDGE('',*,*,#12969,.F.);
#13047 = ORIENTED_EDGE('',*,*,#13023,.T.);
#13048 = ORIENTED_EDGE('',*,*,#13049,.T.);
#13049 = EDGE_CURVE('',#13015,#13040,#13050,.T.);
#13050 = LINE('',#13051,#13052);
#13051 = CARTESIAN_POINT('',(-1.8,11.263324958071,1.6));
#13052 = VECTOR('',#13053,1.);
#13053 = DIRECTION('',(0.,-1.,0.));
#13054 = PLANE('',#13055);
#13055 = AXIS2_PLACEMENT_3D('',#13056,#13057,#13058);
#13056 = CARTESIAN_POINT('',(-1.8,9.901104522469,-1.6));
#13057 = DIRECTION('',(1.,0.,0.));
#13058 = DIRECTION('',(-0.,1.,0.));
#13059 = ADVANCED_FACE('',(#13060),#13071,.T.);
#13060 = FACE_BOUND('',#13061,.T.);
#13061 = EDGE_LOOP('',(#13062,#13068,#13069,#13070));
#13062 = ORIENTED_EDGE('',*,*,#13063,.F.);
#13063 = EDGE_CURVE('',#13040,#12984,#13064,.T.);
#13064 = LINE('',#13065,#13066);
#13065 = CARTESIAN_POINT('',(-4.1,10.6,1.6));
#13066 = VECTOR('',#13067,1.);
#13067 = DIRECTION('',(-1.,0.,0.));
#13068 = ORIENTED_EDGE('',*,*,#13049,.F.);
#13069 = ORIENTED_EDGE('',*,*,#13014,.F.);
#13070 = ORIENTED_EDGE('',*,*,#12991,.F.);
#13071 = PLANE('',#13072);
#13072 = AXIS2_PLACEMENT_3D('',#13073,#13074,#13075);
#13073 = CARTESIAN_POINT('',(-2.8,10.028001655496,1.6));
#13074 = DIRECTION('',(0.,0.,1.));
#13075 = DIRECTION('',(1.,0.,-0.));
#13076 = ADVANCED_FACE('',(#13077),#13111,.T.);
#13077 = FACE_BOUND('',#13078,.T.);
#13078 = EDGE_LOOP('',(#13079,#13089,#13097,#13105));
#13079 = ORIENTED_EDGE('',*,*,#13080,.F.);
#13080 = EDGE_CURVE('',#13081,#13083,#13085,.T.);
#13081 = VERTEX_POINT('',#13082);
#13082 = CARTESIAN_POINT('',(-4.36,1.73,3.2));
#13083 = VERTEX_POINT('',#13084);
#13084 = CARTESIAN_POINT('',(-5.24,1.73,3.2));
#13085 = LINE('',#13086,#13087);
#13086 = CARTESIAN_POINT('',(-2.843534059453,1.73,3.2));
#13087 = VECTOR('',#13088,1.);
#13088 = DIRECTION('',(-1.,0.,0.));
#13089 = ORIENTED_EDGE('',*,*,#13090,.F.);
#13090 = EDGE_CURVE('',#13091,#13081,#13093,.T.);
#13091 = VERTEX_POINT('',#13092);
#13092 = CARTESIAN_POINT('',(-4.36,1.73,-3.2));
#13093 = LINE('',#13094,#13095);
#13094 = CARTESIAN_POINT('',(-4.36,1.73,0.));
#13095 = VECTOR('',#13096,1.);
#13096 = DIRECTION('',(0.,0.,1.));
#13097 = ORIENTED_EDGE('',*,*,#13098,.F.);
#13098 = EDGE_CURVE('',#13099,#13091,#13101,.T.);
#13099 = VERTEX_POINT('',#13100);
#13100 = CARTESIAN_POINT('',(-5.24,1.73,-3.2));
#13101 = LINE('',#13102,#13103);
#13102 = CARTESIAN_POINT('',(-2.843534059453,1.73,-3.2));
#13103 = VECTOR('',#13104,1.);
#13104 = DIRECTION('',(1.,0.,0.));
#13105 = ORIENTED_EDGE('',*,*,#13106,.F.);
#13106 = EDGE_CURVE('',#13083,#13099,#13107,.T.);
#13107 = LINE('',#13108,#13109);
#13108 = CARTESIAN_POINT('',(-5.24,1.73,0.));
#13109 = VECTOR('',#13110,1.);
#13110 = DIRECTION('',(-0.,-0.,-1.));
#13111 = PLANE('',#13112);
#13112 = AXIS2_PLACEMENT_3D('',#13113,#13114,#13115);
#13113 = CARTESIAN_POINT('',(-5.5,1.73,0.));
#13114 = DIRECTION('',(0.,1.,0.));
#13115 = DIRECTION('',(0.,-0.,1.));
#13116 = ADVANCED_FACE('',(#13117),#13135,.F.);
#13117 = FACE_BOUND('',#13118,.F.);
#13118 = EDGE_LOOP('',(#13119,#13126,#13127,#13134));
#13119 = ORIENTED_EDGE('',*,*,#13120,.T.);
#13120 = EDGE_CURVE('',#12104,#13099,#13121,.T.);
#13121 = CIRCLE('',#13122,1.25);
#13122 = AXIS2_PLACEMENT_3D('',#13123,#13124,#13125);
#13123 = CARTESIAN_POINT('',(-4.8,2.9,-3.2));
#13124 = DIRECTION('',(0.,0.,1.));
#13125 = DIRECTION('',(1.,0.,-0.));
#13126 = ORIENTED_EDGE('',*,*,#13106,.F.);
#13127 = ORIENTED_EDGE('',*,*,#13128,.T.);
#13128 = EDGE_CURVE('',#13083,#12085,#13129,.T.);
#13129 = CIRCLE('',#13130,1.25);
#13130 = AXIS2_PLACEMENT_3D('',#13131,#13132,#13133);
#13131 = CARTESIAN_POINT('',(-4.8,2.9,3.2));
#13132 = DIRECTION('',(0.,0.,-1.));
#13133 = DIRECTION('',(1.,0.,0.));
#13134 = ORIENTED_EDGE('',*,*,#12112,.F.);
#13135 = CYLINDRICAL_SURFACE('',#13136,1.25);
#13136 = AXIS2_PLACEMENT_3D('',#13137,#13138,#13139);
#13137 = CARTESIAN_POINT('',(-4.8,2.9,0.));
#13138 = DIRECTION('',(0.,0.,1.));
#13139 = DIRECTION('',(1.,0.,-0.));
#13140 = ADVANCED_FACE('',(#13141),#13157,.T.);
#13141 = FACE_BOUND('',#13142,.T.);
#13142 = EDGE_LOOP('',(#13143,#13149,#13150,#13156));
#13143 = ORIENTED_EDGE('',*,*,#13144,.F.);
#13144 = EDGE_CURVE('',#12087,#12054,#13145,.T.);
#13145 = LINE('',#13146,#13147);
#13146 = CARTESIAN_POINT('',(-2.843534059453,4.08,3.2));
#13147 = VECTOR('',#13148,1.);
#13148 = DIRECTION('',(1.,0.,-0.));
#13149 = ORIENTED_EDGE('',*,*,#12095,.F.);
#13150 = ORIENTED_EDGE('',*,*,#13151,.F.);
#13151 = EDGE_CURVE('',#12045,#12096,#13152,.T.);
#13152 = LINE('',#13153,#13154);
#13153 = CARTESIAN_POINT('',(-2.843534059453,4.08,-3.2));
#13154 = VECTOR('',#13155,1.);
#13155 = DIRECTION('',(-1.,0.,0.));
#13156 = ORIENTED_EDGE('',*,*,#12053,.F.);
#13157 = PLANE('',#13158);
#13158 = AXIS2_PLACEMENT_3D('',#13159,#13160,#13161);
#13159 = CARTESIAN_POINT('',(-5.5,4.08,0.));
#13160 = DIRECTION('',(0.,-1.,0.));
#13161 = DIRECTION('',(0.,0.,-1.));
#13162 = ADVANCED_FACE('',(#13163),#13181,.F.);
#13163 = FACE_BOUND('',#13164,.F.);
#13164 = EDGE_LOOP('',(#13165,#13172,#13173,#13180));
#13165 = ORIENTED_EDGE('',*,*,#13166,.T.);
#13166 = EDGE_CURVE('',#12062,#13081,#13167,.T.);
#13167 = CIRCLE('',#13168,1.25);
#13168 = AXIS2_PLACEMENT_3D('',#13169,#13170,#13171);
#13169 = CARTESIAN_POINT('',(-4.8,2.9,3.2));
#13170 = DIRECTION('',(0.,0.,-1.));
#13171 = DIRECTION('',(1.,0.,0.));
#13172 = ORIENTED_EDGE('',*,*,#13090,.F.);
#13173 = ORIENTED_EDGE('',*,*,#13174,.T.);
#13174 = EDGE_CURVE('',#13091,#12043,#13175,.T.);
#13175 = CIRCLE('',#13176,1.25);
#13176 = AXIS2_PLACEMENT_3D('',#13177,#13178,#13179);
#13177 = CARTESIAN_POINT('',(-4.8,2.9,-3.2));
#13178 = DIRECTION('',(0.,0.,1.));
#13179 = DIRECTION('',(1.,0.,-0.));
#13180 = ORIENTED_EDGE('',*,*,#12070,.F.);
#13181 = CYLINDRICAL_SURFACE('',#13182,1.25);
#13182 = AXIS2_PLACEMENT_3D('',#13183,#13184,#13185);
#13183 = CARTESIAN_POINT('',(-4.8,2.9,0.));
#13184 = DIRECTION('',(0.,0.,1.));
#13185 = DIRECTION('',(1.,0.,-0.));
#13186 = ADVANCED_FACE('',(#13187),#13205,.F.);
#13187 = FACE_BOUND('',#13188,.F.);
#13188 = EDGE_LOOP('',(#13189,#13196,#13197,#13204));
#13189 = ORIENTED_EDGE('',*,*,#13190,.T.);
#13190 = EDGE_CURVE('',#12020,#12012,#13191,.T.);
#13191 = CIRCLE('',#13192,1.175);
#13192 = AXIS2_PLACEMENT_3D('',#13193,#13194,#13195);
#13193 = CARTESIAN_POINT('',(4.7,2.9,3.2));
#13194 = DIRECTION('',(0.,0.,-1.));
#13195 = DIRECTION('',(1.,0.,0.));
#13196 = ORIENTED_EDGE('',*,*,#12011,.F.);
#13197 = ORIENTED_EDGE('',*,*,#13198,.T.);
#13198 = EDGE_CURVE('',#12003,#12001,#13199,.T.);
#13199 = CIRCLE('',#13200,1.175);
#13200 = AXIS2_PLACEMENT_3D('',#13201,#13202,#13203);
#13201 = CARTESIAN_POINT('',(4.7,2.9,-3.2));
#13202 = DIRECTION('',(0.,0.,1.));
#13203 = DIRECTION('',(1.,0.,-0.));
#13204 = ORIENTED_EDGE('',*,*,#12028,.F.);
#13205 = CYLINDRICAL_SURFACE('',#13206,1.175);
#13206 = AXIS2_PLACEMENT_3D('',#13207,#13208,#13209);
#13207 = CARTESIAN_POINT('',(4.7,2.9,0.));
#13208 = DIRECTION('',(0.,0.,1.));
#13209 = DIRECTION('',(1.,0.,-0.));
#13210 = ADVANCED_FACE('',(#13211,#13217,#13223),#13257,.T.);
#13211 = FACE_BOUND('',#13212,.T.);
#13212 = EDGE_LOOP('',(#13213,#13214,#13215,#13216));
#13213 = ORIENTED_EDGE('',*,*,#12706,.T.);
#13214 = ORIENTED_EDGE('',*,*,#12618,.T.);
#13215 = ORIENTED_EDGE('',*,*,#12810,.T.);
#13216 = ORIENTED_EDGE('',*,*,#12917,.T.);
#13217 = FACE_BOUND('',#13218,.T.);
#13218 = EDGE_LOOP('',(#13219,#13220,#13221,#13222));
#13219 = ORIENTED_EDGE('',*,*,#12983,.T.);
#13220 = ORIENTED_EDGE('',*,*,#12942,.T.);
#13221 = ORIENTED_EDGE('',*,*,#13039,.T.);
#13222 = ORIENTED_EDGE('',*,*,#13063,.T.);
#13223 = FACE_BOUND('',#13224,.T.);
#13224 = EDGE_LOOP('',(#13225,#13235,#13243,#13251));
#13225 = ORIENTED_EDGE('',*,*,#13226,.T.);
#13226 = EDGE_CURVE('',#13227,#13229,#13231,.T.);
#13227 = VERTEX_POINT('',#13228);
#13228 = CARTESIAN_POINT('',(-9.9,10.6,3.2));
#13229 = VERTEX_POINT('',#13230);
#13230 = CARTESIAN_POINT('',(-0.9,10.6,3.2));
#13231 = LINE('',#13232,#13233);
#13232 = CARTESIAN_POINT('',(-9.9,10.6,3.2));
#13233 = VECTOR('',#13234,1.);
#13234 = DIRECTION('',(1.,0.,0.));
#13235 = ORIENTED_EDGE('',*,*,#13236,.F.);
#13236 = EDGE_CURVE('',#13237,#13229,#13239,.T.);
#13237 = VERTEX_POINT('',#13238);
#13238 = CARTESIAN_POINT('',(-0.9,10.6,-3.2));
#13239 = LINE('',#13240,#13241);
#13240 = CARTESIAN_POINT('',(-0.9,10.6,-3.2));
#13241 = VECTOR('',#13242,1.);
#13242 = DIRECTION('',(0.,0.,1.));
#13243 = ORIENTED_EDGE('',*,*,#13244,.F.);
#13244 = EDGE_CURVE('',#13245,#13237,#13247,.T.);
#13245 = VERTEX_POINT('',#13246);
#13246 = CARTESIAN_POINT('',(-9.9,10.6,-3.2));
#13247 = LINE('',#13248,#13249);
#13248 = CARTESIAN_POINT('',(-9.9,10.6,-3.2));
#13249 = VECTOR('',#13250,1.);
#13250 = DIRECTION('',(1.,0.,0.));
#13251 = ORIENTED_EDGE('',*,*,#13252,.T.);
#13252 = EDGE_CURVE('',#13245,#13227,#13253,.T.);
#13253 = LINE('',#13254,#13255);
#13254 = CARTESIAN_POINT('',(-9.9,10.6,-3.2));
#13255 = VECTOR('',#13256,1.);
#13256 = DIRECTION('',(0.,0.,1.));
#13257 = PLANE('',#13258);
#13258 = AXIS2_PLACEMENT_3D('',#13259,#13260,#13261);
#13259 = CARTESIAN_POINT('',(-5.4,10.6,-3.2));
#13260 = DIRECTION('',(0.,1.,0.));
#13261 = DIRECTION('',(-1.,0.,0.));
#13262 = ADVANCED_FACE('',(#13263),#13288,.T.);
#13263 = FACE_BOUND('',#13264,.T.);
#13264 = EDGE_LOOP('',(#13265,#13273,#13281,#13287));
#13265 = ORIENTED_EDGE('',*,*,#13266,.T.);
#13266 = EDGE_CURVE('',#13229,#13267,#13269,.T.);
#13267 = VERTEX_POINT('',#13268);
#13268 = CARTESIAN_POINT('',(-0.2,9.5,3.2));
#13269 = LINE('',#13270,#13271);
#13270 = CARTESIAN_POINT('',(-0.2,9.5,3.2));
#13271 = VECTOR('',#13272,1.);
#13272 = DIRECTION('',(0.536875492193,-0.843661487732,0.));
#13273 = ORIENTED_EDGE('',*,*,#13274,.F.);
#13274 = EDGE_CURVE('',#13275,#13267,#13277,.T.);
#13275 = VERTEX_POINT('',#13276);
#13276 = CARTESIAN_POINT('',(-0.2,9.5,-3.2));
#13277 = LINE('',#13278,#13279);
#13278 = CARTESIAN_POINT('',(-0.2,9.5,-3.2));
#13279 = VECTOR('',#13280,1.);
#13280 = DIRECTION('',(0.,0.,1.));
#13281 = ORIENTED_EDGE('',*,*,#13282,.T.);
#13282 = EDGE_CURVE('',#13275,#13237,#13283,.T.);
#13283 = LINE('',#13284,#13285);
#13284 = CARTESIAN_POINT('',(-0.2,9.5,-3.2));
#13285 = VECTOR('',#13286,1.);
#13286 = DIRECTION('',(-0.536875492193,0.843661487732,0.));
#13287 = ORIENTED_EDGE('',*,*,#13236,.T.);
#13288 = PLANE('',#13289);
#13289 = AXIS2_PLACEMENT_3D('',#13290,#13291,#13292);
#13290 = CARTESIAN_POINT('',(-0.55,10.05,-3.2));
#13291 = DIRECTION('',(0.843661487732,0.536875492193,0.));
#13292 = DIRECTION('',(-0.536875492193,0.843661487732,0.));
#13293 = ADVANCED_FACE('',(#13294),#13319,.T.);
#13294 = FACE_BOUND('',#13295,.T.);
#13295 = EDGE_LOOP('',(#13296,#13304,#13312,#13318));
#13296 = ORIENTED_EDGE('',*,*,#13297,.T.);
#13297 = EDGE_CURVE('',#13267,#13298,#13300,.T.);
#13298 = VERTEX_POINT('',#13299);
#13299 = CARTESIAN_POINT('',(9.9,9.5,3.2));
#13300 = LINE('',#13301,#13302);
#13301 = CARTESIAN_POINT('',(9.9,9.5,3.2));
#13302 = VECTOR('',#13303,1.);
#13303 = DIRECTION('',(1.,-1.758769147921E-16,0.));
#13304 = ORIENTED_EDGE('',*,*,#13305,.F.);
#13305 = EDGE_CURVE('',#13306,#13298,#13308,.T.);
#13306 = VERTEX_POINT('',#13307);
#13307 = CARTESIAN_POINT('',(9.9,9.5,-3.2));
#13308 = LINE('',#13309,#13310);
#13309 = CARTESIAN_POINT('',(9.9,9.5,-3.2));
#13310 = VECTOR('',#13311,1.);
#13311 = DIRECTION('',(0.,0.,1.));
#13312 = ORIENTED_EDGE('',*,*,#13313,.T.);
#13313 = EDGE_CURVE('',#13306,#13275,#13314,.T.);
#13314 = LINE('',#13315,#13316);
#13315 = CARTESIAN_POINT('',(9.9,9.5,-3.2));
#13316 = VECTOR('',#13317,1.);
#13317 = DIRECTION('',(-1.,1.758769147921E-16,0.));
#13318 = ORIENTED_EDGE('',*,*,#13274,.T.);
#13319 = PLANE('',#13320);
#13320 = AXIS2_PLACEMENT_3D('',#13321,#13322,#13323);
#13321 = CARTESIAN_POINT('',(4.85,9.5,-3.2));
#13322 = DIRECTION('',(1.758769147921E-16,1.,0.));
#13323 = DIRECTION('',(-1.,1.758769147921E-16,0.));
#13324 = ADVANCED_FACE('',(#13325),#13350,.T.);
#13325 = FACE_BOUND('',#13326,.T.);
#13326 = EDGE_LOOP('',(#13327,#13335,#13343,#13349));
#13327 = ORIENTED_EDGE('',*,*,#13328,.T.);
#13328 = EDGE_CURVE('',#13298,#13329,#13331,.T.);
#13329 = VERTEX_POINT('',#13330);
#13330 = CARTESIAN_POINT('',(9.9,0.4,3.2));
#13331 = LINE('',#13332,#13333);
#13332 = CARTESIAN_POINT('',(9.9,0.4,3.2));
#13333 = VECTOR('',#13334,1.);
#13334 = DIRECTION('',(-0.,-1.,-0.));
#13335 = ORIENTED_EDGE('',*,*,#13336,.F.);
#13336 = EDGE_CURVE('',#13337,#13329,#13339,.T.);
#13337 = VERTEX_POINT('',#13338);
#13338 = CARTESIAN_POINT('',(9.9,0.4,-3.2));
#13339 = LINE('',#13340,#13341);
#13340 = CARTESIAN_POINT('',(9.9,0.4,-3.2));
#13341 = VECTOR('',#13342,1.);
#13342 = DIRECTION('',(0.,0.,1.));
#13343 = ORIENTED_EDGE('',*,*,#13344,.T.);
#13344 = EDGE_CURVE('',#13337,#13306,#13345,.T.);
#13345 = LINE('',#13346,#13347);
#13346 = CARTESIAN_POINT('',(9.9,0.4,-3.2));
#13347 = VECTOR('',#13348,1.);
#13348 = DIRECTION('',(0.,1.,0.));
#13349 = ORIENTED_EDGE('',*,*,#13305,.T.);
#13350 = PLANE('',#13351);
#13351 = AXIS2_PLACEMENT_3D('',#13352,#13353,#13354);
#13352 = CARTESIAN_POINT('',(9.9,4.95,-3.2));
#13353 = DIRECTION('',(1.,0.,0.));
#13354 = DIRECTION('',(-0.,1.,0.));
#13355 = ADVANCED_FACE('',(#13356,#13362),#13387,.T.);
#13356 = FACE_BOUND('',#13357,.T.);
#13357 = EDGE_LOOP('',(#13358,#13359,#13360,#13361));
#13358 = ORIENTED_EDGE('',*,*,#12250,.T.);
#13359 = ORIENTED_EDGE('',*,*,#12210,.T.);
#13360 = ORIENTED_EDGE('',*,*,#12281,.T.);
#13361 = ORIENTED_EDGE('',*,*,#12329,.T.);
#13362 = FACE_BOUND('',#13363,.T.);
#13363 = EDGE_LOOP('',(#13364,#13372,#13380,#13386));
#13364 = ORIENTED_EDGE('',*,*,#13365,.T.);
#13365 = EDGE_CURVE('',#13329,#13366,#13368,.T.);
#13366 = VERTEX_POINT('',#13367);
#13367 = CARTESIAN_POINT('',(6.5,0.4,3.2));
#13368 = LINE('',#13369,#13370);
#13369 = CARTESIAN_POINT('',(9.9,0.4,3.2));
#13370 = VECTOR('',#13371,1.);
#13371 = DIRECTION('',(-1.,1.306144734853E-16,0.));
#13372 = ORIENTED_EDGE('',*,*,#13373,.F.);
#13373 = EDGE_CURVE('',#13374,#13366,#13376,.T.);
#13374 = VERTEX_POINT('',#13375);
#13375 = CARTESIAN_POINT('',(6.5,0.4,-3.2));
#13376 = LINE('',#13377,#13378);
#13377 = CARTESIAN_POINT('',(6.5,0.4,-3.2));
#13378 = VECTOR('',#13379,1.);
#13379 = DIRECTION('',(0.,0.,1.));
#13380 = ORIENTED_EDGE('',*,*,#13381,.F.);
#13381 = EDGE_CURVE('',#13337,#13374,#13382,.T.);
#13382 = LINE('',#13383,#13384);
#13383 = CARTESIAN_POINT('',(9.9,0.4,-3.2));
#13384 = VECTOR('',#13385,1.);
#13385 = DIRECTION('',(-1.,1.306144734853E-16,0.));
#13386 = ORIENTED_EDGE('',*,*,#13336,.T.);
#13387 = PLANE('',#13388);
#13388 = AXIS2_PLACEMENT_3D('',#13389,#13390,#13391);
#13389 = CARTESIAN_POINT('',(8.2,0.4,-3.2));
#13390 = DIRECTION('',(-1.306144734853E-16,-1.,0.));
#13391 = DIRECTION('',(1.,-1.306144734853E-16,0.));
#13392 = ADVANCED_FACE('',(#13393),#13418,.T.);
#13393 = FACE_BOUND('',#13394,.T.);
#13394 = EDGE_LOOP('',(#13395,#13403,#13411,#13417));
#13395 = ORIENTED_EDGE('',*,*,#13396,.T.);
#13396 = EDGE_CURVE('',#13366,#13397,#13399,.T.);
#13397 = VERTEX_POINT('',#13398);
#13398 = CARTESIAN_POINT('',(6.1,0.,3.2));
#13399 = LINE('',#13400,#13401);
#13400 = CARTESIAN_POINT('',(6.1,0.,3.2));
#13401 = VECTOR('',#13402,1.);
#13402 = DIRECTION('',(-0.707106781187,-0.707106781187,-0.));
#13403 = ORIENTED_EDGE('',*,*,#13404,.F.);
#13404 = EDGE_CURVE('',#13405,#13397,#13407,.T.);
#13405 = VERTEX_POINT('',#13406);
#13406 = CARTESIAN_POINT('',(6.1,0.,-3.2));
#13407 = LINE('',#13408,#13409);
#13408 = CARTESIAN_POINT('',(6.1,0.,-3.2));
#13409 = VECTOR('',#13410,1.);
#13410 = DIRECTION('',(0.,0.,1.));
#13411 = ORIENTED_EDGE('',*,*,#13412,.T.);
#13412 = EDGE_CURVE('',#13405,#13374,#13413,.T.);
#13413 = LINE('',#13414,#13415);
#13414 = CARTESIAN_POINT('',(6.1,0.,-3.2));
#13415 = VECTOR('',#13416,1.);
#13416 = DIRECTION('',(0.707106781187,0.707106781187,0.));
#13417 = ORIENTED_EDGE('',*,*,#13373,.T.);
#13418 = PLANE('',#13419);
#13419 = AXIS2_PLACEMENT_3D('',#13420,#13421,#13422);
#13420 = CARTESIAN_POINT('',(6.3,0.2,-3.2));
#13421 = DIRECTION('',(0.707106781187,-0.707106781187,0.));
#13422 = DIRECTION('',(0.707106781187,0.707106781187,0.));
#13423 = ADVANCED_FACE('',(#13424),#13449,.T.);
#13424 = FACE_BOUND('',#13425,.T.);
#13425 = EDGE_LOOP('',(#13426,#13434,#13442,#13448));
#13426 = ORIENTED_EDGE('',*,*,#13427,.T.);
#13427 = EDGE_CURVE('',#13397,#13428,#13430,.T.);
#13428 = VERTEX_POINT('',#13429);
#13429 = CARTESIAN_POINT('',(3.3,3.330669073875E-16,3.2));
#13430 = LINE('',#13431,#13432);
#13431 = CARTESIAN_POINT('',(6.1,0.,3.2));
#13432 = VECTOR('',#13433,1.);
#13433 = DIRECTION('',(-1.,1.224606353822E-16,0.));
#13434 = ORIENTED_EDGE('',*,*,#13435,.F.);
#13435 = EDGE_CURVE('',#13436,#13428,#13438,.T.);
#13436 = VERTEX_POINT('',#13437);
#13437 = CARTESIAN_POINT('',(3.3,3.330669073875E-16,-3.2));
#13438 = LINE('',#13439,#13440);
#13439 = CARTESIAN_POINT('',(3.3,3.330669073875E-16,-3.2));
#13440 = VECTOR('',#13441,1.);
#13441 = DIRECTION('',(0.,0.,1.));
#13442 = ORIENTED_EDGE('',*,*,#13443,.F.);
#13443 = EDGE_CURVE('',#13405,#13436,#13444,.T.);
#13444 = LINE('',#13445,#13446);
#13445 = CARTESIAN_POINT('',(6.1,0.,-3.2));
#13446 = VECTOR('',#13447,1.);
#13447 = DIRECTION('',(-1.,1.224606353822E-16,0.));
#13448 = ORIENTED_EDGE('',*,*,#13404,.T.);
#13449 = PLANE('',#13450);
#13450 = AXIS2_PLACEMENT_3D('',#13451,#13452,#13453);
#13451 = CARTESIAN_POINT('',(4.7,1.714448895351E-16,-3.2));
#13452 = DIRECTION('',(-1.224606353822E-16,-1.,0.));
#13453 = DIRECTION('',(1.,-1.224606353822E-16,0.));
#13454 = ADVANCED_FACE('',(#13455),#13480,.T.);
#13455 = FACE_BOUND('',#13456,.T.);
#13456 = EDGE_LOOP('',(#13457,#13465,#13473,#13479));
#13457 = ORIENTED_EDGE('',*,*,#13458,.T.);
#13458 = EDGE_CURVE('',#13428,#13459,#13461,.T.);
#13459 = VERTEX_POINT('',#13460);
#13460 = CARTESIAN_POINT('',(2.9,0.4,3.2));
#13461 = LINE('',#13462,#13463);
#13462 = CARTESIAN_POINT('',(2.9,0.4,3.2));
#13463 = VECTOR('',#13464,1.);
#13464 = DIRECTION('',(-0.707106781187,0.707106781187,0.));
#13465 = ORIENTED_EDGE('',*,*,#13466,.F.);
#13466 = EDGE_CURVE('',#13467,#13459,#13469,.T.);
#13467 = VERTEX_POINT('',#13468);
#13468 = CARTESIAN_POINT('',(2.9,0.4,-3.2));
#13469 = LINE('',#13470,#13471);
#13470 = CARTESIAN_POINT('',(2.9,0.4,-3.2));
#13471 = VECTOR('',#13472,1.);
#13472 = DIRECTION('',(0.,0.,1.));
#13473 = ORIENTED_EDGE('',*,*,#13474,.T.);
#13474 = EDGE_CURVE('',#13467,#13436,#13475,.T.);
#13475 = LINE('',#13476,#13477);
#13476 = CARTESIAN_POINT('',(2.9,0.4,-3.2));
#13477 = VECTOR('',#13478,1.);
#13478 = DIRECTION('',(0.707106781187,-0.707106781187,0.));
#13479 = ORIENTED_EDGE('',*,*,#13435,.T.);
#13480 = PLANE('',#13481);
#13481 = AXIS2_PLACEMENT_3D('',#13482,#13483,#13484);
#13482 = CARTESIAN_POINT('',(3.1,0.2,-3.2));
#13483 = DIRECTION('',(-0.707106781187,-0.707106781187,0.));
#13484 = DIRECTION('',(0.707106781187,-0.707106781187,0.));
#13485 = ADVANCED_FACE('',(#13486,#13492),#13517,.T.);
#13486 = FACE_BOUND('',#13487,.T.);
#13487 = EDGE_LOOP('',(#13488,#13489,#13490,#13491));
#13488 = ORIENTED_EDGE('',*,*,#12386,.T.);
#13489 = ORIENTED_EDGE('',*,*,#12346,.T.);
#13490 = ORIENTED_EDGE('',*,*,#12417,.T.);
#13491 = ORIENTED_EDGE('',*,*,#12465,.T.);
#13492 = FACE_BOUND('',#13493,.T.);
#13493 = EDGE_LOOP('',(#13494,#13502,#13510,#13516));
#13494 = ORIENTED_EDGE('',*,*,#13495,.T.);
#13495 = EDGE_CURVE('',#13459,#13496,#13498,.T.);
#13496 = VERTEX_POINT('',#13497);
#13497 = CARTESIAN_POINT('',(-3.,0.4,3.2));
#13498 = LINE('',#13499,#13500);
#13499 = CARTESIAN_POINT('',(-3.,0.4,3.2));
#13500 = VECTOR('',#13501,1.);
#13501 = DIRECTION('',(-1.,-9.408669700213E-18,-0.));
#13502 = ORIENTED_EDGE('',*,*,#13503,.F.);
#13503 = EDGE_CURVE('',#13504,#13496,#13506,.T.);
#13504 = VERTEX_POINT('',#13505);
#13505 = CARTESIAN_POINT('',(-3.,0.4,-3.2));
#13506 = LINE('',#13507,#13508);
#13507 = CARTESIAN_POINT('',(-3.,0.4,-3.2));
#13508 = VECTOR('',#13509,1.);
#13509 = DIRECTION('',(0.,0.,1.));
#13510 = ORIENTED_EDGE('',*,*,#13511,.T.);
#13511 = EDGE_CURVE('',#13504,#13467,#13512,.T.);
#13512 = LINE('',#13513,#13514);
#13513 = CARTESIAN_POINT('',(-3.,0.4,-3.2));
#13514 = VECTOR('',#13515,1.);
#13515 = DIRECTION('',(1.,9.408669700213E-18,0.));
#13516 = ORIENTED_EDGE('',*,*,#13466,.T.);
#13517 = PLANE('',#13518);
#13518 = AXIS2_PLACEMENT_3D('',#13519,#13520,#13521);
#13519 = CARTESIAN_POINT('',(-5.000000000001E-02,0.4,-3.2));
#13520 = DIRECTION('',(9.408669700213E-18,-1.,0.));
#13521 = DIRECTION('',(1.,9.408669700213E-18,0.));
#13522 = ADVANCED_FACE('',(#13523),#13548,.T.);
#13523 = FACE_BOUND('',#13524,.T.);
#13524 = EDGE_LOOP('',(#13525,#13533,#13541,#13547));
#13525 = ORIENTED_EDGE('',*,*,#13526,.T.);
#13526 = EDGE_CURVE('',#13496,#13527,#13529,.T.);
#13527 = VERTEX_POINT('',#13528);
#13528 = CARTESIAN_POINT('',(-3.4,0.,3.2));
#13529 = LINE('',#13530,#13531);
#13530 = CARTESIAN_POINT('',(-3.,0.4,3.2));
#13531 = VECTOR('',#13532,1.);
#13532 = DIRECTION('',(-0.707106781187,-0.707106781187,0.));
#13533 = ORIENTED_EDGE('',*,*,#13534,.F.);
#13534 = EDGE_CURVE('',#13535,#13527,#13537,.T.);
#13535 = VERTEX_POINT('',#13536);
#13536 = CARTESIAN_POINT('',(-3.4,0.,-3.2));
#13537 = LINE('',#13538,#13539);
#13538 = CARTESIAN_POINT('',(-3.4,0.,-3.2));
#13539 = VECTOR('',#13540,1.);
#13540 = DIRECTION('',(0.,0.,1.));
#13541 = ORIENTED_EDGE('',*,*,#13542,.F.);
#13542 = EDGE_CURVE('',#13504,#13535,#13543,.T.);
#13543 = LINE('',#13544,#13545);
#13544 = CARTESIAN_POINT('',(-3.,0.4,-3.2));
#13545 = VECTOR('',#13546,1.);
#13546 = DIRECTION('',(-0.707106781187,-0.707106781187,0.));
#13547 = ORIENTED_EDGE('',*,*,#13503,.T.);
#13548 = PLANE('',#13549);
#13549 = AXIS2_PLACEMENT_3D('',#13550,#13551,#13552);
#13550 = CARTESIAN_POINT('',(-3.2,0.2,-3.2));
#13551 = DIRECTION('',(0.707106781187,-0.707106781187,0.));
#13552 = DIRECTION('',(0.707106781187,0.707106781187,0.));
#13553 = ADVANCED_FACE('',(#13554),#13579,.T.);
#13554 = FACE_BOUND('',#13555,.T.);
#13555 = EDGE_LOOP('',(#13556,#13564,#13572,#13578));
#13556 = ORIENTED_EDGE('',*,*,#13557,.T.);
#13557 = EDGE_CURVE('',#13527,#13558,#13560,.T.);
#13558 = VERTEX_POINT('',#13559);
#13559 = CARTESIAN_POINT('',(-6.2,0.,3.2));
#13560 = LINE('',#13561,#13562);
#13561 = CARTESIAN_POINT('',(-6.2,0.,3.2));
#13562 = VECTOR('',#13563,1.);
#13563 = DIRECTION('',(-1.,-0.,-0.));
#13564 = ORIENTED_EDGE('',*,*,#13565,.F.);
#13565 = EDGE_CURVE('',#13566,#13558,#13568,.T.);
#13566 = VERTEX_POINT('',#13567);
#13567 = CARTESIAN_POINT('',(-6.2,0.,-3.2));
#13568 = LINE('',#13569,#13570);
#13569 = CARTESIAN_POINT('',(-6.2,0.,-3.2));
#13570 = VECTOR('',#13571,1.);
#13571 = DIRECTION('',(0.,0.,1.));
#13572 = ORIENTED_EDGE('',*,*,#13573,.T.);
#13573 = EDGE_CURVE('',#13566,#13535,#13574,.T.);
#13574 = LINE('',#13575,#13576);
#13575 = CARTESIAN_POINT('',(-6.2,0.,-3.2));
#13576 = VECTOR('',#13577,1.);
#13577 = DIRECTION('',(1.,0.,0.));
#13578 = ORIENTED_EDGE('',*,*,#13534,.T.);
#13579 = PLANE('',#13580);
#13580 = AXIS2_PLACEMENT_3D('',#13581,#13582,#13583);
#13581 = CARTESIAN_POINT('',(-4.8,0.,-3.2));
#13582 = DIRECTION('',(0.,-1.,0.));
#13583 = DIRECTION('',(1.,0.,0.));
#13584 = ADVANCED_FACE('',(#13585),#13610,.T.);
#13585 = FACE_BOUND('',#13586,.T.);
#13586 = EDGE_LOOP('',(#13587,#13595,#13603,#13609));
#13587 = ORIENTED_EDGE('',*,*,#13588,.T.);
#13588 = EDGE_CURVE('',#13558,#13589,#13591,.T.);
#13589 = VERTEX_POINT('',#13590);
#13590 = CARTESIAN_POINT('',(-6.6,0.4,3.2));
#13591 = LINE('',#13592,#13593);
#13592 = CARTESIAN_POINT('',(-6.2,0.,3.2));
#13593 = VECTOR('',#13594,1.);
#13594 = DIRECTION('',(-0.707106781187,0.707106781187,0.));
#13595 = ORIENTED_EDGE('',*,*,#13596,.F.);
#13596 = EDGE_CURVE('',#13597,#13589,#13599,.T.);
#13597 = VERTEX_POINT('',#13598);
#13598 = CARTESIAN_POINT('',(-6.6,0.4,-3.2));
#13599 = LINE('',#13600,#13601);
#13600 = CARTESIAN_POINT('',(-6.6,0.4,-3.2));
#13601 = VECTOR('',#13602,1.);
#13602 = DIRECTION('',(0.,0.,1.));
#13603 = ORIENTED_EDGE('',*,*,#13604,.F.);
#13604 = EDGE_CURVE('',#13566,#13597,#13605,.T.);
#13605 = LINE('',#13606,#13607);
#13606 = CARTESIAN_POINT('',(-6.2,0.,-3.2));
#13607 = VECTOR('',#13608,1.);
#13608 = DIRECTION('',(-0.707106781187,0.707106781187,0.));
#13609 = ORIENTED_EDGE('',*,*,#13565,.T.);
#13610 = PLANE('',#13611);
#13611 = AXIS2_PLACEMENT_3D('',#13612,#13613,#13614);
#13612 = CARTESIAN_POINT('',(-6.4,0.2,-3.2));
#13613 = DIRECTION('',(-0.707106781187,-0.707106781187,0.));
#13614 = DIRECTION('',(0.707106781187,-0.707106781187,0.));
#13615 = ADVANCED_FACE('',(#13616,#13622),#13647,.T.);
#13616 = FACE_BOUND('',#13617,.T.);
#13617 = EDGE_LOOP('',(#13618,#13619,#13620,#13621));
#13618 = ORIENTED_EDGE('',*,*,#12522,.T.);
#13619 = ORIENTED_EDGE('',*,*,#12482,.T.);
#13620 = ORIENTED_EDGE('',*,*,#12553,.T.);
#13621 = ORIENTED_EDGE('',*,*,#12601,.T.);
#13622 = FACE_BOUND('',#13623,.T.);
#13623 = EDGE_LOOP('',(#13624,#13632,#13640,#13646));
#13624 = ORIENTED_EDGE('',*,*,#13625,.T.);
#13625 = EDGE_CURVE('',#13589,#13626,#13628,.T.);
#13626 = VERTEX_POINT('',#13627);
#13627 = CARTESIAN_POINT('',(-9.9,0.4,3.2));
#13628 = LINE('',#13629,#13630);
#13629 = CARTESIAN_POINT('',(-9.9,0.4,3.2));
#13630 = VECTOR('',#13631,1.);
#13631 = DIRECTION('',(-1.,-0.,-0.));
#13632 = ORIENTED_EDGE('',*,*,#13633,.F.);
#13633 = EDGE_CURVE('',#13634,#13626,#13636,.T.);
#13634 = VERTEX_POINT('',#13635);
#13635 = CARTESIAN_POINT('',(-9.9,0.4,-3.2));
#13636 = LINE('',#13637,#13638);
#13637 = CARTESIAN_POINT('',(-9.9,0.4,-3.2));
#13638 = VECTOR('',#13639,1.);
#13639 = DIRECTION('',(0.,0.,1.));
#13640 = ORIENTED_EDGE('',*,*,#13641,.T.);
#13641 = EDGE_CURVE('',#13634,#13597,#13642,.T.);
#13642 = LINE('',#13643,#13644);
#13643 = CARTESIAN_POINT('',(-9.9,0.4,-3.2));
#13644 = VECTOR('',#13645,1.);
#13645 = DIRECTION('',(1.,0.,0.));
#13646 = ORIENTED_EDGE('',*,*,#13596,.T.);
#13647 = PLANE('',#13648);
#13648 = AXIS2_PLACEMENT_3D('',#13649,#13650,#13651);
#13649 = CARTESIAN_POINT('',(-8.25,0.4,-3.2));
#13650 = DIRECTION('',(0.,-1.,0.));
#13651 = DIRECTION('',(1.,0.,0.));
#13652 = ADVANCED_FACE('',(#13653),#13669,.T.);
#13653 = FACE_BOUND('',#13654,.T.);
#13654 = EDGE_LOOP('',(#13655,#13661,#13662,#13668));
#13655 = ORIENTED_EDGE('',*,*,#13656,.T.);
#13656 = EDGE_CURVE('',#13626,#13227,#13657,.T.);
#13657 = LINE('',#13658,#13659);
#13658 = CARTESIAN_POINT('',(-9.9,0.4,3.2));
#13659 = VECTOR('',#13660,1.);
#13660 = DIRECTION('',(0.,1.,0.));
#13661 = ORIENTED_EDGE('',*,*,#13252,.F.);
#13662 = ORIENTED_EDGE('',*,*,#13663,.F.);
#13663 = EDGE_CURVE('',#13634,#13245,#13664,.T.);
#13664 = LINE('',#13665,#13666);
#13665 = CARTESIAN_POINT('',(-9.9,0.4,-3.2));
#13666 = VECTOR('',#13667,1.);
#13667 = DIRECTION('',(0.,1.,0.));
#13668 = ORIENTED_EDGE('',*,*,#13633,.T.);
#13669 = PLANE('',#13670);
#13670 = AXIS2_PLACEMENT_3D('',#13671,#13672,#13673);
#13671 = CARTESIAN_POINT('',(-9.9,5.5,-3.2));
#13672 = DIRECTION('',(-1.,-0.,0.));
#13673 = DIRECTION('',(0.,-1.,-0.));
#13674 = ADVANCED_FACE('',(#13675,#13683,#13687),#13703,.T.);
#13675 = FACE_BOUND('',#13676,.T.);
#13676 = EDGE_LOOP('',(#13677,#13678,#13679,#13680,#13681,#13682));
#13677 = ORIENTED_EDGE('',*,*,#13144,.T.);
#13678 = ORIENTED_EDGE('',*,*,#12061,.T.);
#13679 = ORIENTED_EDGE('',*,*,#13166,.T.);
#13680 = ORIENTED_EDGE('',*,*,#13080,.T.);
#13681 = ORIENTED_EDGE('',*,*,#13128,.T.);
#13682 = ORIENTED_EDGE('',*,*,#12084,.T.);
#13683 = FACE_BOUND('',#13684,.T.);
#13684 = EDGE_LOOP('',(#13685,#13686));
#13685 = ORIENTED_EDGE('',*,*,#12019,.T.);
#13686 = ORIENTED_EDGE('',*,*,#13190,.T.);
#13687 = FACE_BOUND('',#13688,.T.);
#13688 = EDGE_LOOP('',(#13689,#13690,#13691,#13692,#13693,#13694,#13695,
    #13696,#13697,#13698,#13699,#13700,#13701,#13702));
#13689 = ORIENTED_EDGE('',*,*,#13226,.F.);
#13690 = ORIENTED_EDGE('',*,*,#13656,.F.);
#13691 = ORIENTED_EDGE('',*,*,#13625,.F.);
#13692 = ORIENTED_EDGE('',*,*,#13588,.F.);
#13693 = ORIENTED_EDGE('',*,*,#13557,.F.);
#13694 = ORIENTED_EDGE('',*,*,#13526,.F.);
#13695 = ORIENTED_EDGE('',*,*,#13495,.F.);
#13696 = ORIENTED_EDGE('',*,*,#13458,.F.);
#13697 = ORIENTED_EDGE('',*,*,#13427,.F.);
#13698 = ORIENTED_EDGE('',*,*,#13396,.F.);
#13699 = ORIENTED_EDGE('',*,*,#13365,.F.);
#13700 = ORIENTED_EDGE('',*,*,#13328,.F.);
#13701 = ORIENTED_EDGE('',*,*,#13297,.F.);
#13702 = ORIENTED_EDGE('',*,*,#13266,.F.);
#13703 = PLANE('',#13704);
#13704 = AXIS2_PLACEMENT_3D('',#13705,#13706,#13707);
#13705 = CARTESIAN_POINT('',(-0.187068118906,5.170497207892,3.2));
#13706 = DIRECTION('',(0.,0.,1.));
#13707 = DIRECTION('',(1.,0.,-0.));
#13708 = ADVANCED_FACE('',(#13709,#13717,#13721),#13737,.F.);
#13709 = FACE_BOUND('',#13710,.T.);
#13710 = EDGE_LOOP('',(#13711,#13712,#13713,#13714,#13715,#13716));
#13711 = ORIENTED_EDGE('',*,*,#13151,.T.);
#13712 = ORIENTED_EDGE('',*,*,#12103,.T.);
#13713 = ORIENTED_EDGE('',*,*,#13120,.T.);
#13714 = ORIENTED_EDGE('',*,*,#13098,.T.);
#13715 = ORIENTED_EDGE('',*,*,#13174,.T.);
#13716 = ORIENTED_EDGE('',*,*,#12042,.T.);
#13717 = FACE_BOUND('',#13718,.T.);
#13718 = EDGE_LOOP('',(#13719,#13720));
#13719 = ORIENTED_EDGE('',*,*,#13198,.T.);
#13720 = ORIENTED_EDGE('',*,*,#12000,.T.);
#13721 = FACE_BOUND('',#13722,.T.);
#13722 = EDGE_LOOP('',(#13723,#13724,#13725,#13726,#13727,#13728,#13729,
    #13730,#13731,#13732,#13733,#13734,#13735,#13736));
#13723 = ORIENTED_EDGE('',*,*,#13663,.T.);
#13724 = ORIENTED_EDGE('',*,*,#13244,.T.);
#13725 = ORIENTED_EDGE('',*,*,#13282,.F.);
#13726 = ORIENTED_EDGE('',*,*,#13313,.F.);
#13727 = ORIENTED_EDGE('',*,*,#13344,.F.);
#13728 = ORIENTED_EDGE('',*,*,#13381,.T.);
#13729 = ORIENTED_EDGE('',*,*,#13412,.F.);
#13730 = ORIENTED_EDGE('',*,*,#13443,.T.);
#13731 = ORIENTED_EDGE('',*,*,#13474,.F.);
#13732 = ORIENTED_EDGE('',*,*,#13511,.F.);
#13733 = ORIENTED_EDGE('',*,*,#13542,.T.);
#13734 = ORIENTED_EDGE('',*,*,#13573,.F.);
#13735 = ORIENTED_EDGE('',*,*,#13604,.T.);
#13736 = ORIENTED_EDGE('',*,*,#13641,.F.);
#13737 = PLANE('',#13738);
#13738 = AXIS2_PLACEMENT_3D('',#13739,#13740,#13741);
#13739 = CARTESIAN_POINT('',(-0.187068118906,5.170497207892,-3.2));
#13740 = DIRECTION('',(0.,0.,1.));
#13741 = DIRECTION('',(1.,0.,-0.));
#13742 = ( GEOMETRIC_REPRESENTATION_CONTEXT(3) 
GLOBAL_UNCERTAINTY_ASSIGNED_CONTEXT((#13746)) 
GLOBAL_UNIT_ASSIGNED_CONTEXT((#13743,#13744,#13745)) 
REPRESENTATION_CONTEXT('Context #1',
  '3D Context with UNIT and UNCERTAINTY') );
#13743 = ( LENGTH_UNIT() NAMED_UNIT(*) SI_UNIT(.MILLI.,.METRE.) );
#13744 = ( NAMED_UNIT(*) PLANE_ANGLE_UNIT() SI_UNIT($,.RADIAN.) );
#13745 = ( NAMED_UNIT(*) SI_UNIT($,.STERADIAN.) SOLID_ANGLE_UNIT() );
#13746 = UNCERTAINTY_MEASURE_WITH_UNIT(LENGTH_MEASURE(1.E-07),#13743,
  'distance_accuracy_value','confusion accuracy');
#13747 = CONTEXT_DEPENDENT_SHAPE_REPRESENTATION(#13748,#13750);
#13748 = ( REPRESENTATION_RELATIONSHIP('','',#11993,#11970) 
REPRESENTATION_RELATIONSHIP_WITH_TRANSFORMATION(#13749) 
SHAPE_REPRESENTATION_RELATIONSHIP() );
#13749 = ITEM_DEFINED_TRANSFORMATION('','',#11,#11971);
#13750 = PRODUCT_DEFINITION_SHAPE('Placement','Placement of an item',
  #13751);
#13751 = NEXT_ASSEMBLY_USAGE_OCCURRENCE('9','=>[0:1:1:9]','',#11965,
  #11988,$);
#13752 = PRODUCT_RELATED_PRODUCT_CATEGORY('part',$,(#11990));
#13753 = CONTEXT_DEPENDENT_SHAPE_REPRESENTATION(#13754,#13756);
#13754 = ( REPRESENTATION_RELATIONSHIP('','',#3439,#10) 
REPRESENTATION_RELATIONSHIP_WITH_TRANSFORMATION(#13755) 
SHAPE_REPRESENTATION_RELATIONSHIP() );
#13755 = ITEM_DEFINED_TRANSFORMATION('','',#11,#35);
#13756 = PRODUCT_DEFINITION_SHAPE('Placement','Placement of an item',
  #13757);
#13757 = NEXT_ASSEMBLY_USAGE_OCCURRENCE('11','J6','',#5,#3434,$);
#13758 = SHAPE_DEFINITION_REPRESENTATION(#13759,#13765);
#13759 = PRODUCT_DEFINITION_SHAPE('','',#13760);
#13760 = PRODUCT_DEFINITION('design','',#13761,#13764);
#13761 = PRODUCT_DEFINITION_FORMATION('','',#13762);
#13762 = PRODUCT('RBF PCB_PCB','RBF PCB_PCB','',(#13763));
#13763 = PRODUCT_CONTEXT('',#2,'mechanical');
#13764 = PRODUCT_DEFINITION_CONTEXT('part definition',#2,'design');
#13765 = ADVANCED_BREP_SHAPE_REPRESENTATION('',(#11,#13766),#17830);
#13766 = MANIFOLD_SOLID_BREP('',#13767);
#13767 = CLOSED_SHELL('',(#13768,#13810,#13841,#13872,#14978,#16084,
    #16101,#16118,#16135,#16152,#16164,#16181,#16198,#16215,#16232,
    #16249,#16266,#16283,#16300,#16317,#16334,#16351,#16368,#16385,
    #16402,#16419,#16436,#16453,#16470,#16487,#16504,#16521,#16538,
    #16555,#16572,#16589,#16606,#16623,#16640,#16657,#16674,#16691,
    #16708,#16725,#16742,#16759,#16776,#16793,#16810,#16827,#16844,
    #16861,#16878,#16895,#16912,#16929,#16946,#16963,#16980,#16997,
    #17014,#17031,#17048,#17065,#17082,#17099,#17116,#17133,#17150,
    #17167,#17184,#17201,#17218,#17235,#17257,#17274,#17291,#17303,
    #17325,#17342,#17359,#17371,#17388,#17405,#17422,#17439,#17456,
    #17473,#17490,#17507,#17529,#17546,#17563,#17575,#17592,#17609,
    #17626,#17643,#17660,#17677,#17694,#17711,#17728,#17745,#17762,
    #17779,#17796,#17813));
#13768 = ADVANCED_FACE('',(#13769),#13805,.T.);
#13769 = FACE_BOUND('',#13770,.T.);
#13770 = EDGE_LOOP('',(#13771,#13781,#13790,#13798));
#13771 = ORIENTED_EDGE('',*,*,#13772,.T.);
#13772 = EDGE_CURVE('',#13773,#13775,#13777,.T.);
#13773 = VERTEX_POINT('',#13774);
#13774 = CARTESIAN_POINT('',(101.,-35.,0.));
#13775 = VERTEX_POINT('',#13776);
#13776 = CARTESIAN_POINT('',(101.,-35.,1.51));
#13777 = LINE('',#13778,#13779);
#13778 = CARTESIAN_POINT('',(101.,-35.,0.));
#13779 = VECTOR('',#13780,1.);
#13780 = DIRECTION('',(0.,0.,1.));
#13781 = ORIENTED_EDGE('',*,*,#13782,.T.);
#13782 = EDGE_CURVE('',#13775,#13783,#13785,.T.);
#13783 = VERTEX_POINT('',#13784);
#13784 = CARTESIAN_POINT('',(106.,-40.,1.51));
#13785 = CIRCLE('',#13786,4.999999678834);
#13786 = AXIS2_PLACEMENT_3D('',#13787,#13788,#13789);
#13787 = CARTESIAN_POINT('',(101.00000032116,-39.99999967883,1.51));
#13788 = DIRECTION('',(0.,0.,-1.));
#13789 = DIRECTION('',(-6.423314133505E-08,1.,0.));
#13790 = ORIENTED_EDGE('',*,*,#13791,.F.);
#13791 = EDGE_CURVE('',#13792,#13783,#13794,.T.);
#13792 = VERTEX_POINT('',#13793);
#13793 = CARTESIAN_POINT('',(106.,-40.,0.));
#13794 = LINE('',#13795,#13796);
#13795 = CARTESIAN_POINT('',(106.,-40.,0.));
#13796 = VECTOR('',#13797,1.);
#13797 = DIRECTION('',(0.,0.,1.));
#13798 = ORIENTED_EDGE('',*,*,#13799,.F.);
#13799 = EDGE_CURVE('',#13773,#13792,#13800,.T.);
#13800 = CIRCLE('',#13801,4.999999678834);
#13801 = AXIS2_PLACEMENT_3D('',#13802,#13803,#13804);
#13802 = CARTESIAN_POINT('',(101.00000032116,-39.99999967883,0.));
#13803 = DIRECTION('',(0.,0.,-1.));
#13804 = DIRECTION('',(-6.423314133505E-08,1.,0.));
#13805 = CYLINDRICAL_SURFACE('',#13806,4.999999678834);
#13806 = AXIS2_PLACEMENT_3D('',#13807,#13808,#13809);
#13807 = CARTESIAN_POINT('',(101.00000032116,-39.99999967883,0.));
#13808 = DIRECTION('',(0.,0.,-1.));
#13809 = DIRECTION('',(-6.423314133505E-08,1.,0.));
#13810 = ADVANCED_FACE('',(#13811),#13836,.T.);
#13811 = FACE_BOUND('',#13812,.T.);
#13812 = EDGE_LOOP('',(#13813,#13823,#13829,#13830));
#13813 = ORIENTED_EDGE('',*,*,#13814,.T.);
#13814 = EDGE_CURVE('',#13815,#13817,#13819,.T.);
#13815 = VERTEX_POINT('',#13816);
#13816 = CARTESIAN_POINT('',(71.,-35.,0.));
#13817 = VERTEX_POINT('',#13818);
#13818 = CARTESIAN_POINT('',(71.,-35.,1.51));
#13819 = LINE('',#13820,#13821);
#13820 = CARTESIAN_POINT('',(71.,-35.,0.));
#13821 = VECTOR('',#13822,1.);
#13822 = DIRECTION('',(0.,0.,1.));
#13823 = ORIENTED_EDGE('',*,*,#13824,.T.);
#13824 = EDGE_CURVE('',#13817,#13775,#13825,.T.);
#13825 = LINE('',#13826,#13827);
#13826 = CARTESIAN_POINT('',(71.,-35.,1.51));
#13827 = VECTOR('',#13828,1.);
#13828 = DIRECTION('',(1.,0.,0.));
#13829 = ORIENTED_EDGE('',*,*,#13772,.F.);
#13830 = ORIENTED_EDGE('',*,*,#13831,.F.);
#13831 = EDGE_CURVE('',#13815,#13773,#13832,.T.);
#13832 = LINE('',#13833,#13834);
#13833 = CARTESIAN_POINT('',(71.,-35.,0.));
#13834 = VECTOR('',#13835,1.);
#13835 = DIRECTION('',(1.,0.,0.));
#13836 = PLANE('',#13837);
#13837 = AXIS2_PLACEMENT_3D('',#13838,#13839,#13840);
#13838 = CARTESIAN_POINT('',(71.,-35.,0.));
#13839 = DIRECTION('',(0.,1.,0.));
#13840 = DIRECTION('',(1.,0.,0.));
#13841 = ADVANCED_FACE('',(#13842),#13867,.T.);
#13842 = FACE_BOUND('',#13843,.T.);
#13843 = EDGE_LOOP('',(#13844,#13845,#13853,#13861));
#13844 = ORIENTED_EDGE('',*,*,#13791,.T.);
#13845 = ORIENTED_EDGE('',*,*,#13846,.T.);
#13846 = EDGE_CURVE('',#13783,#13847,#13849,.T.);
#13847 = VERTEX_POINT('',#13848);
#13848 = CARTESIAN_POINT('',(106.,-100.,1.51));
#13849 = LINE('',#13850,#13851);
#13850 = CARTESIAN_POINT('',(106.,-40.,1.51));
#13851 = VECTOR('',#13852,1.);
#13852 = DIRECTION('',(0.,-1.,0.));
#13853 = ORIENTED_EDGE('',*,*,#13854,.F.);
#13854 = EDGE_CURVE('',#13855,#13847,#13857,.T.);
#13855 = VERTEX_POINT('',#13856);
#13856 = CARTESIAN_POINT('',(106.,-100.,0.));
#13857 = LINE('',#13858,#13859);
#13858 = CARTESIAN_POINT('',(106.,-100.,0.));
#13859 = VECTOR('',#13860,1.);
#13860 = DIRECTION('',(0.,0.,1.));
#13861 = ORIENTED_EDGE('',*,*,#13862,.F.);
#13862 = EDGE_CURVE('',#13792,#13855,#13863,.T.);
#13863 = LINE('',#13864,#13865);
#13864 = CARTESIAN_POINT('',(106.,-40.,0.));
#13865 = VECTOR('',#13866,1.);
#13866 = DIRECTION('',(0.,-1.,0.));
#13867 = PLANE('',#13868);
#13868 = AXIS2_PLACEMENT_3D('',#13869,#13870,#13871);
#13869 = CARTESIAN_POINT('',(106.,-40.,0.));
#13870 = DIRECTION('',(1.,0.,-0.));
#13871 = DIRECTION('',(0.,-1.,0.));
#13872 = ADVANCED_FACE('',(#13873,#13919,#13930,#13941,#13952,#13963,
    #13974,#13985,#13996,#14007,#14018,#14029,#14040,#14051,#14062,
    #14073,#14084,#14095,#14106,#14117,#14128,#14139,#14150,#14161,
    #14172,#14183,#14194,#14205,#14216,#14227,#14238,#14249,#14260,
    #14271,#14282,#14293,#14304,#14315,#14326,#14337,#14348,#14359,
    #14370,#14381,#14392,#14403,#14414,#14425,#14436,#14447,#14458,
    #14469,#14480,#14491,#14502,#14513,#14524,#14535,#14546,#14557,
    #14568,#14579,#14590,#14601,#14612,#14648,#14684,#14695,#14706,
    #14717,#14728,#14739,#14750,#14761,#14772,#14808,#14819,#14830,
    #14841,#14852,#14863,#14874,#14885,#14896,#14907,#14918,#14929,
    #14940,#14951,#14962),#14973,.F.);
#13873 = FACE_BOUND('',#13874,.F.);
#13874 = EDGE_LOOP('',(#13875,#13876,#13877,#13886,#13894,#13903,#13911,
    #13918));
#13875 = ORIENTED_EDGE('',*,*,#13799,.F.);
#13876 = ORIENTED_EDGE('',*,*,#13831,.F.);
#13877 = ORIENTED_EDGE('',*,*,#13878,.F.);
#13878 = EDGE_CURVE('',#13879,#13815,#13881,.T.);
#13879 = VERTEX_POINT('',#13880);
#13880 = CARTESIAN_POINT('',(66.,-40.,0.));
#13881 = CIRCLE('',#13882,4.999999678834);
#13882 = AXIS2_PLACEMENT_3D('',#13883,#13884,#13885);
#13883 = CARTESIAN_POINT('',(70.999999678834,-39.99999967883,0.));
#13884 = DIRECTION('',(0.,0.,-1.));
#13885 = DIRECTION('',(-1.,-6.423314275614E-08,-0.));
#13886 = ORIENTED_EDGE('',*,*,#13887,.F.);
#13887 = EDGE_CURVE('',#13888,#13879,#13890,.T.);
#13888 = VERTEX_POINT('',#13889);
#13889 = CARTESIAN_POINT('',(66.,-100.,0.));
#13890 = LINE('',#13891,#13892);
#13891 = CARTESIAN_POINT('',(66.,-100.,0.));
#13892 = VECTOR('',#13893,1.);
#13893 = DIRECTION('',(0.,1.,0.));
#13894 = ORIENTED_EDGE('',*,*,#13895,.F.);
#13895 = EDGE_CURVE('',#13896,#13888,#13898,.T.);
#13896 = VERTEX_POINT('',#13897);
#13897 = CARTESIAN_POINT('',(71.,-105.,0.));
#13898 = CIRCLE('',#13899,4.999999678834);
#13899 = AXIS2_PLACEMENT_3D('',#13900,#13901,#13902);
#13900 = CARTESIAN_POINT('',(70.999999678834,-100.0000003211,0.));
#13901 = DIRECTION('',(0.,0.,-1.));
#13902 = DIRECTION('',(6.423314133505E-08,-1.,0.));
#13903 = ORIENTED_EDGE('',*,*,#13904,.F.);
#13904 = EDGE_CURVE('',#13905,#13896,#13907,.T.);
#13905 = VERTEX_POINT('',#13906);
#13906 = CARTESIAN_POINT('',(101.,-105.,0.));
#13907 = LINE('',#13908,#13909);
#13908 = CARTESIAN_POINT('',(101.,-105.,0.));
#13909 = VECTOR('',#13910,1.);
#13910 = DIRECTION('',(-1.,0.,0.));
#13911 = ORIENTED_EDGE('',*,*,#13912,.F.);
#13912 = EDGE_CURVE('',#13855,#13905,#13913,.T.);
#13913 = CIRCLE('',#13914,4.999999678834);
#13914 = AXIS2_PLACEMENT_3D('',#13915,#13916,#13917);
#13915 = CARTESIAN_POINT('',(101.00000032116,-100.0000003211,0.));
#13916 = DIRECTION('',(0.,0.,-1.));
#13917 = DIRECTION('',(1.,6.423314133505E-08,0.));
#13918 = ORIENTED_EDGE('',*,*,#13862,.F.);
#13919 = FACE_BOUND('',#13920,.F.);
#13920 = EDGE_LOOP('',(#13921));
#13921 = ORIENTED_EDGE('',*,*,#13922,.T.);
#13922 = EDGE_CURVE('',#13923,#13923,#13925,.T.);
#13923 = VERTEX_POINT('',#13924);
#13924 = CARTESIAN_POINT('',(69.568109,-101.681891,0.));
#13925 = CIRCLE('',#13926,0.25);
#13926 = AXIS2_PLACEMENT_3D('',#13927,#13928,#13929);
#13927 = CARTESIAN_POINT('',(69.568109,-101.431891,0.));
#13928 = DIRECTION('',(-0.,0.,-1.));
#13929 = DIRECTION('',(-0.,-1.,0.));
#13930 = FACE_BOUND('',#13931,.F.);
#13931 = EDGE_LOOP('',(#13932));
#13932 = ORIENTED_EDGE('',*,*,#13933,.T.);
#13933 = EDGE_CURVE('',#13934,#13934,#13936,.T.);
#13934 = VERTEX_POINT('',#13935);
#13935 = CARTESIAN_POINT('',(68.975,-100.25,0.));
#13936 = CIRCLE('',#13937,0.25);
#13937 = AXIS2_PLACEMENT_3D('',#13938,#13939,#13940);
#13938 = CARTESIAN_POINT('',(68.975,-100.,0.));
#13939 = DIRECTION('',(-0.,0.,-1.));
#13940 = DIRECTION('',(-0.,-1.,0.));
#13941 = FACE_BOUND('',#13942,.F.);
#13942 = EDGE_LOOP('',(#13943));
#13943 = ORIENTED_EDGE('',*,*,#13944,.T.);
#13944 = EDGE_CURVE('',#13945,#13945,#13947,.T.);
#13945 = VERTEX_POINT('',#13946);
#13946 = CARTESIAN_POINT('',(69.568109,-98.818109,0.));
#13947 = CIRCLE('',#13948,0.25);
#13948 = AXIS2_PLACEMENT_3D('',#13949,#13950,#13951);
#13949 = CARTESIAN_POINT('',(69.568109,-98.568109,0.));
#13950 = DIRECTION('',(-0.,0.,-1.));
#13951 = DIRECTION('',(-0.,-1.,0.));
#13952 = FACE_BOUND('',#13953,.F.);
#13953 = EDGE_LOOP('',(#13954));
#13954 = ORIENTED_EDGE('',*,*,#13955,.T.);
#13955 = EDGE_CURVE('',#13956,#13956,#13958,.T.);
#13956 = VERTEX_POINT('',#13957);
#13957 = CARTESIAN_POINT('',(71.,-102.275,0.));
#13958 = CIRCLE('',#13959,0.25);
#13959 = AXIS2_PLACEMENT_3D('',#13960,#13961,#13962);
#13960 = CARTESIAN_POINT('',(71.,-102.025,0.));
#13961 = DIRECTION('',(-0.,0.,-1.));
#13962 = DIRECTION('',(-0.,-1.,0.));
#13963 = FACE_BOUND('',#13964,.F.);
#13964 = EDGE_LOOP('',(#13965));
#13965 = ORIENTED_EDGE('',*,*,#13966,.T.);
#13966 = EDGE_CURVE('',#13967,#13967,#13969,.T.);
#13967 = VERTEX_POINT('',#13968);
#13968 = CARTESIAN_POINT('',(72.431891,-101.681891,0.));
#13969 = CIRCLE('',#13970,0.25);
#13970 = AXIS2_PLACEMENT_3D('',#13971,#13972,#13973);
#13971 = CARTESIAN_POINT('',(72.431891,-101.431891,0.));
#13972 = DIRECTION('',(-0.,0.,-1.));
#13973 = DIRECTION('',(-0.,-1.,0.));
#13974 = FACE_BOUND('',#13975,.F.);
#13975 = EDGE_LOOP('',(#13976));
#13976 = ORIENTED_EDGE('',*,*,#13977,.T.);
#13977 = EDGE_CURVE('',#13978,#13978,#13980,.T.);
#13978 = VERTEX_POINT('',#13979);
#13979 = CARTESIAN_POINT('',(71.,-101.35,0.));
#13980 = CIRCLE('',#13981,1.35);
#13981 = AXIS2_PLACEMENT_3D('',#13982,#13983,#13984);
#13982 = CARTESIAN_POINT('',(71.,-100.,0.));
#13983 = DIRECTION('',(-0.,0.,-1.));
#13984 = DIRECTION('',(-0.,-1.,0.));
#13985 = FACE_BOUND('',#13986,.F.);
#13986 = EDGE_LOOP('',(#13987));
#13987 = ORIENTED_EDGE('',*,*,#13988,.T.);
#13988 = EDGE_CURVE('',#13989,#13989,#13991,.T.);
#13989 = VERTEX_POINT('',#13990);
#13990 = CARTESIAN_POINT('',(72.431891,-98.818109,0.));
#13991 = CIRCLE('',#13992,0.25);
#13992 = AXIS2_PLACEMENT_3D('',#13993,#13994,#13995);
#13993 = CARTESIAN_POINT('',(72.431891,-98.568109,0.));
#13994 = DIRECTION('',(-0.,0.,-1.));
#13995 = DIRECTION('',(-0.,-1.,0.));
#13996 = FACE_BOUND('',#13997,.F.);
#13997 = EDGE_LOOP('',(#13998));
#13998 = ORIENTED_EDGE('',*,*,#13999,.T.);
#13999 = EDGE_CURVE('',#14000,#14000,#14002,.T.);
#14000 = VERTEX_POINT('',#14001);
#14001 = CARTESIAN_POINT('',(71.,-98.225,0.));
#14002 = CIRCLE('',#14003,0.25);
#14003 = AXIS2_PLACEMENT_3D('',#14004,#14005,#14006);
#14004 = CARTESIAN_POINT('',(71.,-97.975,0.));
#14005 = DIRECTION('',(-0.,0.,-1.));
#14006 = DIRECTION('',(-0.,-1.,0.));
#14007 = FACE_BOUND('',#14008,.F.);
#14008 = EDGE_LOOP('',(#14009));
#14009 = ORIENTED_EDGE('',*,*,#14010,.T.);
#14010 = EDGE_CURVE('',#14011,#14011,#14013,.T.);
#14011 = VERTEX_POINT('',#14012);
#14012 = CARTESIAN_POINT('',(73.025,-100.25,0.));
#14013 = CIRCLE('',#14014,0.25);
#14014 = AXIS2_PLACEMENT_3D('',#14015,#14016,#14017);
#14015 = CARTESIAN_POINT('',(73.025,-100.,0.));
#14016 = DIRECTION('',(-0.,0.,-1.));
#14017 = DIRECTION('',(-0.,-1.,0.));
#14018 = FACE_BOUND('',#14019,.F.);
#14019 = EDGE_LOOP('',(#14020));
#14020 = ORIENTED_EDGE('',*,*,#14021,.T.);
#14021 = EDGE_CURVE('',#14022,#14022,#14024,.T.);
#14022 = VERTEX_POINT('',#14023);
#14023 = CARTESIAN_POINT('',(70.,-79.485,0.));
#14024 = CIRCLE('',#14025,0.425);
#14025 = AXIS2_PLACEMENT_3D('',#14026,#14027,#14028);
#14026 = CARTESIAN_POINT('',(70.,-79.06,0.));
#14027 = DIRECTION('',(-0.,0.,-1.));
#14028 = DIRECTION('',(-0.,-1.,0.));
#14029 = FACE_BOUND('',#14030,.F.);
#14030 = EDGE_LOOP('',(#14031));
#14031 = ORIENTED_EDGE('',*,*,#14032,.T.);
#14032 = EDGE_CURVE('',#14033,#14033,#14035,.T.);
#14033 = VERTEX_POINT('',#14034);
#14034 = CARTESIAN_POINT('',(72.,-79.485,0.));
#14035 = CIRCLE('',#14036,0.425);
#14036 = AXIS2_PLACEMENT_3D('',#14037,#14038,#14039);
#14037 = CARTESIAN_POINT('',(72.,-79.06,0.));
#14038 = DIRECTION('',(-0.,0.,-1.));
#14039 = DIRECTION('',(-0.,-1.,0.));
#14040 = FACE_BOUND('',#14041,.F.);
#14041 = EDGE_LOOP('',(#14042));
#14042 = ORIENTED_EDGE('',*,*,#14043,.T.);
#14043 = EDGE_CURVE('',#14044,#14044,#14046,.T.);
#14044 = VERTEX_POINT('',#14045);
#14045 = CARTESIAN_POINT('',(70.,-77.485,0.));
#14046 = CIRCLE('',#14047,0.425);
#14047 = AXIS2_PLACEMENT_3D('',#14048,#14049,#14050);
#14048 = CARTESIAN_POINT('',(70.,-77.06,0.));
#14049 = DIRECTION('',(-0.,0.,-1.));
#14050 = DIRECTION('',(-0.,-1.,0.));
#14051 = FACE_BOUND('',#14052,.F.);
#14052 = EDGE_LOOP('',(#14053));
#14053 = ORIENTED_EDGE('',*,*,#14054,.T.);
#14054 = EDGE_CURVE('',#14055,#14055,#14057,.T.);
#14055 = VERTEX_POINT('',#14056);
#14056 = CARTESIAN_POINT('',(70.,-75.485,0.));
#14057 = CIRCLE('',#14058,0.425);
#14058 = AXIS2_PLACEMENT_3D('',#14059,#14060,#14061);
#14059 = CARTESIAN_POINT('',(70.,-75.06,0.));
#14060 = DIRECTION('',(-0.,0.,-1.));
#14061 = DIRECTION('',(-0.,-1.,0.));
#14062 = FACE_BOUND('',#14063,.F.);
#14063 = EDGE_LOOP('',(#14064));
#14064 = ORIENTED_EDGE('',*,*,#14065,.T.);
#14065 = EDGE_CURVE('',#14066,#14066,#14068,.T.);
#14066 = VERTEX_POINT('',#14067);
#14067 = CARTESIAN_POINT('',(72.,-77.485,0.));
#14068 = CIRCLE('',#14069,0.425);
#14069 = AXIS2_PLACEMENT_3D('',#14070,#14071,#14072);
#14070 = CARTESIAN_POINT('',(72.,-77.06,0.));
#14071 = DIRECTION('',(-0.,0.,-1.));
#14072 = DIRECTION('',(-0.,-1.,0.));
#14073 = FACE_BOUND('',#14074,.F.);
#14074 = EDGE_LOOP('',(#14075));
#14075 = ORIENTED_EDGE('',*,*,#14076,.T.);
#14076 = EDGE_CURVE('',#14077,#14077,#14079,.T.);
#14077 = VERTEX_POINT('',#14078);
#14078 = CARTESIAN_POINT('',(72.,-75.485,0.));
#14079 = CIRCLE('',#14080,0.425);
#14080 = AXIS2_PLACEMENT_3D('',#14081,#14082,#14083);
#14081 = CARTESIAN_POINT('',(72.,-75.06,0.));
#14082 = DIRECTION('',(-0.,0.,-1.));
#14083 = DIRECTION('',(-0.,-1.,0.));
#14084 = FACE_BOUND('',#14085,.F.);
#14085 = EDGE_LOOP('',(#14086));
#14086 = ORIENTED_EDGE('',*,*,#14087,.T.);
#14087 = EDGE_CURVE('',#14088,#14088,#14090,.T.);
#14088 = VERTEX_POINT('',#14089);
#14089 = CARTESIAN_POINT('',(70.,-73.485,0.));
#14090 = CIRCLE('',#14091,0.425);
#14091 = AXIS2_PLACEMENT_3D('',#14092,#14093,#14094);
#14092 = CARTESIAN_POINT('',(70.,-73.06,0.));
#14093 = DIRECTION('',(-0.,0.,-1.));
#14094 = DIRECTION('',(-0.,-1.,0.));
#14095 = FACE_BOUND('',#14096,.F.);
#14096 = EDGE_LOOP('',(#14097));
#14097 = ORIENTED_EDGE('',*,*,#14098,.T.);
#14098 = EDGE_CURVE('',#14099,#14099,#14101,.T.);
#14099 = VERTEX_POINT('',#14100);
#14100 = CARTESIAN_POINT('',(70.,-71.485,0.));
#14101 = CIRCLE('',#14102,0.425);
#14102 = AXIS2_PLACEMENT_3D('',#14103,#14104,#14105);
#14103 = CARTESIAN_POINT('',(70.,-71.06,0.));
#14104 = DIRECTION('',(-0.,0.,-1.));
#14105 = DIRECTION('',(-0.,-1.,0.));
#14106 = FACE_BOUND('',#14107,.F.);
#14107 = EDGE_LOOP('',(#14108));
#14108 = ORIENTED_EDGE('',*,*,#14109,.T.);
#14109 = EDGE_CURVE('',#14110,#14110,#14112,.T.);
#14110 = VERTEX_POINT('',#14111);
#14111 = CARTESIAN_POINT('',(72.,-73.485,0.));
#14112 = CIRCLE('',#14113,0.425);
#14113 = AXIS2_PLACEMENT_3D('',#14114,#14115,#14116);
#14114 = CARTESIAN_POINT('',(72.,-73.06,0.));
#14115 = DIRECTION('',(-0.,0.,-1.));
#14116 = DIRECTION('',(-0.,-1.,0.));
#14117 = FACE_BOUND('',#14118,.F.);
#14118 = EDGE_LOOP('',(#14119));
#14119 = ORIENTED_EDGE('',*,*,#14120,.T.);
#14120 = EDGE_CURVE('',#14121,#14121,#14123,.T.);
#14121 = VERTEX_POINT('',#14122);
#14122 = CARTESIAN_POINT('',(72.,-71.485,0.));
#14123 = CIRCLE('',#14124,0.425);
#14124 = AXIS2_PLACEMENT_3D('',#14125,#14126,#14127);
#14125 = CARTESIAN_POINT('',(72.,-71.06,0.));
#14126 = DIRECTION('',(-0.,0.,-1.));
#14127 = DIRECTION('',(-0.,-1.,0.));
#14128 = FACE_BOUND('',#14129,.F.);
#14129 = EDGE_LOOP('',(#14130));
#14130 = ORIENTED_EDGE('',*,*,#14131,.T.);
#14131 = EDGE_CURVE('',#14132,#14132,#14134,.T.);
#14132 = VERTEX_POINT('',#14133);
#14133 = CARTESIAN_POINT('',(97.975,-100.25,0.));
#14134 = CIRCLE('',#14135,0.25);
#14135 = AXIS2_PLACEMENT_3D('',#14136,#14137,#14138);
#14136 = CARTESIAN_POINT('',(97.975,-100.,0.));
#14137 = DIRECTION('',(-0.,0.,-1.));
#14138 = DIRECTION('',(-0.,-1.,0.));
#14139 = FACE_BOUND('',#14140,.F.);
#14140 = EDGE_LOOP('',(#14141));
#14141 = ORIENTED_EDGE('',*,*,#14142,.T.);
#14142 = EDGE_CURVE('',#14143,#14143,#14145,.T.);
#14143 = VERTEX_POINT('',#14144);
#14144 = CARTESIAN_POINT('',(98.568109,-101.681891,0.));
#14145 = CIRCLE('',#14146,0.25);
#14146 = AXIS2_PLACEMENT_3D('',#14147,#14148,#14149);
#14147 = CARTESIAN_POINT('',(98.568109,-101.431891,0.));
#14148 = DIRECTION('',(-0.,0.,-1.));
#14149 = DIRECTION('',(-0.,-1.,0.));
#14150 = FACE_BOUND('',#14151,.F.);
#14151 = EDGE_LOOP('',(#14152));
#14152 = ORIENTED_EDGE('',*,*,#14153,.T.);
#14153 = EDGE_CURVE('',#14154,#14154,#14156,.T.);
#14154 = VERTEX_POINT('',#14155);
#14155 = CARTESIAN_POINT('',(100.,-102.275,0.));
#14156 = CIRCLE('',#14157,0.25);
#14157 = AXIS2_PLACEMENT_3D('',#14158,#14159,#14160);
#14158 = CARTESIAN_POINT('',(100.,-102.025,0.));
#14159 = DIRECTION('',(-0.,0.,-1.));
#14160 = DIRECTION('',(-0.,-1.,0.));
#14161 = FACE_BOUND('',#14162,.F.);
#14162 = EDGE_LOOP('',(#14163));
#14163 = ORIENTED_EDGE('',*,*,#14164,.T.);
#14164 = EDGE_CURVE('',#14165,#14165,#14167,.T.);
#14165 = VERTEX_POINT('',#14166);
#14166 = CARTESIAN_POINT('',(98.568109,-98.818109,0.));
#14167 = CIRCLE('',#14168,0.25);
#14168 = AXIS2_PLACEMENT_3D('',#14169,#14170,#14171);
#14169 = CARTESIAN_POINT('',(98.568109,-98.568109,0.));
#14170 = DIRECTION('',(-0.,0.,-1.));
#14171 = DIRECTION('',(-0.,-1.,0.));
#14172 = FACE_BOUND('',#14173,.F.);
#14173 = EDGE_LOOP('',(#14174));
#14174 = ORIENTED_EDGE('',*,*,#14175,.T.);
#14175 = EDGE_CURVE('',#14176,#14176,#14178,.T.);
#14176 = VERTEX_POINT('',#14177);
#14177 = CARTESIAN_POINT('',(100.,-101.35,0.));
#14178 = CIRCLE('',#14179,1.35);
#14179 = AXIS2_PLACEMENT_3D('',#14180,#14181,#14182);
#14180 = CARTESIAN_POINT('',(100.,-100.,0.));
#14181 = DIRECTION('',(-0.,0.,-1.));
#14182 = DIRECTION('',(-0.,-1.,0.));
#14183 = FACE_BOUND('',#14184,.F.);
#14184 = EDGE_LOOP('',(#14185));
#14185 = ORIENTED_EDGE('',*,*,#14186,.T.);
#14186 = EDGE_CURVE('',#14187,#14187,#14189,.T.);
#14187 = VERTEX_POINT('',#14188);
#14188 = CARTESIAN_POINT('',(101.431891,-101.681891,0.));
#14189 = CIRCLE('',#14190,0.25);
#14190 = AXIS2_PLACEMENT_3D('',#14191,#14192,#14193);
#14191 = CARTESIAN_POINT('',(101.431891,-101.431891,0.));
#14192 = DIRECTION('',(-0.,0.,-1.));
#14193 = DIRECTION('',(-0.,-1.,0.));
#14194 = FACE_BOUND('',#14195,.F.);
#14195 = EDGE_LOOP('',(#14196));
#14196 = ORIENTED_EDGE('',*,*,#14197,.T.);
#14197 = EDGE_CURVE('',#14198,#14198,#14200,.T.);
#14198 = VERTEX_POINT('',#14199);
#14199 = CARTESIAN_POINT('',(102.025,-100.25,0.));
#14200 = CIRCLE('',#14201,0.25);
#14201 = AXIS2_PLACEMENT_3D('',#14202,#14203,#14204);
#14202 = CARTESIAN_POINT('',(102.025,-100.,0.));
#14203 = DIRECTION('',(-0.,0.,-1.));
#14204 = DIRECTION('',(-0.,-1.,0.));
#14205 = FACE_BOUND('',#14206,.F.);
#14206 = EDGE_LOOP('',(#14207));
#14207 = ORIENTED_EDGE('',*,*,#14208,.T.);
#14208 = EDGE_CURVE('',#14209,#14209,#14211,.T.);
#14209 = VERTEX_POINT('',#14210);
#14210 = CARTESIAN_POINT('',(101.431891,-98.818109,0.));
#14211 = CIRCLE('',#14212,0.25);
#14212 = AXIS2_PLACEMENT_3D('',#14213,#14214,#14215);
#14213 = CARTESIAN_POINT('',(101.431891,-98.568109,0.));
#14214 = DIRECTION('',(-0.,0.,-1.));
#14215 = DIRECTION('',(-0.,-1.,0.));
#14216 = FACE_BOUND('',#14217,.F.);
#14217 = EDGE_LOOP('',(#14218));
#14218 = ORIENTED_EDGE('',*,*,#14219,.T.);
#14219 = EDGE_CURVE('',#14220,#14220,#14222,.T.);
#14220 = VERTEX_POINT('',#14221);
#14221 = CARTESIAN_POINT('',(100.,-98.225,0.));
#14222 = CIRCLE('',#14223,0.25);
#14223 = AXIS2_PLACEMENT_3D('',#14224,#14225,#14226);
#14224 = CARTESIAN_POINT('',(100.,-97.975,0.));
#14225 = DIRECTION('',(-0.,0.,-1.));
#14226 = DIRECTION('',(-0.,-1.,0.));
#14227 = FACE_BOUND('',#14228,.F.);
#14228 = EDGE_LOOP('',(#14229));
#14229 = ORIENTED_EDGE('',*,*,#14230,.T.);
#14230 = EDGE_CURVE('',#14231,#14231,#14233,.T.);
#14231 = VERTEX_POINT('',#14232);
#14232 = CARTESIAN_POINT('',(100.525,-90.355,0.));
#14233 = CIRCLE('',#14234,0.525);
#14234 = AXIS2_PLACEMENT_3D('',#14235,#14236,#14237);
#14235 = CARTESIAN_POINT('',(100.525,-89.83,0.));
#14236 = DIRECTION('',(-0.,0.,-1.));
#14237 = DIRECTION('',(-0.,-1.,0.));
#14238 = FACE_BOUND('',#14239,.F.);
#14239 = EDGE_LOOP('',(#14240));
#14240 = ORIENTED_EDGE('',*,*,#14241,.T.);
#14241 = EDGE_CURVE('',#14242,#14242,#14244,.T.);
#14242 = VERTEX_POINT('',#14243);
#14243 = CARTESIAN_POINT('',(100.525,-87.855,0.));
#14244 = CIRCLE('',#14245,0.525);
#14245 = AXIS2_PLACEMENT_3D('',#14246,#14247,#14248);
#14246 = CARTESIAN_POINT('',(100.525,-87.33,0.));
#14247 = DIRECTION('',(-0.,0.,-1.));
#14248 = DIRECTION('',(-0.,-1.,0.));
#14249 = FACE_BOUND('',#14250,.F.);
#14250 = EDGE_LOOP('',(#14251));
#14251 = ORIENTED_EDGE('',*,*,#14252,.T.);
#14252 = EDGE_CURVE('',#14253,#14253,#14255,.T.);
#14253 = VERTEX_POINT('',#14254);
#14254 = CARTESIAN_POINT('',(99.05,-79.485,0.));
#14255 = CIRCLE('',#14256,0.425);
#14256 = AXIS2_PLACEMENT_3D('',#14257,#14258,#14259);
#14257 = CARTESIAN_POINT('',(99.05,-79.06,0.));
#14258 = DIRECTION('',(-0.,0.,-1.));
#14259 = DIRECTION('',(-0.,-1.,0.));
#14260 = FACE_BOUND('',#14261,.F.);
#14261 = EDGE_LOOP('',(#14262));
#14262 = ORIENTED_EDGE('',*,*,#14263,.T.);
#14263 = EDGE_CURVE('',#14264,#14264,#14266,.T.);
#14264 = VERTEX_POINT('',#14265);
#14265 = CARTESIAN_POINT('',(101.05,-79.485,0.));
#14266 = CIRCLE('',#14267,0.425);
#14267 = AXIS2_PLACEMENT_3D('',#14268,#14269,#14270);
#14268 = CARTESIAN_POINT('',(101.05,-79.06,0.));
#14269 = DIRECTION('',(-0.,0.,-1.));
#14270 = DIRECTION('',(-0.,-1.,0.));
#14271 = FACE_BOUND('',#14272,.F.);
#14272 = EDGE_LOOP('',(#14273));
#14273 = ORIENTED_EDGE('',*,*,#14274,.T.);
#14274 = EDGE_CURVE('',#14275,#14275,#14277,.T.);
#14275 = VERTEX_POINT('',#14276);
#14276 = CARTESIAN_POINT('',(99.05,-77.485,0.));
#14277 = CIRCLE('',#14278,0.425);
#14278 = AXIS2_PLACEMENT_3D('',#14279,#14280,#14281);
#14279 = CARTESIAN_POINT('',(99.05,-77.06,0.));
#14280 = DIRECTION('',(-0.,0.,-1.));
#14281 = DIRECTION('',(-0.,-1.,0.));
#14282 = FACE_BOUND('',#14283,.F.);
#14283 = EDGE_LOOP('',(#14284));
#14284 = ORIENTED_EDGE('',*,*,#14285,.T.);
#14285 = EDGE_CURVE('',#14286,#14286,#14288,.T.);
#14286 = VERTEX_POINT('',#14287);
#14287 = CARTESIAN_POINT('',(99.05,-75.485,0.));
#14288 = CIRCLE('',#14289,0.425);
#14289 = AXIS2_PLACEMENT_3D('',#14290,#14291,#14292);
#14290 = CARTESIAN_POINT('',(99.05,-75.06,0.));
#14291 = DIRECTION('',(-0.,0.,-1.));
#14292 = DIRECTION('',(-0.,-1.,0.));
#14293 = FACE_BOUND('',#14294,.F.);
#14294 = EDGE_LOOP('',(#14295));
#14295 = ORIENTED_EDGE('',*,*,#14296,.T.);
#14296 = EDGE_CURVE('',#14297,#14297,#14299,.T.);
#14297 = VERTEX_POINT('',#14298);
#14298 = CARTESIAN_POINT('',(101.05,-77.485,0.));
#14299 = CIRCLE('',#14300,0.425);
#14300 = AXIS2_PLACEMENT_3D('',#14301,#14302,#14303);
#14301 = CARTESIAN_POINT('',(101.05,-77.06,0.));
#14302 = DIRECTION('',(-0.,0.,-1.));
#14303 = DIRECTION('',(-0.,-1.,0.));
#14304 = FACE_BOUND('',#14305,.F.);
#14305 = EDGE_LOOP('',(#14306));
#14306 = ORIENTED_EDGE('',*,*,#14307,.T.);
#14307 = EDGE_CURVE('',#14308,#14308,#14310,.T.);
#14308 = VERTEX_POINT('',#14309);
#14309 = CARTESIAN_POINT('',(101.05,-75.485,0.));
#14310 = CIRCLE('',#14311,0.425);
#14311 = AXIS2_PLACEMENT_3D('',#14312,#14313,#14314);
#14312 = CARTESIAN_POINT('',(101.05,-75.06,0.));
#14313 = DIRECTION('',(-0.,0.,-1.));
#14314 = DIRECTION('',(-0.,-1.,0.));
#14315 = FACE_BOUND('',#14316,.F.);
#14316 = EDGE_LOOP('',(#14317));
#14317 = ORIENTED_EDGE('',*,*,#14318,.T.);
#14318 = EDGE_CURVE('',#14319,#14319,#14321,.T.);
#14319 = VERTEX_POINT('',#14320);
#14320 = CARTESIAN_POINT('',(99.05,-73.485,0.));
#14321 = CIRCLE('',#14322,0.425);
#14322 = AXIS2_PLACEMENT_3D('',#14323,#14324,#14325);
#14323 = CARTESIAN_POINT('',(99.05,-73.06,0.));
#14324 = DIRECTION('',(-0.,0.,-1.));
#14325 = DIRECTION('',(-0.,-1.,0.));
#14326 = FACE_BOUND('',#14327,.F.);
#14327 = EDGE_LOOP('',(#14328));
#14328 = ORIENTED_EDGE('',*,*,#14329,.T.);
#14329 = EDGE_CURVE('',#14330,#14330,#14332,.T.);
#14330 = VERTEX_POINT('',#14331);
#14331 = CARTESIAN_POINT('',(99.05,-71.485,0.));
#14332 = CIRCLE('',#14333,0.425);
#14333 = AXIS2_PLACEMENT_3D('',#14334,#14335,#14336);
#14334 = CARTESIAN_POINT('',(99.05,-71.06,0.));
#14335 = DIRECTION('',(-0.,0.,-1.));
#14336 = DIRECTION('',(-0.,-1.,0.));
#14337 = FACE_BOUND('',#14338,.F.);
#14338 = EDGE_LOOP('',(#14339));
#14339 = ORIENTED_EDGE('',*,*,#14340,.T.);
#14340 = EDGE_CURVE('',#14341,#14341,#14343,.T.);
#14341 = VERTEX_POINT('',#14342);
#14342 = CARTESIAN_POINT('',(101.05,-73.485,0.));
#14343 = CIRCLE('',#14344,0.425);
#14344 = AXIS2_PLACEMENT_3D('',#14345,#14346,#14347);
#14345 = CARTESIAN_POINT('',(101.05,-73.06,0.));
#14346 = DIRECTION('',(-0.,0.,-1.));
#14347 = DIRECTION('',(-0.,-1.,0.));
#14348 = FACE_BOUND('',#14349,.F.);
#14349 = EDGE_LOOP('',(#14350));
#14350 = ORIENTED_EDGE('',*,*,#14351,.T.);
#14351 = EDGE_CURVE('',#14352,#14352,#14354,.T.);
#14352 = VERTEX_POINT('',#14353);
#14353 = CARTESIAN_POINT('',(101.05,-71.485,0.));
#14354 = CIRCLE('',#14355,0.425);
#14355 = AXIS2_PLACEMENT_3D('',#14356,#14357,#14358);
#14356 = CARTESIAN_POINT('',(101.05,-71.06,0.));
#14357 = DIRECTION('',(-0.,0.,-1.));
#14358 = DIRECTION('',(-0.,-1.,0.));
#14359 = FACE_BOUND('',#14360,.F.);
#14360 = EDGE_LOOP('',(#14361));
#14361 = ORIENTED_EDGE('',*,*,#14362,.T.);
#14362 = EDGE_CURVE('',#14363,#14363,#14365,.T.);
#14363 = VERTEX_POINT('',#14364);
#14364 = CARTESIAN_POINT('',(70.,-69.485,0.));
#14365 = CIRCLE('',#14366,0.425);
#14366 = AXIS2_PLACEMENT_3D('',#14367,#14368,#14369);
#14367 = CARTESIAN_POINT('',(70.,-69.06,0.));
#14368 = DIRECTION('',(-0.,0.,-1.));
#14369 = DIRECTION('',(-0.,-1.,0.));
#14370 = FACE_BOUND('',#14371,.F.);
#14371 = EDGE_LOOP('',(#14372));
#14372 = ORIENTED_EDGE('',*,*,#14373,.T.);
#14373 = EDGE_CURVE('',#14374,#14374,#14376,.T.);
#14374 = VERTEX_POINT('',#14375);
#14375 = CARTESIAN_POINT('',(72.,-69.485,0.));
#14376 = CIRCLE('',#14377,0.425);
#14377 = AXIS2_PLACEMENT_3D('',#14378,#14379,#14380);
#14378 = CARTESIAN_POINT('',(72.,-69.06,0.));
#14379 = DIRECTION('',(-0.,0.,-1.));
#14380 = DIRECTION('',(-0.,-1.,0.));
#14381 = FACE_BOUND('',#14382,.F.);
#14382 = EDGE_LOOP('',(#14383));
#14383 = ORIENTED_EDGE('',*,*,#14384,.T.);
#14384 = EDGE_CURVE('',#14385,#14385,#14387,.T.);
#14385 = VERTEX_POINT('',#14386);
#14386 = CARTESIAN_POINT('',(70.,-58.415,0.));
#14387 = CIRCLE('',#14388,0.425);
#14388 = AXIS2_PLACEMENT_3D('',#14389,#14390,#14391);
#14389 = CARTESIAN_POINT('',(70.,-57.99,0.));
#14390 = DIRECTION('',(-0.,0.,-1.));
#14391 = DIRECTION('',(-0.,-1.,0.));
#14392 = FACE_BOUND('',#14393,.F.);
#14393 = EDGE_LOOP('',(#14394));
#14394 = ORIENTED_EDGE('',*,*,#14395,.T.);
#14395 = EDGE_CURVE('',#14396,#14396,#14398,.T.);
#14396 = VERTEX_POINT('',#14397);
#14397 = CARTESIAN_POINT('',(72.,-58.415,0.));
#14398 = CIRCLE('',#14399,0.425);
#14399 = AXIS2_PLACEMENT_3D('',#14400,#14401,#14402);
#14400 = CARTESIAN_POINT('',(72.,-57.99,0.));
#14401 = DIRECTION('',(-0.,0.,-1.));
#14402 = DIRECTION('',(-0.,-1.,0.));
#14403 = FACE_BOUND('',#14404,.F.);
#14404 = EDGE_LOOP('',(#14405));
#14405 = ORIENTED_EDGE('',*,*,#14406,.T.);
#14406 = EDGE_CURVE('',#14407,#14407,#14409,.T.);
#14407 = VERTEX_POINT('',#14408);
#14408 = CARTESIAN_POINT('',(70.,-56.415,0.));
#14409 = CIRCLE('',#14410,0.425);
#14410 = AXIS2_PLACEMENT_3D('',#14411,#14412,#14413);
#14411 = CARTESIAN_POINT('',(70.,-55.99,0.));
#14412 = DIRECTION('',(-0.,0.,-1.));
#14413 = DIRECTION('',(-0.,-1.,0.));
#14414 = FACE_BOUND('',#14415,.F.);
#14415 = EDGE_LOOP('',(#14416));
#14416 = ORIENTED_EDGE('',*,*,#14417,.T.);
#14417 = EDGE_CURVE('',#14418,#14418,#14420,.T.);
#14418 = VERTEX_POINT('',#14419);
#14419 = CARTESIAN_POINT('',(70.,-54.415,0.));
#14420 = CIRCLE('',#14421,0.425);
#14421 = AXIS2_PLACEMENT_3D('',#14422,#14423,#14424);
#14422 = CARTESIAN_POINT('',(70.,-53.99,0.));
#14423 = DIRECTION('',(-0.,0.,-1.));
#14424 = DIRECTION('',(-0.,-1.,0.));
#14425 = FACE_BOUND('',#14426,.F.);
#14426 = EDGE_LOOP('',(#14427));
#14427 = ORIENTED_EDGE('',*,*,#14428,.T.);
#14428 = EDGE_CURVE('',#14429,#14429,#14431,.T.);
#14429 = VERTEX_POINT('',#14430);
#14430 = CARTESIAN_POINT('',(72.,-56.415,0.));
#14431 = CIRCLE('',#14432,0.425);
#14432 = AXIS2_PLACEMENT_3D('',#14433,#14434,#14435);
#14433 = CARTESIAN_POINT('',(72.,-55.99,0.));
#14434 = DIRECTION('',(-0.,0.,-1.));
#14435 = DIRECTION('',(-0.,-1.,0.));
#14436 = FACE_BOUND('',#14437,.F.);
#14437 = EDGE_LOOP('',(#14438));
#14438 = ORIENTED_EDGE('',*,*,#14439,.T.);
#14439 = EDGE_CURVE('',#14440,#14440,#14442,.T.);
#14440 = VERTEX_POINT('',#14441);
#14441 = CARTESIAN_POINT('',(72.,-54.415,0.));
#14442 = CIRCLE('',#14443,0.425);
#14443 = AXIS2_PLACEMENT_3D('',#14444,#14445,#14446);
#14444 = CARTESIAN_POINT('',(72.,-53.99,0.));
#14445 = DIRECTION('',(-0.,0.,-1.));
#14446 = DIRECTION('',(-0.,-1.,0.));
#14447 = FACE_BOUND('',#14448,.F.);
#14448 = EDGE_LOOP('',(#14449));
#14449 = ORIENTED_EDGE('',*,*,#14450,.T.);
#14450 = EDGE_CURVE('',#14451,#14451,#14453,.T.);
#14451 = VERTEX_POINT('',#14452);
#14452 = CARTESIAN_POINT('',(70.,-52.415,0.));
#14453 = CIRCLE('',#14454,0.425);
#14454 = AXIS2_PLACEMENT_3D('',#14455,#14456,#14457);
#14455 = CARTESIAN_POINT('',(70.,-51.99,0.));
#14456 = DIRECTION('',(-0.,0.,-1.));
#14457 = DIRECTION('',(-0.,-1.,0.));
#14458 = FACE_BOUND('',#14459,.F.);
#14459 = EDGE_LOOP('',(#14460));
#14460 = ORIENTED_EDGE('',*,*,#14461,.T.);
#14461 = EDGE_CURVE('',#14462,#14462,#14464,.T.);
#14462 = VERTEX_POINT('',#14463);
#14463 = CARTESIAN_POINT('',(70.,-50.415,0.));
#14464 = CIRCLE('',#14465,0.425);
#14465 = AXIS2_PLACEMENT_3D('',#14466,#14467,#14468);
#14466 = CARTESIAN_POINT('',(70.,-49.99,0.));
#14467 = DIRECTION('',(-0.,0.,-1.));
#14468 = DIRECTION('',(-0.,-1.,0.));
#14469 = FACE_BOUND('',#14470,.F.);
#14470 = EDGE_LOOP('',(#14471));
#14471 = ORIENTED_EDGE('',*,*,#14472,.T.);
#14472 = EDGE_CURVE('',#14473,#14473,#14475,.T.);
#14473 = VERTEX_POINT('',#14474);
#14474 = CARTESIAN_POINT('',(72.,-52.415,0.));
#14475 = CIRCLE('',#14476,0.425);
#14476 = AXIS2_PLACEMENT_3D('',#14477,#14478,#14479);
#14477 = CARTESIAN_POINT('',(72.,-51.99,0.));
#14478 = DIRECTION('',(-0.,0.,-1.));
#14479 = DIRECTION('',(-0.,-1.,0.));
#14480 = FACE_BOUND('',#14481,.F.);
#14481 = EDGE_LOOP('',(#14482));
#14482 = ORIENTED_EDGE('',*,*,#14483,.T.);
#14483 = EDGE_CURVE('',#14484,#14484,#14486,.T.);
#14484 = VERTEX_POINT('',#14485);
#14485 = CARTESIAN_POINT('',(72.,-50.415,0.));
#14486 = CIRCLE('',#14487,0.425);
#14487 = AXIS2_PLACEMENT_3D('',#14488,#14489,#14490);
#14488 = CARTESIAN_POINT('',(72.,-49.99,0.));
#14489 = DIRECTION('',(-0.,0.,-1.));
#14490 = DIRECTION('',(-0.,-1.,0.));
#14491 = FACE_BOUND('',#14492,.F.);
#14492 = EDGE_LOOP('',(#14493));
#14493 = ORIENTED_EDGE('',*,*,#14494,.T.);
#14494 = EDGE_CURVE('',#14495,#14495,#14497,.T.);
#14495 = VERTEX_POINT('',#14496);
#14496 = CARTESIAN_POINT('',(70.,-48.415,0.));
#14497 = CIRCLE('',#14498,0.425);
#14498 = AXIS2_PLACEMENT_3D('',#14499,#14500,#14501);
#14499 = CARTESIAN_POINT('',(70.,-47.99,0.));
#14500 = DIRECTION('',(-0.,0.,-1.));
#14501 = DIRECTION('',(-0.,-1.,0.));
#14502 = FACE_BOUND('',#14503,.F.);
#14503 = EDGE_LOOP('',(#14504));
#14504 = ORIENTED_EDGE('',*,*,#14505,.T.);
#14505 = EDGE_CURVE('',#14506,#14506,#14508,.T.);
#14506 = VERTEX_POINT('',#14507);
#14507 = CARTESIAN_POINT('',(72.,-48.415,0.));
#14508 = CIRCLE('',#14509,0.425);
#14509 = AXIS2_PLACEMENT_3D('',#14510,#14511,#14512);
#14510 = CARTESIAN_POINT('',(72.,-47.99,0.));
#14511 = DIRECTION('',(-0.,0.,-1.));
#14512 = DIRECTION('',(-0.,-1.,0.));
#14513 = FACE_BOUND('',#14514,.F.);
#14514 = EDGE_LOOP('',(#14515));
#14515 = ORIENTED_EDGE('',*,*,#14516,.T.);
#14516 = EDGE_CURVE('',#14517,#14517,#14519,.T.);
#14517 = VERTEX_POINT('',#14518);
#14518 = CARTESIAN_POINT('',(71.,-42.275,0.));
#14519 = CIRCLE('',#14520,0.25);
#14520 = AXIS2_PLACEMENT_3D('',#14521,#14522,#14523);
#14521 = CARTESIAN_POINT('',(71.,-42.025,0.));
#14522 = DIRECTION('',(-0.,0.,-1.));
#14523 = DIRECTION('',(-0.,-1.,0.));
#14524 = FACE_BOUND('',#14525,.F.);
#14525 = EDGE_LOOP('',(#14526));
#14526 = ORIENTED_EDGE('',*,*,#14527,.T.);
#14527 = EDGE_CURVE('',#14528,#14528,#14530,.T.);
#14528 = VERTEX_POINT('',#14529);
#14529 = CARTESIAN_POINT('',(69.568109,-41.681891,0.));
#14530 = CIRCLE('',#14531,0.25);
#14531 = AXIS2_PLACEMENT_3D('',#14532,#14533,#14534);
#14532 = CARTESIAN_POINT('',(69.568109,-41.431891,0.));
#14533 = DIRECTION('',(-0.,0.,-1.));
#14534 = DIRECTION('',(-0.,-1.,0.));
#14535 = FACE_BOUND('',#14536,.F.);
#14536 = EDGE_LOOP('',(#14537));
#14537 = ORIENTED_EDGE('',*,*,#14538,.T.);
#14538 = EDGE_CURVE('',#14539,#14539,#14541,.T.);
#14539 = VERTEX_POINT('',#14540);
#14540 = CARTESIAN_POINT('',(68.975,-40.25,0.));
#14541 = CIRCLE('',#14542,0.25);
#14542 = AXIS2_PLACEMENT_3D('',#14543,#14544,#14545);
#14543 = CARTESIAN_POINT('',(68.975,-40.,0.));
#14544 = DIRECTION('',(-0.,0.,-1.));
#14545 = DIRECTION('',(-0.,-1.,0.));
#14546 = FACE_BOUND('',#14547,.F.);
#14547 = EDGE_LOOP('',(#14548));
#14548 = ORIENTED_EDGE('',*,*,#14549,.T.);
#14549 = EDGE_CURVE('',#14550,#14550,#14552,.T.);
#14550 = VERTEX_POINT('',#14551);
#14551 = CARTESIAN_POINT('',(69.568109,-38.818109,0.));
#14552 = CIRCLE('',#14553,0.25);
#14553 = AXIS2_PLACEMENT_3D('',#14554,#14555,#14556);
#14554 = CARTESIAN_POINT('',(69.568109,-38.568109,0.));
#14555 = DIRECTION('',(-0.,0.,-1.));
#14556 = DIRECTION('',(-0.,-1.,0.));
#14557 = FACE_BOUND('',#14558,.F.);
#14558 = EDGE_LOOP('',(#14559));
#14559 = ORIENTED_EDGE('',*,*,#14560,.T.);
#14560 = EDGE_CURVE('',#14561,#14561,#14563,.T.);
#14561 = VERTEX_POINT('',#14562);
#14562 = CARTESIAN_POINT('',(71.,-41.35,0.));
#14563 = CIRCLE('',#14564,1.35);
#14564 = AXIS2_PLACEMENT_3D('',#14565,#14566,#14567);
#14565 = CARTESIAN_POINT('',(71.,-40.,0.));
#14566 = DIRECTION('',(-0.,0.,-1.));
#14567 = DIRECTION('',(-0.,-1.,0.));
#14568 = FACE_BOUND('',#14569,.F.);
#14569 = EDGE_LOOP('',(#14570));
#14570 = ORIENTED_EDGE('',*,*,#14571,.T.);
#14571 = EDGE_CURVE('',#14572,#14572,#14574,.T.);
#14572 = VERTEX_POINT('',#14573);
#14573 = CARTESIAN_POINT('',(72.431891,-41.681891,0.));
#14574 = CIRCLE('',#14575,0.25);
#14575 = AXIS2_PLACEMENT_3D('',#14576,#14577,#14578);
#14576 = CARTESIAN_POINT('',(72.431891,-41.431891,0.));
#14577 = DIRECTION('',(-0.,0.,-1.));
#14578 = DIRECTION('',(-0.,-1.,0.));
#14579 = FACE_BOUND('',#14580,.F.);
#14580 = EDGE_LOOP('',(#14581));
#14581 = ORIENTED_EDGE('',*,*,#14582,.T.);
#14582 = EDGE_CURVE('',#14583,#14583,#14585,.T.);
#14583 = VERTEX_POINT('',#14584);
#14584 = CARTESIAN_POINT('',(71.,-38.225,0.));
#14585 = CIRCLE('',#14586,0.25);
#14586 = AXIS2_PLACEMENT_3D('',#14587,#14588,#14589);
#14587 = CARTESIAN_POINT('',(71.,-37.975,0.));
#14588 = DIRECTION('',(-0.,0.,-1.));
#14589 = DIRECTION('',(-0.,-1.,0.));
#14590 = FACE_BOUND('',#14591,.F.);
#14591 = EDGE_LOOP('',(#14592));
#14592 = ORIENTED_EDGE('',*,*,#14593,.T.);
#14593 = EDGE_CURVE('',#14594,#14594,#14596,.T.);
#14594 = VERTEX_POINT('',#14595);
#14595 = CARTESIAN_POINT('',(72.431891,-38.818109,0.));
#14596 = CIRCLE('',#14597,0.25);
#14597 = AXIS2_PLACEMENT_3D('',#14598,#14599,#14600);
#14598 = CARTESIAN_POINT('',(72.431891,-38.568109,0.));
#14599 = DIRECTION('',(-0.,0.,-1.));
#14600 = DIRECTION('',(-0.,-1.,0.));
#14601 = FACE_BOUND('',#14602,.F.);
#14602 = EDGE_LOOP('',(#14603));
#14603 = ORIENTED_EDGE('',*,*,#14604,.T.);
#14604 = EDGE_CURVE('',#14605,#14605,#14607,.T.);
#14605 = VERTEX_POINT('',#14606);
#14606 = CARTESIAN_POINT('',(73.025,-40.25,0.));
#14607 = CIRCLE('',#14608,0.25);
#14608 = AXIS2_PLACEMENT_3D('',#14609,#14610,#14611);
#14609 = CARTESIAN_POINT('',(73.025,-40.,0.));
#14610 = DIRECTION('',(-0.,0.,-1.));
#14611 = DIRECTION('',(-0.,-1.,0.));
#14612 = FACE_BOUND('',#14613,.F.);
#14613 = EDGE_LOOP('',(#14614,#14625,#14633,#14642));
#14614 = ORIENTED_EDGE('',*,*,#14615,.T.);
#14615 = EDGE_CURVE('',#14616,#14618,#14620,.T.);
#14616 = VERTEX_POINT('',#14617);
#14617 = CARTESIAN_POINT('',(84.69,-65.49,0.));
#14618 = VERTEX_POINT('',#14619);
#14619 = CARTESIAN_POINT('',(84.69,-64.59,0.));
#14620 = CIRCLE('',#14621,0.45);
#14621 = AXIS2_PLACEMENT_3D('',#14622,#14623,#14624);
#14622 = CARTESIAN_POINT('',(84.69,-65.04,0.));
#14623 = DIRECTION('',(-0.,0.,-1.));
#14624 = DIRECTION('',(0.,1.,0.));
#14625 = ORIENTED_EDGE('',*,*,#14626,.T.);
#14626 = EDGE_CURVE('',#14618,#14627,#14629,.T.);
#14627 = VERTEX_POINT('',#14628);
#14628 = CARTESIAN_POINT('',(87.39,-64.59,0.));
#14629 = LINE('',#14630,#14631);
#14630 = CARTESIAN_POINT('',(43.695,-64.59,0.));
#14631 = VECTOR('',#14632,1.);
#14632 = DIRECTION('',(1.,0.,-0.));
#14633 = ORIENTED_EDGE('',*,*,#14634,.T.);
#14634 = EDGE_CURVE('',#14627,#14635,#14637,.T.);
#14635 = VERTEX_POINT('',#14636);
#14636 = CARTESIAN_POINT('',(87.39,-65.49,0.));
#14637 = CIRCLE('',#14638,0.45);
#14638 = AXIS2_PLACEMENT_3D('',#14639,#14640,#14641);
#14639 = CARTESIAN_POINT('',(87.39,-65.04,0.));
#14640 = DIRECTION('',(-0.,0.,-1.));
#14641 = DIRECTION('',(-3.157967714489E-14,-1.,0.));
#14642 = ORIENTED_EDGE('',*,*,#14643,.T.);
#14643 = EDGE_CURVE('',#14635,#14616,#14644,.T.);
#14644 = LINE('',#14645,#14646);
#14645 = CARTESIAN_POINT('',(42.345,-65.49,0.));
#14646 = VECTOR('',#14647,1.);
#14647 = DIRECTION('',(-1.,0.,0.));
#14648 = FACE_BOUND('',#14649,.F.);
#14649 = EDGE_LOOP('',(#14650,#14661,#14669,#14678));
#14650 = ORIENTED_EDGE('',*,*,#14651,.T.);
#14651 = EDGE_CURVE('',#14652,#14654,#14656,.T.);
#14652 = VERTEX_POINT('',#14653);
#14653 = CARTESIAN_POINT('',(84.69,-58.19,0.));
#14654 = VERTEX_POINT('',#14655);
#14655 = CARTESIAN_POINT('',(84.69,-57.29,0.));
#14656 = CIRCLE('',#14657,0.45);
#14657 = AXIS2_PLACEMENT_3D('',#14658,#14659,#14660);
#14658 = CARTESIAN_POINT('',(84.69,-57.74,0.));
#14659 = DIRECTION('',(-0.,0.,-1.));
#14660 = DIRECTION('',(0.,1.,0.));
#14661 = ORIENTED_EDGE('',*,*,#14662,.T.);
#14662 = EDGE_CURVE('',#14654,#14663,#14665,.T.);
#14663 = VERTEX_POINT('',#14664);
#14664 = CARTESIAN_POINT('',(87.39,-57.29,0.));
#14665 = LINE('',#14666,#14667);
#14666 = CARTESIAN_POINT('',(43.695,-57.29,0.));
#14667 = VECTOR('',#14668,1.);
#14668 = DIRECTION('',(1.,0.,-0.));
#14669 = ORIENTED_EDGE('',*,*,#14670,.T.);
#14670 = EDGE_CURVE('',#14663,#14671,#14673,.T.);
#14671 = VERTEX_POINT('',#14672);
#14672 = CARTESIAN_POINT('',(87.39,-58.19,0.));
#14673 = CIRCLE('',#14674,0.45);
#14674 = AXIS2_PLACEMENT_3D('',#14675,#14676,#14677);
#14675 = CARTESIAN_POINT('',(87.39,-57.74,0.));
#14676 = DIRECTION('',(-0.,0.,-1.));
#14677 = DIRECTION('',(-3.157967714489E-14,-1.,0.));
#14678 = ORIENTED_EDGE('',*,*,#14679,.T.);
#14679 = EDGE_CURVE('',#14671,#14652,#14680,.T.);
#14680 = LINE('',#14681,#14682);
#14681 = CARTESIAN_POINT('',(42.345,-58.19,0.));
#14682 = VECTOR('',#14683,1.);
#14683 = DIRECTION('',(-1.,0.,0.));
#14684 = FACE_BOUND('',#14685,.F.);
#14685 = EDGE_LOOP('',(#14686));
#14686 = ORIENTED_EDGE('',*,*,#14687,.T.);
#14687 = EDGE_CURVE('',#14688,#14688,#14690,.T.);
#14688 = VERTEX_POINT('',#14689);
#14689 = CARTESIAN_POINT('',(99.05,-69.485,0.));
#14690 = CIRCLE('',#14691,0.425);
#14691 = AXIS2_PLACEMENT_3D('',#14692,#14693,#14694);
#14692 = CARTESIAN_POINT('',(99.05,-69.06,0.));
#14693 = DIRECTION('',(-0.,0.,-1.));
#14694 = DIRECTION('',(-0.,-1.,0.));
#14695 = FACE_BOUND('',#14696,.F.);
#14696 = EDGE_LOOP('',(#14697));
#14697 = ORIENTED_EDGE('',*,*,#14698,.T.);
#14698 = EDGE_CURVE('',#14699,#14699,#14701,.T.);
#14699 = VERTEX_POINT('',#14700);
#14700 = CARTESIAN_POINT('',(101.05,-69.485,0.));
#14701 = CIRCLE('',#14702,0.425);
#14702 = AXIS2_PLACEMENT_3D('',#14703,#14704,#14705);
#14703 = CARTESIAN_POINT('',(101.05,-69.06,0.));
#14704 = DIRECTION('',(-0.,0.,-1.));
#14705 = DIRECTION('',(-0.,-1.,0.));
#14706 = FACE_BOUND('',#14707,.F.);
#14707 = EDGE_LOOP('',(#14708));
#14708 = ORIENTED_EDGE('',*,*,#14709,.T.);
#14709 = EDGE_CURVE('',#14710,#14710,#14712,.T.);
#14710 = VERTEX_POINT('',#14711);
#14711 = CARTESIAN_POINT('',(99.05,-58.415,0.));
#14712 = CIRCLE('',#14713,0.425);
#14713 = AXIS2_PLACEMENT_3D('',#14714,#14715,#14716);
#14714 = CARTESIAN_POINT('',(99.05,-57.99,0.));
#14715 = DIRECTION('',(-0.,0.,-1.));
#14716 = DIRECTION('',(-0.,-1.,0.));
#14717 = FACE_BOUND('',#14718,.F.);
#14718 = EDGE_LOOP('',(#14719));
#14719 = ORIENTED_EDGE('',*,*,#14720,.T.);
#14720 = EDGE_CURVE('',#14721,#14721,#14723,.T.);
#14721 = VERTEX_POINT('',#14722);
#14722 = CARTESIAN_POINT('',(101.05,-58.415,0.));
#14723 = CIRCLE('',#14724,0.425);
#14724 = AXIS2_PLACEMENT_3D('',#14725,#14726,#14727);
#14725 = CARTESIAN_POINT('',(101.05,-57.99,0.));
#14726 = DIRECTION('',(-0.,0.,-1.));
#14727 = DIRECTION('',(-0.,-1.,0.));
#14728 = FACE_BOUND('',#14729,.F.);
#14729 = EDGE_LOOP('',(#14730));
#14730 = ORIENTED_EDGE('',*,*,#14731,.T.);
#14731 = EDGE_CURVE('',#14732,#14732,#14734,.T.);
#14732 = VERTEX_POINT('',#14733);
#14733 = CARTESIAN_POINT('',(99.05,-56.415,0.));
#14734 = CIRCLE('',#14735,0.425);
#14735 = AXIS2_PLACEMENT_3D('',#14736,#14737,#14738);
#14736 = CARTESIAN_POINT('',(99.05,-55.99,0.));
#14737 = DIRECTION('',(-0.,0.,-1.));
#14738 = DIRECTION('',(-0.,-1.,0.));
#14739 = FACE_BOUND('',#14740,.F.);
#14740 = EDGE_LOOP('',(#14741));
#14741 = ORIENTED_EDGE('',*,*,#14742,.T.);
#14742 = EDGE_CURVE('',#14743,#14743,#14745,.T.);
#14743 = VERTEX_POINT('',#14744);
#14744 = CARTESIAN_POINT('',(99.05,-54.415,0.));
#14745 = CIRCLE('',#14746,0.425);
#14746 = AXIS2_PLACEMENT_3D('',#14747,#14748,#14749);
#14747 = CARTESIAN_POINT('',(99.05,-53.99,0.));
#14748 = DIRECTION('',(-0.,0.,-1.));
#14749 = DIRECTION('',(-0.,-1.,0.));
#14750 = FACE_BOUND('',#14751,.F.);
#14751 = EDGE_LOOP('',(#14752));
#14752 = ORIENTED_EDGE('',*,*,#14753,.T.);
#14753 = EDGE_CURVE('',#14754,#14754,#14756,.T.);
#14754 = VERTEX_POINT('',#14755);
#14755 = CARTESIAN_POINT('',(101.05,-56.415,0.));
#14756 = CIRCLE('',#14757,0.425);
#14757 = AXIS2_PLACEMENT_3D('',#14758,#14759,#14760);
#14758 = CARTESIAN_POINT('',(101.05,-55.99,0.));
#14759 = DIRECTION('',(-0.,0.,-1.));
#14760 = DIRECTION('',(-0.,-1.,0.));
#14761 = FACE_BOUND('',#14762,.F.);
#14762 = EDGE_LOOP('',(#14763));
#14763 = ORIENTED_EDGE('',*,*,#14764,.T.);
#14764 = EDGE_CURVE('',#14765,#14765,#14767,.T.);
#14765 = VERTEX_POINT('',#14766);
#14766 = CARTESIAN_POINT('',(101.05,-54.415,0.));
#14767 = CIRCLE('',#14768,0.425);
#14768 = AXIS2_PLACEMENT_3D('',#14769,#14770,#14771);
#14769 = CARTESIAN_POINT('',(101.05,-53.99,0.));
#14770 = DIRECTION('',(-0.,0.,-1.));
#14771 = DIRECTION('',(-0.,-1.,0.));
#14772 = FACE_BOUND('',#14773,.F.);
#14773 = EDGE_LOOP('',(#14774,#14785,#14793,#14802));
#14774 = ORIENTED_EDGE('',*,*,#14775,.T.);
#14775 = EDGE_CURVE('',#14776,#14778,#14780,.T.);
#14776 = VERTEX_POINT('',#14777);
#14777 = CARTESIAN_POINT('',(84.69,-49.39,0.));
#14778 = VERTEX_POINT('',#14779);
#14779 = CARTESIAN_POINT('',(84.69,-48.49,0.));
#14780 = CIRCLE('',#14781,0.45);
#14781 = AXIS2_PLACEMENT_3D('',#14782,#14783,#14784);
#14782 = CARTESIAN_POINT('',(84.69,-48.94,0.));
#14783 = DIRECTION('',(-0.,0.,-1.));
#14784 = DIRECTION('',(0.,1.,0.));
#14785 = ORIENTED_EDGE('',*,*,#14786,.T.);
#14786 = EDGE_CURVE('',#14778,#14787,#14789,.T.);
#14787 = VERTEX_POINT('',#14788);
#14788 = CARTESIAN_POINT('',(87.39,-48.49,0.));
#14789 = LINE('',#14790,#14791);
#14790 = CARTESIAN_POINT('',(43.695,-48.49,0.));
#14791 = VECTOR('',#14792,1.);
#14792 = DIRECTION('',(1.,0.,-0.));
#14793 = ORIENTED_EDGE('',*,*,#14794,.T.);
#14794 = EDGE_CURVE('',#14787,#14795,#14797,.T.);
#14795 = VERTEX_POINT('',#14796);
#14796 = CARTESIAN_POINT('',(87.39,-49.39,0.));
#14797 = CIRCLE('',#14798,0.45);
#14798 = AXIS2_PLACEMENT_3D('',#14799,#14800,#14801);
#14799 = CARTESIAN_POINT('',(87.39,-48.94,0.));
#14800 = DIRECTION('',(-0.,0.,-1.));
#14801 = DIRECTION('',(-3.157967714489E-14,-1.,0.));
#14802 = ORIENTED_EDGE('',*,*,#14803,.T.);
#14803 = EDGE_CURVE('',#14795,#14776,#14804,.T.);
#14804 = LINE('',#14805,#14806);
#14805 = CARTESIAN_POINT('',(42.345,-49.39,0.));
#14806 = VECTOR('',#14807,1.);
#14807 = DIRECTION('',(-1.,0.,0.));
#14808 = FACE_BOUND('',#14809,.F.);
#14809 = EDGE_LOOP('',(#14810));
#14810 = ORIENTED_EDGE('',*,*,#14811,.T.);
#14811 = EDGE_CURVE('',#14812,#14812,#14814,.T.);
#14812 = VERTEX_POINT('',#14813);
#14813 = CARTESIAN_POINT('',(99.05,-52.415,0.));
#14814 = CIRCLE('',#14815,0.425);
#14815 = AXIS2_PLACEMENT_3D('',#14816,#14817,#14818);
#14816 = CARTESIAN_POINT('',(99.05,-51.99,0.));
#14817 = DIRECTION('',(-0.,0.,-1.));
#14818 = DIRECTION('',(-0.,-1.,0.));
#14819 = FACE_BOUND('',#14820,.F.);
#14820 = EDGE_LOOP('',(#14821));
#14821 = ORIENTED_EDGE('',*,*,#14822,.T.);
#14822 = EDGE_CURVE('',#14823,#14823,#14825,.T.);
#14823 = VERTEX_POINT('',#14824);
#14824 = CARTESIAN_POINT('',(99.05,-50.415,0.));
#14825 = CIRCLE('',#14826,0.425);
#14826 = AXIS2_PLACEMENT_3D('',#14827,#14828,#14829);
#14827 = CARTESIAN_POINT('',(99.05,-49.99,0.));
#14828 = DIRECTION('',(-0.,0.,-1.));
#14829 = DIRECTION('',(-0.,-1.,0.));
#14830 = FACE_BOUND('',#14831,.F.);
#14831 = EDGE_LOOP('',(#14832));
#14832 = ORIENTED_EDGE('',*,*,#14833,.T.);
#14833 = EDGE_CURVE('',#14834,#14834,#14836,.T.);
#14834 = VERTEX_POINT('',#14835);
#14835 = CARTESIAN_POINT('',(101.05,-52.415,0.));
#14836 = CIRCLE('',#14837,0.425);
#14837 = AXIS2_PLACEMENT_3D('',#14838,#14839,#14840);
#14838 = CARTESIAN_POINT('',(101.05,-51.99,0.));
#14839 = DIRECTION('',(-0.,0.,-1.));
#14840 = DIRECTION('',(-0.,-1.,0.));
#14841 = FACE_BOUND('',#14842,.F.);
#14842 = EDGE_LOOP('',(#14843));
#14843 = ORIENTED_EDGE('',*,*,#14844,.T.);
#14844 = EDGE_CURVE('',#14845,#14845,#14847,.T.);
#14845 = VERTEX_POINT('',#14846);
#14846 = CARTESIAN_POINT('',(101.05,-50.415,0.));
#14847 = CIRCLE('',#14848,0.425);
#14848 = AXIS2_PLACEMENT_3D('',#14849,#14850,#14851);
#14849 = CARTESIAN_POINT('',(101.05,-49.99,0.));
#14850 = DIRECTION('',(-0.,0.,-1.));
#14851 = DIRECTION('',(-0.,-1.,0.));
#14852 = FACE_BOUND('',#14853,.F.);
#14853 = EDGE_LOOP('',(#14854));
#14854 = ORIENTED_EDGE('',*,*,#14855,.T.);
#14855 = EDGE_CURVE('',#14856,#14856,#14858,.T.);
#14856 = VERTEX_POINT('',#14857);
#14857 = CARTESIAN_POINT('',(99.05,-48.415,0.));
#14858 = CIRCLE('',#14859,0.425);
#14859 = AXIS2_PLACEMENT_3D('',#14860,#14861,#14862);
#14860 = CARTESIAN_POINT('',(99.05,-47.99,0.));
#14861 = DIRECTION('',(-0.,0.,-1.));
#14862 = DIRECTION('',(-0.,-1.,0.));
#14863 = FACE_BOUND('',#14864,.F.);
#14864 = EDGE_LOOP('',(#14865));
#14865 = ORIENTED_EDGE('',*,*,#14866,.T.);
#14866 = EDGE_CURVE('',#14867,#14867,#14869,.T.);
#14867 = VERTEX_POINT('',#14868);
#14868 = CARTESIAN_POINT('',(101.05,-48.415,0.));
#14869 = CIRCLE('',#14870,0.425);
#14870 = AXIS2_PLACEMENT_3D('',#14871,#14872,#14873);
#14871 = CARTESIAN_POINT('',(101.05,-47.99,0.));
#14872 = DIRECTION('',(-0.,0.,-1.));
#14873 = DIRECTION('',(-0.,-1.,0.));
#14874 = FACE_BOUND('',#14875,.F.);
#14875 = EDGE_LOOP('',(#14876));
#14876 = ORIENTED_EDGE('',*,*,#14877,.T.);
#14877 = EDGE_CURVE('',#14878,#14878,#14880,.T.);
#14878 = VERTEX_POINT('',#14879);
#14879 = CARTESIAN_POINT('',(97.975,-40.25,0.));
#14880 = CIRCLE('',#14881,0.25);
#14881 = AXIS2_PLACEMENT_3D('',#14882,#14883,#14884);
#14882 = CARTESIAN_POINT('',(97.975,-40.,0.));
#14883 = DIRECTION('',(-0.,0.,-1.));
#14884 = DIRECTION('',(-0.,-1.,0.));
#14885 = FACE_BOUND('',#14886,.F.);
#14886 = EDGE_LOOP('',(#14887));
#14887 = ORIENTED_EDGE('',*,*,#14888,.T.);
#14888 = EDGE_CURVE('',#14889,#14889,#14891,.T.);
#14889 = VERTEX_POINT('',#14890);
#14890 = CARTESIAN_POINT('',(100.,-42.275,0.));
#14891 = CIRCLE('',#14892,0.25);
#14892 = AXIS2_PLACEMENT_3D('',#14893,#14894,#14895);
#14893 = CARTESIAN_POINT('',(100.,-42.025,0.));
#14894 = DIRECTION('',(-0.,0.,-1.));
#14895 = DIRECTION('',(-0.,-1.,0.));
#14896 = FACE_BOUND('',#14897,.F.);
#14897 = EDGE_LOOP('',(#14898));
#14898 = ORIENTED_EDGE('',*,*,#14899,.T.);
#14899 = EDGE_CURVE('',#14900,#14900,#14902,.T.);
#14900 = VERTEX_POINT('',#14901);
#14901 = CARTESIAN_POINT('',(98.568109,-41.681891,0.));
#14902 = CIRCLE('',#14903,0.25);
#14903 = AXIS2_PLACEMENT_3D('',#14904,#14905,#14906);
#14904 = CARTESIAN_POINT('',(98.568109,-41.431891,0.));
#14905 = DIRECTION('',(-0.,0.,-1.));
#14906 = DIRECTION('',(-0.,-1.,0.));
#14907 = FACE_BOUND('',#14908,.F.);
#14908 = EDGE_LOOP('',(#14909));
#14909 = ORIENTED_EDGE('',*,*,#14910,.T.);
#14910 = EDGE_CURVE('',#14911,#14911,#14913,.T.);
#14911 = VERTEX_POINT('',#14912);
#14912 = CARTESIAN_POINT('',(100.,-41.35,0.));
#14913 = CIRCLE('',#14914,1.35);
#14914 = AXIS2_PLACEMENT_3D('',#14915,#14916,#14917);
#14915 = CARTESIAN_POINT('',(100.,-40.,0.));
#14916 = DIRECTION('',(-0.,0.,-1.));
#14917 = DIRECTION('',(-0.,-1.,0.));
#14918 = FACE_BOUND('',#14919,.F.);
#14919 = EDGE_LOOP('',(#14920));
#14920 = ORIENTED_EDGE('',*,*,#14921,.T.);
#14921 = EDGE_CURVE('',#14922,#14922,#14924,.T.);
#14922 = VERTEX_POINT('',#14923);
#14923 = CARTESIAN_POINT('',(98.568109,-38.818109,0.));
#14924 = CIRCLE('',#14925,0.25);
#14925 = AXIS2_PLACEMENT_3D('',#14926,#14927,#14928);
#14926 = CARTESIAN_POINT('',(98.568109,-38.568109,0.));
#14927 = DIRECTION('',(-0.,0.,-1.));
#14928 = DIRECTION('',(-0.,-1.,0.));
#14929 = FACE_BOUND('',#14930,.F.);
#14930 = EDGE_LOOP('',(#14931));
#14931 = ORIENTED_EDGE('',*,*,#14932,.T.);
#14932 = EDGE_CURVE('',#14933,#14933,#14935,.T.);
#14933 = VERTEX_POINT('',#14934);
#14934 = CARTESIAN_POINT('',(100.,-38.225,0.));
#14935 = CIRCLE('',#14936,0.25);
#14936 = AXIS2_PLACEMENT_3D('',#14937,#14938,#14939);
#14937 = CARTESIAN_POINT('',(100.,-37.975,0.));
#14938 = DIRECTION('',(-0.,0.,-1.));
#14939 = DIRECTION('',(-0.,-1.,0.));
#14940 = FACE_BOUND('',#14941,.F.);
#14941 = EDGE_LOOP('',(#14942));
#14942 = ORIENTED_EDGE('',*,*,#14943,.T.);
#14943 = EDGE_CURVE('',#14944,#14944,#14946,.T.);
#14944 = VERTEX_POINT('',#14945);
#14945 = CARTESIAN_POINT('',(101.431891,-41.681891,0.));
#14946 = CIRCLE('',#14947,0.25);
#14947 = AXIS2_PLACEMENT_3D('',#14948,#14949,#14950);
#14948 = CARTESIAN_POINT('',(101.431891,-41.431891,0.));
#14949 = DIRECTION('',(-0.,0.,-1.));
#14950 = DIRECTION('',(-0.,-1.,0.));
#14951 = FACE_BOUND('',#14952,.F.);
#14952 = EDGE_LOOP('',(#14953));
#14953 = ORIENTED_EDGE('',*,*,#14954,.T.);
#14954 = EDGE_CURVE('',#14955,#14955,#14957,.T.);
#14955 = VERTEX_POINT('',#14956);
#14956 = CARTESIAN_POINT('',(102.025,-40.25,0.));
#14957 = CIRCLE('',#14958,0.25);
#14958 = AXIS2_PLACEMENT_3D('',#14959,#14960,#14961);
#14959 = CARTESIAN_POINT('',(102.025,-40.,0.));
#14960 = DIRECTION('',(-0.,0.,-1.));
#14961 = DIRECTION('',(-0.,-1.,0.));
#14962 = FACE_BOUND('',#14963,.F.);
#14963 = EDGE_LOOP('',(#14964));
#14964 = ORIENTED_EDGE('',*,*,#14965,.T.);
#14965 = EDGE_CURVE('',#14966,#14966,#14968,.T.);
#14966 = VERTEX_POINT('',#14967);
#14967 = CARTESIAN_POINT('',(101.431891,-38.818109,0.));
#14968 = CIRCLE('',#14969,0.25);
#14969 = AXIS2_PLACEMENT_3D('',#14970,#14971,#14972);
#14970 = CARTESIAN_POINT('',(101.431891,-38.568109,0.));
#14971 = DIRECTION('',(-0.,0.,-1.));
#14972 = DIRECTION('',(-0.,-1.,0.));
#14973 = PLANE('',#14974);
#14974 = AXIS2_PLACEMENT_3D('',#14975,#14976,#14977);
#14975 = CARTESIAN_POINT('',(0.,0.,0.));
#14976 = DIRECTION('',(0.,0.,1.));
#14977 = DIRECTION('',(1.,0.,-0.));
#14978 = ADVANCED_FACE('',(#14979,#15025,#15036,#15047,#15058,#15069,
    #15080,#15091,#15102,#15113,#15124,#15135,#15146,#15157,#15168,
    #15179,#15190,#15201,#15212,#15223,#15234,#15245,#15256,#15267,
    #15278,#15289,#15300,#15311,#15322,#15333,#15344,#15355,#15366,
    #15377,#15388,#15399,#15410,#15421,#15432,#15443,#15454,#15465,
    #15476,#15487,#15498,#15509,#15520,#15531,#15542,#15553,#15564,
    #15575,#15586,#15597,#15608,#15619,#15630,#15641,#15652,#15663,
    #15674,#15685,#15696,#15707,#15718,#15754,#15790,#15801,#15812,
    #15823,#15834,#15845,#15856,#15867,#15878,#15914,#15925,#15936,
    #15947,#15958,#15969,#15980,#15991,#16002,#16013,#16024,#16035,
    #16046,#16057,#16068),#16079,.T.);
#14979 = FACE_BOUND('',#14980,.T.);
#14980 = EDGE_LOOP('',(#14981,#14982,#14983,#14992,#15000,#15009,#15017,
    #15024));
#14981 = ORIENTED_EDGE('',*,*,#13782,.F.);
#14982 = ORIENTED_EDGE('',*,*,#13824,.F.);
#14983 = ORIENTED_EDGE('',*,*,#14984,.F.);
#14984 = EDGE_CURVE('',#14985,#13817,#14987,.T.);
#14985 = VERTEX_POINT('',#14986);
#14986 = CARTESIAN_POINT('',(66.,-40.,1.51));
#14987 = CIRCLE('',#14988,4.999999678834);
#14988 = AXIS2_PLACEMENT_3D('',#14989,#14990,#14991);
#14989 = CARTESIAN_POINT('',(70.999999678834,-39.99999967883,1.51));
#14990 = DIRECTION('',(0.,0.,-1.));
#14991 = DIRECTION('',(-1.,-6.423314275614E-08,-0.));
#14992 = ORIENTED_EDGE('',*,*,#14993,.F.);
#14993 = EDGE_CURVE('',#14994,#14985,#14996,.T.);
#14994 = VERTEX_POINT('',#14995);
#14995 = CARTESIAN_POINT('',(66.,-100.,1.51));
#14996 = LINE('',#14997,#14998);
#14997 = CARTESIAN_POINT('',(66.,-100.,1.51));
#14998 = VECTOR('',#14999,1.);
#14999 = DIRECTION('',(0.,1.,0.));
#15000 = ORIENTED_EDGE('',*,*,#15001,.F.);
#15001 = EDGE_CURVE('',#15002,#14994,#15004,.T.);
#15002 = VERTEX_POINT('',#15003);
#15003 = CARTESIAN_POINT('',(71.,-105.,1.51));
#15004 = CIRCLE('',#15005,4.999999678834);
#15005 = AXIS2_PLACEMENT_3D('',#15006,#15007,#15008);
#15006 = CARTESIAN_POINT('',(70.999999678834,-100.0000003211,1.51));
#15007 = DIRECTION('',(0.,0.,-1.));
#15008 = DIRECTION('',(6.423314133505E-08,-1.,0.));
#15009 = ORIENTED_EDGE('',*,*,#15010,.F.);
#15010 = EDGE_CURVE('',#15011,#15002,#15013,.T.);
#15011 = VERTEX_POINT('',#15012);
#15012 = CARTESIAN_POINT('',(101.,-105.,1.51));
#15013 = LINE('',#15014,#15015);
#15014 = CARTESIAN_POINT('',(101.,-105.,1.51));
#15015 = VECTOR('',#15016,1.);
#15016 = DIRECTION('',(-1.,0.,0.));
#15017 = ORIENTED_EDGE('',*,*,#15018,.F.);
#15018 = EDGE_CURVE('',#13847,#15011,#15019,.T.);
#15019 = CIRCLE('',#15020,4.999999678834);
#15020 = AXIS2_PLACEMENT_3D('',#15021,#15022,#15023);
#15021 = CARTESIAN_POINT('',(101.00000032116,-100.0000003211,1.51));
#15022 = DIRECTION('',(0.,0.,-1.));
#15023 = DIRECTION('',(1.,6.423314133505E-08,0.));
#15024 = ORIENTED_EDGE('',*,*,#13846,.F.);
#15025 = FACE_BOUND('',#15026,.T.);
#15026 = EDGE_LOOP('',(#15027));
#15027 = ORIENTED_EDGE('',*,*,#15028,.T.);
#15028 = EDGE_CURVE('',#15029,#15029,#15031,.T.);
#15029 = VERTEX_POINT('',#15030);
#15030 = CARTESIAN_POINT('',(69.568109,-101.681891,1.51));
#15031 = CIRCLE('',#15032,0.25);
#15032 = AXIS2_PLACEMENT_3D('',#15033,#15034,#15035);
#15033 = CARTESIAN_POINT('',(69.568109,-101.431891,1.51));
#15034 = DIRECTION('',(-0.,0.,-1.));
#15035 = DIRECTION('',(-0.,-1.,0.));
#15036 = FACE_BOUND('',#15037,.T.);
#15037 = EDGE_LOOP('',(#15038));
#15038 = ORIENTED_EDGE('',*,*,#15039,.T.);
#15039 = EDGE_CURVE('',#15040,#15040,#15042,.T.);
#15040 = VERTEX_POINT('',#15041);
#15041 = CARTESIAN_POINT('',(68.975,-100.25,1.51));
#15042 = CIRCLE('',#15043,0.25);
#15043 = AXIS2_PLACEMENT_3D('',#15044,#15045,#15046);
#15044 = CARTESIAN_POINT('',(68.975,-100.,1.51));
#15045 = DIRECTION('',(-0.,0.,-1.));
#15046 = DIRECTION('',(-0.,-1.,0.));
#15047 = FACE_BOUND('',#15048,.T.);
#15048 = EDGE_LOOP('',(#15049));
#15049 = ORIENTED_EDGE('',*,*,#15050,.T.);
#15050 = EDGE_CURVE('',#15051,#15051,#15053,.T.);
#15051 = VERTEX_POINT('',#15052);
#15052 = CARTESIAN_POINT('',(69.568109,-98.818109,1.51));
#15053 = CIRCLE('',#15054,0.25);
#15054 = AXIS2_PLACEMENT_3D('',#15055,#15056,#15057);
#15055 = CARTESIAN_POINT('',(69.568109,-98.568109,1.51));
#15056 = DIRECTION('',(-0.,0.,-1.));
#15057 = DIRECTION('',(-0.,-1.,0.));
#15058 = FACE_BOUND('',#15059,.T.);
#15059 = EDGE_LOOP('',(#15060));
#15060 = ORIENTED_EDGE('',*,*,#15061,.T.);
#15061 = EDGE_CURVE('',#15062,#15062,#15064,.T.);
#15062 = VERTEX_POINT('',#15063);
#15063 = CARTESIAN_POINT('',(71.,-102.275,1.51));
#15064 = CIRCLE('',#15065,0.25);
#15065 = AXIS2_PLACEMENT_3D('',#15066,#15067,#15068);
#15066 = CARTESIAN_POINT('',(71.,-102.025,1.51));
#15067 = DIRECTION('',(-0.,0.,-1.));
#15068 = DIRECTION('',(-0.,-1.,0.));
#15069 = FACE_BOUND('',#15070,.T.);
#15070 = EDGE_LOOP('',(#15071));
#15071 = ORIENTED_EDGE('',*,*,#15072,.T.);
#15072 = EDGE_CURVE('',#15073,#15073,#15075,.T.);
#15073 = VERTEX_POINT('',#15074);
#15074 = CARTESIAN_POINT('',(72.431891,-101.681891,1.51));
#15075 = CIRCLE('',#15076,0.25);
#15076 = AXIS2_PLACEMENT_3D('',#15077,#15078,#15079);
#15077 = CARTESIAN_POINT('',(72.431891,-101.431891,1.51));
#15078 = DIRECTION('',(-0.,0.,-1.));
#15079 = DIRECTION('',(-0.,-1.,0.));
#15080 = FACE_BOUND('',#15081,.T.);
#15081 = EDGE_LOOP('',(#15082));
#15082 = ORIENTED_EDGE('',*,*,#15083,.T.);
#15083 = EDGE_CURVE('',#15084,#15084,#15086,.T.);
#15084 = VERTEX_POINT('',#15085);
#15085 = CARTESIAN_POINT('',(71.,-101.35,1.51));
#15086 = CIRCLE('',#15087,1.35);
#15087 = AXIS2_PLACEMENT_3D('',#15088,#15089,#15090);
#15088 = CARTESIAN_POINT('',(71.,-100.,1.51));
#15089 = DIRECTION('',(-0.,0.,-1.));
#15090 = DIRECTION('',(-0.,-1.,0.));
#15091 = FACE_BOUND('',#15092,.T.);
#15092 = EDGE_LOOP('',(#15093));
#15093 = ORIENTED_EDGE('',*,*,#15094,.T.);
#15094 = EDGE_CURVE('',#15095,#15095,#15097,.T.);
#15095 = VERTEX_POINT('',#15096);
#15096 = CARTESIAN_POINT('',(72.431891,-98.818109,1.51));
#15097 = CIRCLE('',#15098,0.25);
#15098 = AXIS2_PLACEMENT_3D('',#15099,#15100,#15101);
#15099 = CARTESIAN_POINT('',(72.431891,-98.568109,1.51));
#15100 = DIRECTION('',(-0.,0.,-1.));
#15101 = DIRECTION('',(-0.,-1.,0.));
#15102 = FACE_BOUND('',#15103,.T.);
#15103 = EDGE_LOOP('',(#15104));
#15104 = ORIENTED_EDGE('',*,*,#15105,.T.);
#15105 = EDGE_CURVE('',#15106,#15106,#15108,.T.);
#15106 = VERTEX_POINT('',#15107);
#15107 = CARTESIAN_POINT('',(71.,-98.225,1.51));
#15108 = CIRCLE('',#15109,0.25);
#15109 = AXIS2_PLACEMENT_3D('',#15110,#15111,#15112);
#15110 = CARTESIAN_POINT('',(71.,-97.975,1.51));
#15111 = DIRECTION('',(-0.,0.,-1.));
#15112 = DIRECTION('',(-0.,-1.,0.));
#15113 = FACE_BOUND('',#15114,.T.);
#15114 = EDGE_LOOP('',(#15115));
#15115 = ORIENTED_EDGE('',*,*,#15116,.T.);
#15116 = EDGE_CURVE('',#15117,#15117,#15119,.T.);
#15117 = VERTEX_POINT('',#15118);
#15118 = CARTESIAN_POINT('',(73.025,-100.25,1.51));
#15119 = CIRCLE('',#15120,0.25);
#15120 = AXIS2_PLACEMENT_3D('',#15121,#15122,#15123);
#15121 = CARTESIAN_POINT('',(73.025,-100.,1.51));
#15122 = DIRECTION('',(-0.,0.,-1.));
#15123 = DIRECTION('',(-0.,-1.,0.));
#15124 = FACE_BOUND('',#15125,.T.);
#15125 = EDGE_LOOP('',(#15126));
#15126 = ORIENTED_EDGE('',*,*,#15127,.T.);
#15127 = EDGE_CURVE('',#15128,#15128,#15130,.T.);
#15128 = VERTEX_POINT('',#15129);
#15129 = CARTESIAN_POINT('',(70.,-79.485,1.51));
#15130 = CIRCLE('',#15131,0.425);
#15131 = AXIS2_PLACEMENT_3D('',#15132,#15133,#15134);
#15132 = CARTESIAN_POINT('',(70.,-79.06,1.51));
#15133 = DIRECTION('',(-0.,0.,-1.));
#15134 = DIRECTION('',(-0.,-1.,0.));
#15135 = FACE_BOUND('',#15136,.T.);
#15136 = EDGE_LOOP('',(#15137));
#15137 = ORIENTED_EDGE('',*,*,#15138,.T.);
#15138 = EDGE_CURVE('',#15139,#15139,#15141,.T.);
#15139 = VERTEX_POINT('',#15140);
#15140 = CARTESIAN_POINT('',(72.,-79.485,1.51));
#15141 = CIRCLE('',#15142,0.425);
#15142 = AXIS2_PLACEMENT_3D('',#15143,#15144,#15145);
#15143 = CARTESIAN_POINT('',(72.,-79.06,1.51));
#15144 = DIRECTION('',(-0.,0.,-1.));
#15145 = DIRECTION('',(-0.,-1.,0.));
#15146 = FACE_BOUND('',#15147,.T.);
#15147 = EDGE_LOOP('',(#15148));
#15148 = ORIENTED_EDGE('',*,*,#15149,.T.);
#15149 = EDGE_CURVE('',#15150,#15150,#15152,.T.);
#15150 = VERTEX_POINT('',#15151);
#15151 = CARTESIAN_POINT('',(70.,-77.485,1.51));
#15152 = CIRCLE('',#15153,0.425);
#15153 = AXIS2_PLACEMENT_3D('',#15154,#15155,#15156);
#15154 = CARTESIAN_POINT('',(70.,-77.06,1.51));
#15155 = DIRECTION('',(-0.,0.,-1.));
#15156 = DIRECTION('',(-0.,-1.,0.));
#15157 = FACE_BOUND('',#15158,.T.);
#15158 = EDGE_LOOP('',(#15159));
#15159 = ORIENTED_EDGE('',*,*,#15160,.T.);
#15160 = EDGE_CURVE('',#15161,#15161,#15163,.T.);
#15161 = VERTEX_POINT('',#15162);
#15162 = CARTESIAN_POINT('',(70.,-75.485,1.51));
#15163 = CIRCLE('',#15164,0.425);
#15164 = AXIS2_PLACEMENT_3D('',#15165,#15166,#15167);
#15165 = CARTESIAN_POINT('',(70.,-75.06,1.51));
#15166 = DIRECTION('',(-0.,0.,-1.));
#15167 = DIRECTION('',(-0.,-1.,0.));
#15168 = FACE_BOUND('',#15169,.T.);
#15169 = EDGE_LOOP('',(#15170));
#15170 = ORIENTED_EDGE('',*,*,#15171,.T.);
#15171 = EDGE_CURVE('',#15172,#15172,#15174,.T.);
#15172 = VERTEX_POINT('',#15173);
#15173 = CARTESIAN_POINT('',(72.,-77.485,1.51));
#15174 = CIRCLE('',#15175,0.425);
#15175 = AXIS2_PLACEMENT_3D('',#15176,#15177,#15178);
#15176 = CARTESIAN_POINT('',(72.,-77.06,1.51));
#15177 = DIRECTION('',(-0.,0.,-1.));
#15178 = DIRECTION('',(-0.,-1.,0.));
#15179 = FACE_BOUND('',#15180,.T.);
#15180 = EDGE_LOOP('',(#15181));
#15181 = ORIENTED_EDGE('',*,*,#15182,.T.);
#15182 = EDGE_CURVE('',#15183,#15183,#15185,.T.);
#15183 = VERTEX_POINT('',#15184);
#15184 = CARTESIAN_POINT('',(72.,-75.485,1.51));
#15185 = CIRCLE('',#15186,0.425);
#15186 = AXIS2_PLACEMENT_3D('',#15187,#15188,#15189);
#15187 = CARTESIAN_POINT('',(72.,-75.06,1.51));
#15188 = DIRECTION('',(-0.,0.,-1.));
#15189 = DIRECTION('',(-0.,-1.,0.));
#15190 = FACE_BOUND('',#15191,.T.);
#15191 = EDGE_LOOP('',(#15192));
#15192 = ORIENTED_EDGE('',*,*,#15193,.T.);
#15193 = EDGE_CURVE('',#15194,#15194,#15196,.T.);
#15194 = VERTEX_POINT('',#15195);
#15195 = CARTESIAN_POINT('',(70.,-73.485,1.51));
#15196 = CIRCLE('',#15197,0.425);
#15197 = AXIS2_PLACEMENT_3D('',#15198,#15199,#15200);
#15198 = CARTESIAN_POINT('',(70.,-73.06,1.51));
#15199 = DIRECTION('',(-0.,0.,-1.));
#15200 = DIRECTION('',(-0.,-1.,0.));
#15201 = FACE_BOUND('',#15202,.T.);
#15202 = EDGE_LOOP('',(#15203));
#15203 = ORIENTED_EDGE('',*,*,#15204,.T.);
#15204 = EDGE_CURVE('',#15205,#15205,#15207,.T.);
#15205 = VERTEX_POINT('',#15206);
#15206 = CARTESIAN_POINT('',(70.,-71.485,1.51));
#15207 = CIRCLE('',#15208,0.425);
#15208 = AXIS2_PLACEMENT_3D('',#15209,#15210,#15211);
#15209 = CARTESIAN_POINT('',(70.,-71.06,1.51));
#15210 = DIRECTION('',(-0.,0.,-1.));
#15211 = DIRECTION('',(-0.,-1.,0.));
#15212 = FACE_BOUND('',#15213,.T.);
#15213 = EDGE_LOOP('',(#15214));
#15214 = ORIENTED_EDGE('',*,*,#15215,.T.);
#15215 = EDGE_CURVE('',#15216,#15216,#15218,.T.);
#15216 = VERTEX_POINT('',#15217);
#15217 = CARTESIAN_POINT('',(72.,-73.485,1.51));
#15218 = CIRCLE('',#15219,0.425);
#15219 = AXIS2_PLACEMENT_3D('',#15220,#15221,#15222);
#15220 = CARTESIAN_POINT('',(72.,-73.06,1.51));
#15221 = DIRECTION('',(-0.,0.,-1.));
#15222 = DIRECTION('',(-0.,-1.,0.));
#15223 = FACE_BOUND('',#15224,.T.);
#15224 = EDGE_LOOP('',(#15225));
#15225 = ORIENTED_EDGE('',*,*,#15226,.T.);
#15226 = EDGE_CURVE('',#15227,#15227,#15229,.T.);
#15227 = VERTEX_POINT('',#15228);
#15228 = CARTESIAN_POINT('',(72.,-71.485,1.51));
#15229 = CIRCLE('',#15230,0.425);
#15230 = AXIS2_PLACEMENT_3D('',#15231,#15232,#15233);
#15231 = CARTESIAN_POINT('',(72.,-71.06,1.51));
#15232 = DIRECTION('',(-0.,0.,-1.));
#15233 = DIRECTION('',(-0.,-1.,0.));
#15234 = FACE_BOUND('',#15235,.T.);
#15235 = EDGE_LOOP('',(#15236));
#15236 = ORIENTED_EDGE('',*,*,#15237,.T.);
#15237 = EDGE_CURVE('',#15238,#15238,#15240,.T.);
#15238 = VERTEX_POINT('',#15239);
#15239 = CARTESIAN_POINT('',(97.975,-100.25,1.51));
#15240 = CIRCLE('',#15241,0.25);
#15241 = AXIS2_PLACEMENT_3D('',#15242,#15243,#15244);
#15242 = CARTESIAN_POINT('',(97.975,-100.,1.51));
#15243 = DIRECTION('',(-0.,0.,-1.));
#15244 = DIRECTION('',(-0.,-1.,0.));
#15245 = FACE_BOUND('',#15246,.T.);
#15246 = EDGE_LOOP('',(#15247));
#15247 = ORIENTED_EDGE('',*,*,#15248,.T.);
#15248 = EDGE_CURVE('',#15249,#15249,#15251,.T.);
#15249 = VERTEX_POINT('',#15250);
#15250 = CARTESIAN_POINT('',(98.568109,-101.681891,1.51));
#15251 = CIRCLE('',#15252,0.25);
#15252 = AXIS2_PLACEMENT_3D('',#15253,#15254,#15255);
#15253 = CARTESIAN_POINT('',(98.568109,-101.431891,1.51));
#15254 = DIRECTION('',(-0.,0.,-1.));
#15255 = DIRECTION('',(-0.,-1.,0.));
#15256 = FACE_BOUND('',#15257,.T.);
#15257 = EDGE_LOOP('',(#15258));
#15258 = ORIENTED_EDGE('',*,*,#15259,.T.);
#15259 = EDGE_CURVE('',#15260,#15260,#15262,.T.);
#15260 = VERTEX_POINT('',#15261);
#15261 = CARTESIAN_POINT('',(100.,-102.275,1.51));
#15262 = CIRCLE('',#15263,0.25);
#15263 = AXIS2_PLACEMENT_3D('',#15264,#15265,#15266);
#15264 = CARTESIAN_POINT('',(100.,-102.025,1.51));
#15265 = DIRECTION('',(-0.,0.,-1.));
#15266 = DIRECTION('',(-0.,-1.,0.));
#15267 = FACE_BOUND('',#15268,.T.);
#15268 = EDGE_LOOP('',(#15269));
#15269 = ORIENTED_EDGE('',*,*,#15270,.T.);
#15270 = EDGE_CURVE('',#15271,#15271,#15273,.T.);
#15271 = VERTEX_POINT('',#15272);
#15272 = CARTESIAN_POINT('',(98.568109,-98.818109,1.51));
#15273 = CIRCLE('',#15274,0.25);
#15274 = AXIS2_PLACEMENT_3D('',#15275,#15276,#15277);
#15275 = CARTESIAN_POINT('',(98.568109,-98.568109,1.51));
#15276 = DIRECTION('',(-0.,0.,-1.));
#15277 = DIRECTION('',(-0.,-1.,0.));
#15278 = FACE_BOUND('',#15279,.T.);
#15279 = EDGE_LOOP('',(#15280));
#15280 = ORIENTED_EDGE('',*,*,#15281,.T.);
#15281 = EDGE_CURVE('',#15282,#15282,#15284,.T.);
#15282 = VERTEX_POINT('',#15283);
#15283 = CARTESIAN_POINT('',(100.,-101.35,1.51));
#15284 = CIRCLE('',#15285,1.35);
#15285 = AXIS2_PLACEMENT_3D('',#15286,#15287,#15288);
#15286 = CARTESIAN_POINT('',(100.,-100.,1.51));
#15287 = DIRECTION('',(-0.,0.,-1.));
#15288 = DIRECTION('',(-0.,-1.,0.));
#15289 = FACE_BOUND('',#15290,.T.);
#15290 = EDGE_LOOP('',(#15291));
#15291 = ORIENTED_EDGE('',*,*,#15292,.T.);
#15292 = EDGE_CURVE('',#15293,#15293,#15295,.T.);
#15293 = VERTEX_POINT('',#15294);
#15294 = CARTESIAN_POINT('',(101.431891,-101.681891,1.51));
#15295 = CIRCLE('',#15296,0.25);
#15296 = AXIS2_PLACEMENT_3D('',#15297,#15298,#15299);
#15297 = CARTESIAN_POINT('',(101.431891,-101.431891,1.51));
#15298 = DIRECTION('',(-0.,0.,-1.));
#15299 = DIRECTION('',(-0.,-1.,0.));
#15300 = FACE_BOUND('',#15301,.T.);
#15301 = EDGE_LOOP('',(#15302));
#15302 = ORIENTED_EDGE('',*,*,#15303,.T.);
#15303 = EDGE_CURVE('',#15304,#15304,#15306,.T.);
#15304 = VERTEX_POINT('',#15305);
#15305 = CARTESIAN_POINT('',(102.025,-100.25,1.51));
#15306 = CIRCLE('',#15307,0.25);
#15307 = AXIS2_PLACEMENT_3D('',#15308,#15309,#15310);
#15308 = CARTESIAN_POINT('',(102.025,-100.,1.51));
#15309 = DIRECTION('',(-0.,0.,-1.));
#15310 = DIRECTION('',(-0.,-1.,0.));
#15311 = FACE_BOUND('',#15312,.T.);
#15312 = EDGE_LOOP('',(#15313));
#15313 = ORIENTED_EDGE('',*,*,#15314,.T.);
#15314 = EDGE_CURVE('',#15315,#15315,#15317,.T.);
#15315 = VERTEX_POINT('',#15316);
#15316 = CARTESIAN_POINT('',(101.431891,-98.818109,1.51));
#15317 = CIRCLE('',#15318,0.25);
#15318 = AXIS2_PLACEMENT_3D('',#15319,#15320,#15321);
#15319 = CARTESIAN_POINT('',(101.431891,-98.568109,1.51));
#15320 = DIRECTION('',(-0.,0.,-1.));
#15321 = DIRECTION('',(-0.,-1.,0.));
#15322 = FACE_BOUND('',#15323,.T.);
#15323 = EDGE_LOOP('',(#15324));
#15324 = ORIENTED_EDGE('',*,*,#15325,.T.);
#15325 = EDGE_CURVE('',#15326,#15326,#15328,.T.);
#15326 = VERTEX_POINT('',#15327);
#15327 = CARTESIAN_POINT('',(100.,-98.225,1.51));
#15328 = CIRCLE('',#15329,0.25);
#15329 = AXIS2_PLACEMENT_3D('',#15330,#15331,#15332);
#15330 = CARTESIAN_POINT('',(100.,-97.975,1.51));
#15331 = DIRECTION('',(-0.,0.,-1.));
#15332 = DIRECTION('',(-0.,-1.,0.));
#15333 = FACE_BOUND('',#15334,.T.);
#15334 = EDGE_LOOP('',(#15335));
#15335 = ORIENTED_EDGE('',*,*,#15336,.T.);
#15336 = EDGE_CURVE('',#15337,#15337,#15339,.T.);
#15337 = VERTEX_POINT('',#15338);
#15338 = CARTESIAN_POINT('',(100.525,-90.355,1.51));
#15339 = CIRCLE('',#15340,0.525);
#15340 = AXIS2_PLACEMENT_3D('',#15341,#15342,#15343);
#15341 = CARTESIAN_POINT('',(100.525,-89.83,1.51));
#15342 = DIRECTION('',(-0.,0.,-1.));
#15343 = DIRECTION('',(-0.,-1.,0.));
#15344 = FACE_BOUND('',#15345,.T.);
#15345 = EDGE_LOOP('',(#15346));
#15346 = ORIENTED_EDGE('',*,*,#15347,.T.);
#15347 = EDGE_CURVE('',#15348,#15348,#15350,.T.);
#15348 = VERTEX_POINT('',#15349);
#15349 = CARTESIAN_POINT('',(100.525,-87.855,1.51));
#15350 = CIRCLE('',#15351,0.525);
#15351 = AXIS2_PLACEMENT_3D('',#15352,#15353,#15354);
#15352 = CARTESIAN_POINT('',(100.525,-87.33,1.51));
#15353 = DIRECTION('',(-0.,0.,-1.));
#15354 = DIRECTION('',(-0.,-1.,0.));
#15355 = FACE_BOUND('',#15356,.T.);
#15356 = EDGE_LOOP('',(#15357));
#15357 = ORIENTED_EDGE('',*,*,#15358,.T.);
#15358 = EDGE_CURVE('',#15359,#15359,#15361,.T.);
#15359 = VERTEX_POINT('',#15360);
#15360 = CARTESIAN_POINT('',(99.05,-79.485,1.51));
#15361 = CIRCLE('',#15362,0.425);
#15362 = AXIS2_PLACEMENT_3D('',#15363,#15364,#15365);
#15363 = CARTESIAN_POINT('',(99.05,-79.06,1.51));
#15364 = DIRECTION('',(-0.,0.,-1.));
#15365 = DIRECTION('',(-0.,-1.,0.));
#15366 = FACE_BOUND('',#15367,.T.);
#15367 = EDGE_LOOP('',(#15368));
#15368 = ORIENTED_EDGE('',*,*,#15369,.T.);
#15369 = EDGE_CURVE('',#15370,#15370,#15372,.T.);
#15370 = VERTEX_POINT('',#15371);
#15371 = CARTESIAN_POINT('',(101.05,-79.485,1.51));
#15372 = CIRCLE('',#15373,0.425);
#15373 = AXIS2_PLACEMENT_3D('',#15374,#15375,#15376);
#15374 = CARTESIAN_POINT('',(101.05,-79.06,1.51));
#15375 = DIRECTION('',(-0.,0.,-1.));
#15376 = DIRECTION('',(-0.,-1.,0.));
#15377 = FACE_BOUND('',#15378,.T.);
#15378 = EDGE_LOOP('',(#15379));
#15379 = ORIENTED_EDGE('',*,*,#15380,.T.);
#15380 = EDGE_CURVE('',#15381,#15381,#15383,.T.);
#15381 = VERTEX_POINT('',#15382);
#15382 = CARTESIAN_POINT('',(99.05,-77.485,1.51));
#15383 = CIRCLE('',#15384,0.425);
#15384 = AXIS2_PLACEMENT_3D('',#15385,#15386,#15387);
#15385 = CARTESIAN_POINT('',(99.05,-77.06,1.51));
#15386 = DIRECTION('',(-0.,0.,-1.));
#15387 = DIRECTION('',(-0.,-1.,0.));
#15388 = FACE_BOUND('',#15389,.T.);
#15389 = EDGE_LOOP('',(#15390));
#15390 = ORIENTED_EDGE('',*,*,#15391,.T.);
#15391 = EDGE_CURVE('',#15392,#15392,#15394,.T.);
#15392 = VERTEX_POINT('',#15393);
#15393 = CARTESIAN_POINT('',(99.05,-75.485,1.51));
#15394 = CIRCLE('',#15395,0.425);
#15395 = AXIS2_PLACEMENT_3D('',#15396,#15397,#15398);
#15396 = CARTESIAN_POINT('',(99.05,-75.06,1.51));
#15397 = DIRECTION('',(-0.,0.,-1.));
#15398 = DIRECTION('',(-0.,-1.,0.));
#15399 = FACE_BOUND('',#15400,.T.);
#15400 = EDGE_LOOP('',(#15401));
#15401 = ORIENTED_EDGE('',*,*,#15402,.T.);
#15402 = EDGE_CURVE('',#15403,#15403,#15405,.T.);
#15403 = VERTEX_POINT('',#15404);
#15404 = CARTESIAN_POINT('',(101.05,-77.485,1.51));
#15405 = CIRCLE('',#15406,0.425);
#15406 = AXIS2_PLACEMENT_3D('',#15407,#15408,#15409);
#15407 = CARTESIAN_POINT('',(101.05,-77.06,1.51));
#15408 = DIRECTION('',(-0.,0.,-1.));
#15409 = DIRECTION('',(-0.,-1.,0.));
#15410 = FACE_BOUND('',#15411,.T.);
#15411 = EDGE_LOOP('',(#15412));
#15412 = ORIENTED_EDGE('',*,*,#15413,.T.);
#15413 = EDGE_CURVE('',#15414,#15414,#15416,.T.);
#15414 = VERTEX_POINT('',#15415);
#15415 = CARTESIAN_POINT('',(101.05,-75.485,1.51));
#15416 = CIRCLE('',#15417,0.425);
#15417 = AXIS2_PLACEMENT_3D('',#15418,#15419,#15420);
#15418 = CARTESIAN_POINT('',(101.05,-75.06,1.51));
#15419 = DIRECTION('',(-0.,0.,-1.));
#15420 = DIRECTION('',(-0.,-1.,0.));
#15421 = FACE_BOUND('',#15422,.T.);
#15422 = EDGE_LOOP('',(#15423));
#15423 = ORIENTED_EDGE('',*,*,#15424,.T.);
#15424 = EDGE_CURVE('',#15425,#15425,#15427,.T.);
#15425 = VERTEX_POINT('',#15426);
#15426 = CARTESIAN_POINT('',(99.05,-73.485,1.51));
#15427 = CIRCLE('',#15428,0.425);
#15428 = AXIS2_PLACEMENT_3D('',#15429,#15430,#15431);
#15429 = CARTESIAN_POINT('',(99.05,-73.06,1.51));
#15430 = DIRECTION('',(-0.,0.,-1.));
#15431 = DIRECTION('',(-0.,-1.,0.));
#15432 = FACE_BOUND('',#15433,.T.);
#15433 = EDGE_LOOP('',(#15434));
#15434 = ORIENTED_EDGE('',*,*,#15435,.T.);
#15435 = EDGE_CURVE('',#15436,#15436,#15438,.T.);
#15436 = VERTEX_POINT('',#15437);
#15437 = CARTESIAN_POINT('',(99.05,-71.485,1.51));
#15438 = CIRCLE('',#15439,0.425);
#15439 = AXIS2_PLACEMENT_3D('',#15440,#15441,#15442);
#15440 = CARTESIAN_POINT('',(99.05,-71.06,1.51));
#15441 = DIRECTION('',(-0.,0.,-1.));
#15442 = DIRECTION('',(-0.,-1.,0.));
#15443 = FACE_BOUND('',#15444,.T.);
#15444 = EDGE_LOOP('',(#15445));
#15445 = ORIENTED_EDGE('',*,*,#15446,.T.);
#15446 = EDGE_CURVE('',#15447,#15447,#15449,.T.);
#15447 = VERTEX_POINT('',#15448);
#15448 = CARTESIAN_POINT('',(101.05,-73.485,1.51));
#15449 = CIRCLE('',#15450,0.425);
#15450 = AXIS2_PLACEMENT_3D('',#15451,#15452,#15453);
#15451 = CARTESIAN_POINT('',(101.05,-73.06,1.51));
#15452 = DIRECTION('',(-0.,0.,-1.));
#15453 = DIRECTION('',(-0.,-1.,0.));
#15454 = FACE_BOUND('',#15455,.T.);
#15455 = EDGE_LOOP('',(#15456));
#15456 = ORIENTED_EDGE('',*,*,#15457,.T.);
#15457 = EDGE_CURVE('',#15458,#15458,#15460,.T.);
#15458 = VERTEX_POINT('',#15459);
#15459 = CARTESIAN_POINT('',(101.05,-71.485,1.51));
#15460 = CIRCLE('',#15461,0.425);
#15461 = AXIS2_PLACEMENT_3D('',#15462,#15463,#15464);
#15462 = CARTESIAN_POINT('',(101.05,-71.06,1.51));
#15463 = DIRECTION('',(-0.,0.,-1.));
#15464 = DIRECTION('',(-0.,-1.,0.));
#15465 = FACE_BOUND('',#15466,.T.);
#15466 = EDGE_LOOP('',(#15467));
#15467 = ORIENTED_EDGE('',*,*,#15468,.T.);
#15468 = EDGE_CURVE('',#15469,#15469,#15471,.T.);
#15469 = VERTEX_POINT('',#15470);
#15470 = CARTESIAN_POINT('',(70.,-69.485,1.51));
#15471 = CIRCLE('',#15472,0.425);
#15472 = AXIS2_PLACEMENT_3D('',#15473,#15474,#15475);
#15473 = CARTESIAN_POINT('',(70.,-69.06,1.51));
#15474 = DIRECTION('',(-0.,0.,-1.));
#15475 = DIRECTION('',(-0.,-1.,0.));
#15476 = FACE_BOUND('',#15477,.T.);
#15477 = EDGE_LOOP('',(#15478));
#15478 = ORIENTED_EDGE('',*,*,#15479,.T.);
#15479 = EDGE_CURVE('',#15480,#15480,#15482,.T.);
#15480 = VERTEX_POINT('',#15481);
#15481 = CARTESIAN_POINT('',(72.,-69.485,1.51));
#15482 = CIRCLE('',#15483,0.425);
#15483 = AXIS2_PLACEMENT_3D('',#15484,#15485,#15486);
#15484 = CARTESIAN_POINT('',(72.,-69.06,1.51));
#15485 = DIRECTION('',(-0.,0.,-1.));
#15486 = DIRECTION('',(-0.,-1.,0.));
#15487 = FACE_BOUND('',#15488,.T.);
#15488 = EDGE_LOOP('',(#15489));
#15489 = ORIENTED_EDGE('',*,*,#15490,.T.);
#15490 = EDGE_CURVE('',#15491,#15491,#15493,.T.);
#15491 = VERTEX_POINT('',#15492);
#15492 = CARTESIAN_POINT('',(70.,-58.415,1.51));
#15493 = CIRCLE('',#15494,0.425);
#15494 = AXIS2_PLACEMENT_3D('',#15495,#15496,#15497);
#15495 = CARTESIAN_POINT('',(70.,-57.99,1.51));
#15496 = DIRECTION('',(-0.,0.,-1.));
#15497 = DIRECTION('',(-0.,-1.,0.));
#15498 = FACE_BOUND('',#15499,.T.);
#15499 = EDGE_LOOP('',(#15500));
#15500 = ORIENTED_EDGE('',*,*,#15501,.T.);
#15501 = EDGE_CURVE('',#15502,#15502,#15504,.T.);
#15502 = VERTEX_POINT('',#15503);
#15503 = CARTESIAN_POINT('',(72.,-58.415,1.51));
#15504 = CIRCLE('',#15505,0.425);
#15505 = AXIS2_PLACEMENT_3D('',#15506,#15507,#15508);
#15506 = CARTESIAN_POINT('',(72.,-57.99,1.51));
#15507 = DIRECTION('',(-0.,0.,-1.));
#15508 = DIRECTION('',(-0.,-1.,0.));
#15509 = FACE_BOUND('',#15510,.T.);
#15510 = EDGE_LOOP('',(#15511));
#15511 = ORIENTED_EDGE('',*,*,#15512,.T.);
#15512 = EDGE_CURVE('',#15513,#15513,#15515,.T.);
#15513 = VERTEX_POINT('',#15514);
#15514 = CARTESIAN_POINT('',(70.,-56.415,1.51));
#15515 = CIRCLE('',#15516,0.425);
#15516 = AXIS2_PLACEMENT_3D('',#15517,#15518,#15519);
#15517 = CARTESIAN_POINT('',(70.,-55.99,1.51));
#15518 = DIRECTION('',(-0.,0.,-1.));
#15519 = DIRECTION('',(-0.,-1.,0.));
#15520 = FACE_BOUND('',#15521,.T.);
#15521 = EDGE_LOOP('',(#15522));
#15522 = ORIENTED_EDGE('',*,*,#15523,.T.);
#15523 = EDGE_CURVE('',#15524,#15524,#15526,.T.);
#15524 = VERTEX_POINT('',#15525);
#15525 = CARTESIAN_POINT('',(70.,-54.415,1.51));
#15526 = CIRCLE('',#15527,0.425);
#15527 = AXIS2_PLACEMENT_3D('',#15528,#15529,#15530);
#15528 = CARTESIAN_POINT('',(70.,-53.99,1.51));
#15529 = DIRECTION('',(-0.,0.,-1.));
#15530 = DIRECTION('',(-0.,-1.,0.));
#15531 = FACE_BOUND('',#15532,.T.);
#15532 = EDGE_LOOP('',(#15533));
#15533 = ORIENTED_EDGE('',*,*,#15534,.T.);
#15534 = EDGE_CURVE('',#15535,#15535,#15537,.T.);
#15535 = VERTEX_POINT('',#15536);
#15536 = CARTESIAN_POINT('',(72.,-56.415,1.51));
#15537 = CIRCLE('',#15538,0.425);
#15538 = AXIS2_PLACEMENT_3D('',#15539,#15540,#15541);
#15539 = CARTESIAN_POINT('',(72.,-55.99,1.51));
#15540 = DIRECTION('',(-0.,0.,-1.));
#15541 = DIRECTION('',(-0.,-1.,0.));
#15542 = FACE_BOUND('',#15543,.T.);
#15543 = EDGE_LOOP('',(#15544));
#15544 = ORIENTED_EDGE('',*,*,#15545,.T.);
#15545 = EDGE_CURVE('',#15546,#15546,#15548,.T.);
#15546 = VERTEX_POINT('',#15547);
#15547 = CARTESIAN_POINT('',(72.,-54.415,1.51));
#15548 = CIRCLE('',#15549,0.425);
#15549 = AXIS2_PLACEMENT_3D('',#15550,#15551,#15552);
#15550 = CARTESIAN_POINT('',(72.,-53.99,1.51));
#15551 = DIRECTION('',(-0.,0.,-1.));
#15552 = DIRECTION('',(-0.,-1.,0.));
#15553 = FACE_BOUND('',#15554,.T.);
#15554 = EDGE_LOOP('',(#15555));
#15555 = ORIENTED_EDGE('',*,*,#15556,.T.);
#15556 = EDGE_CURVE('',#15557,#15557,#15559,.T.);
#15557 = VERTEX_POINT('',#15558);
#15558 = CARTESIAN_POINT('',(70.,-52.415,1.51));
#15559 = CIRCLE('',#15560,0.425);
#15560 = AXIS2_PLACEMENT_3D('',#15561,#15562,#15563);
#15561 = CARTESIAN_POINT('',(70.,-51.99,1.51));
#15562 = DIRECTION('',(-0.,0.,-1.));
#15563 = DIRECTION('',(-0.,-1.,0.));
#15564 = FACE_BOUND('',#15565,.T.);
#15565 = EDGE_LOOP('',(#15566));
#15566 = ORIENTED_EDGE('',*,*,#15567,.T.);
#15567 = EDGE_CURVE('',#15568,#15568,#15570,.T.);
#15568 = VERTEX_POINT('',#15569);
#15569 = CARTESIAN_POINT('',(70.,-50.415,1.51));
#15570 = CIRCLE('',#15571,0.425);
#15571 = AXIS2_PLACEMENT_3D('',#15572,#15573,#15574);
#15572 = CARTESIAN_POINT('',(70.,-49.99,1.51));
#15573 = DIRECTION('',(-0.,0.,-1.));
#15574 = DIRECTION('',(-0.,-1.,0.));
#15575 = FACE_BOUND('',#15576,.T.);
#15576 = EDGE_LOOP('',(#15577));
#15577 = ORIENTED_EDGE('',*,*,#15578,.T.);
#15578 = EDGE_CURVE('',#15579,#15579,#15581,.T.);
#15579 = VERTEX_POINT('',#15580);
#15580 = CARTESIAN_POINT('',(72.,-52.415,1.51));
#15581 = CIRCLE('',#15582,0.425);
#15582 = AXIS2_PLACEMENT_3D('',#15583,#15584,#15585);
#15583 = CARTESIAN_POINT('',(72.,-51.99,1.51));
#15584 = DIRECTION('',(-0.,0.,-1.));
#15585 = DIRECTION('',(-0.,-1.,0.));
#15586 = FACE_BOUND('',#15587,.T.);
#15587 = EDGE_LOOP('',(#15588));
#15588 = ORIENTED_EDGE('',*,*,#15589,.T.);
#15589 = EDGE_CURVE('',#15590,#15590,#15592,.T.);
#15590 = VERTEX_POINT('',#15591);
#15591 = CARTESIAN_POINT('',(72.,-50.415,1.51));
#15592 = CIRCLE('',#15593,0.425);
#15593 = AXIS2_PLACEMENT_3D('',#15594,#15595,#15596);
#15594 = CARTESIAN_POINT('',(72.,-49.99,1.51));
#15595 = DIRECTION('',(-0.,0.,-1.));
#15596 = DIRECTION('',(-0.,-1.,0.));
#15597 = FACE_BOUND('',#15598,.T.);
#15598 = EDGE_LOOP('',(#15599));
#15599 = ORIENTED_EDGE('',*,*,#15600,.T.);
#15600 = EDGE_CURVE('',#15601,#15601,#15603,.T.);
#15601 = VERTEX_POINT('',#15602);
#15602 = CARTESIAN_POINT('',(70.,-48.415,1.51));
#15603 = CIRCLE('',#15604,0.425);
#15604 = AXIS2_PLACEMENT_3D('',#15605,#15606,#15607);
#15605 = CARTESIAN_POINT('',(70.,-47.99,1.51));
#15606 = DIRECTION('',(-0.,0.,-1.));
#15607 = DIRECTION('',(-0.,-1.,0.));
#15608 = FACE_BOUND('',#15609,.T.);
#15609 = EDGE_LOOP('',(#15610));
#15610 = ORIENTED_EDGE('',*,*,#15611,.T.);
#15611 = EDGE_CURVE('',#15612,#15612,#15614,.T.);
#15612 = VERTEX_POINT('',#15613);
#15613 = CARTESIAN_POINT('',(72.,-48.415,1.51));
#15614 = CIRCLE('',#15615,0.425);
#15615 = AXIS2_PLACEMENT_3D('',#15616,#15617,#15618);
#15616 = CARTESIAN_POINT('',(72.,-47.99,1.51));
#15617 = DIRECTION('',(-0.,0.,-1.));
#15618 = DIRECTION('',(-0.,-1.,0.));
#15619 = FACE_BOUND('',#15620,.T.);
#15620 = EDGE_LOOP('',(#15621));
#15621 = ORIENTED_EDGE('',*,*,#15622,.T.);
#15622 = EDGE_CURVE('',#15623,#15623,#15625,.T.);
#15623 = VERTEX_POINT('',#15624);
#15624 = CARTESIAN_POINT('',(71.,-42.275,1.51));
#15625 = CIRCLE('',#15626,0.25);
#15626 = AXIS2_PLACEMENT_3D('',#15627,#15628,#15629);
#15627 = CARTESIAN_POINT('',(71.,-42.025,1.51));
#15628 = DIRECTION('',(-0.,0.,-1.));
#15629 = DIRECTION('',(-0.,-1.,0.));
#15630 = FACE_BOUND('',#15631,.T.);
#15631 = EDGE_LOOP('',(#15632));
#15632 = ORIENTED_EDGE('',*,*,#15633,.T.);
#15633 = EDGE_CURVE('',#15634,#15634,#15636,.T.);
#15634 = VERTEX_POINT('',#15635);
#15635 = CARTESIAN_POINT('',(69.568109,-41.681891,1.51));
#15636 = CIRCLE('',#15637,0.25);
#15637 = AXIS2_PLACEMENT_3D('',#15638,#15639,#15640);
#15638 = CARTESIAN_POINT('',(69.568109,-41.431891,1.51));
#15639 = DIRECTION('',(-0.,0.,-1.));
#15640 = DIRECTION('',(-0.,-1.,0.));
#15641 = FACE_BOUND('',#15642,.T.);
#15642 = EDGE_LOOP('',(#15643));
#15643 = ORIENTED_EDGE('',*,*,#15644,.T.);
#15644 = EDGE_CURVE('',#15645,#15645,#15647,.T.);
#15645 = VERTEX_POINT('',#15646);
#15646 = CARTESIAN_POINT('',(68.975,-40.25,1.51));
#15647 = CIRCLE('',#15648,0.25);
#15648 = AXIS2_PLACEMENT_3D('',#15649,#15650,#15651);
#15649 = CARTESIAN_POINT('',(68.975,-40.,1.51));
#15650 = DIRECTION('',(-0.,0.,-1.));
#15651 = DIRECTION('',(-0.,-1.,0.));
#15652 = FACE_BOUND('',#15653,.T.);
#15653 = EDGE_LOOP('',(#15654));
#15654 = ORIENTED_EDGE('',*,*,#15655,.T.);
#15655 = EDGE_CURVE('',#15656,#15656,#15658,.T.);
#15656 = VERTEX_POINT('',#15657);
#15657 = CARTESIAN_POINT('',(69.568109,-38.818109,1.51));
#15658 = CIRCLE('',#15659,0.25);
#15659 = AXIS2_PLACEMENT_3D('',#15660,#15661,#15662);
#15660 = CARTESIAN_POINT('',(69.568109,-38.568109,1.51));
#15661 = DIRECTION('',(-0.,0.,-1.));
#15662 = DIRECTION('',(-0.,-1.,0.));
#15663 = FACE_BOUND('',#15664,.T.);
#15664 = EDGE_LOOP('',(#15665));
#15665 = ORIENTED_EDGE('',*,*,#15666,.T.);
#15666 = EDGE_CURVE('',#15667,#15667,#15669,.T.);
#15667 = VERTEX_POINT('',#15668);
#15668 = CARTESIAN_POINT('',(71.,-41.35,1.51));
#15669 = CIRCLE('',#15670,1.35);
#15670 = AXIS2_PLACEMENT_3D('',#15671,#15672,#15673);
#15671 = CARTESIAN_POINT('',(71.,-40.,1.51));
#15672 = DIRECTION('',(-0.,0.,-1.));
#15673 = DIRECTION('',(-0.,-1.,0.));
#15674 = FACE_BOUND('',#15675,.T.);
#15675 = EDGE_LOOP('',(#15676));
#15676 = ORIENTED_EDGE('',*,*,#15677,.T.);
#15677 = EDGE_CURVE('',#15678,#15678,#15680,.T.);
#15678 = VERTEX_POINT('',#15679);
#15679 = CARTESIAN_POINT('',(72.431891,-41.681891,1.51));
#15680 = CIRCLE('',#15681,0.25);
#15681 = AXIS2_PLACEMENT_3D('',#15682,#15683,#15684);
#15682 = CARTESIAN_POINT('',(72.431891,-41.431891,1.51));
#15683 = DIRECTION('',(-0.,0.,-1.));
#15684 = DIRECTION('',(-0.,-1.,0.));
#15685 = FACE_BOUND('',#15686,.T.);
#15686 = EDGE_LOOP('',(#15687));
#15687 = ORIENTED_EDGE('',*,*,#15688,.T.);
#15688 = EDGE_CURVE('',#15689,#15689,#15691,.T.);
#15689 = VERTEX_POINT('',#15690);
#15690 = CARTESIAN_POINT('',(71.,-38.225,1.51));
#15691 = CIRCLE('',#15692,0.25);
#15692 = AXIS2_PLACEMENT_3D('',#15693,#15694,#15695);
#15693 = CARTESIAN_POINT('',(71.,-37.975,1.51));
#15694 = DIRECTION('',(-0.,0.,-1.));
#15695 = DIRECTION('',(-0.,-1.,0.));
#15696 = FACE_BOUND('',#15697,.T.);
#15697 = EDGE_LOOP('',(#15698));
#15698 = ORIENTED_EDGE('',*,*,#15699,.T.);
#15699 = EDGE_CURVE('',#15700,#15700,#15702,.T.);
#15700 = VERTEX_POINT('',#15701);
#15701 = CARTESIAN_POINT('',(72.431891,-38.818109,1.51));
#15702 = CIRCLE('',#15703,0.25);
#15703 = AXIS2_PLACEMENT_3D('',#15704,#15705,#15706);
#15704 = CARTESIAN_POINT('',(72.431891,-38.568109,1.51));
#15705 = DIRECTION('',(-0.,0.,-1.));
#15706 = DIRECTION('',(-0.,-1.,0.));
#15707 = FACE_BOUND('',#15708,.T.);
#15708 = EDGE_LOOP('',(#15709));
#15709 = ORIENTED_EDGE('',*,*,#15710,.T.);
#15710 = EDGE_CURVE('',#15711,#15711,#15713,.T.);
#15711 = VERTEX_POINT('',#15712);
#15712 = CARTESIAN_POINT('',(73.025,-40.25,1.51));
#15713 = CIRCLE('',#15714,0.25);
#15714 = AXIS2_PLACEMENT_3D('',#15715,#15716,#15717);
#15715 = CARTESIAN_POINT('',(73.025,-40.,1.51));
#15716 = DIRECTION('',(-0.,0.,-1.));
#15717 = DIRECTION('',(-0.,-1.,0.));
#15718 = FACE_BOUND('',#15719,.T.);
#15719 = EDGE_LOOP('',(#15720,#15731,#15739,#15748));
#15720 = ORIENTED_EDGE('',*,*,#15721,.T.);
#15721 = EDGE_CURVE('',#15722,#15724,#15726,.T.);
#15722 = VERTEX_POINT('',#15723);
#15723 = CARTESIAN_POINT('',(84.69,-65.49,1.51));
#15724 = VERTEX_POINT('',#15725);
#15725 = CARTESIAN_POINT('',(84.69,-64.59,1.51));
#15726 = CIRCLE('',#15727,0.45);
#15727 = AXIS2_PLACEMENT_3D('',#15728,#15729,#15730);
#15728 = CARTESIAN_POINT('',(84.69,-65.04,1.51));
#15729 = DIRECTION('',(-0.,0.,-1.));
#15730 = DIRECTION('',(0.,1.,0.));
#15731 = ORIENTED_EDGE('',*,*,#15732,.T.);
#15732 = EDGE_CURVE('',#15724,#15733,#15735,.T.);
#15733 = VERTEX_POINT('',#15734);
#15734 = CARTESIAN_POINT('',(87.39,-64.59,1.51));
#15735 = LINE('',#15736,#15737);
#15736 = CARTESIAN_POINT('',(43.695,-64.59,1.51));
#15737 = VECTOR('',#15738,1.);
#15738 = DIRECTION('',(1.,0.,-0.));
#15739 = ORIENTED_EDGE('',*,*,#15740,.T.);
#15740 = EDGE_CURVE('',#15733,#15741,#15743,.T.);
#15741 = VERTEX_POINT('',#15742);
#15742 = CARTESIAN_POINT('',(87.39,-65.49,1.51));
#15743 = CIRCLE('',#15744,0.45);
#15744 = AXIS2_PLACEMENT_3D('',#15745,#15746,#15747);
#15745 = CARTESIAN_POINT('',(87.39,-65.04,1.51));
#15746 = DIRECTION('',(-0.,0.,-1.));
#15747 = DIRECTION('',(-3.157967714489E-14,-1.,0.));
#15748 = ORIENTED_EDGE('',*,*,#15749,.T.);
#15749 = EDGE_CURVE('',#15741,#15722,#15750,.T.);
#15750 = LINE('',#15751,#15752);
#15751 = CARTESIAN_POINT('',(42.345,-65.49,1.51));
#15752 = VECTOR('',#15753,1.);
#15753 = DIRECTION('',(-1.,0.,0.));
#15754 = FACE_BOUND('',#15755,.T.);
#15755 = EDGE_LOOP('',(#15756,#15767,#15775,#15784));
#15756 = ORIENTED_EDGE('',*,*,#15757,.T.);
#15757 = EDGE_CURVE('',#15758,#15760,#15762,.T.);
#15758 = VERTEX_POINT('',#15759);
#15759 = CARTESIAN_POINT('',(84.69,-58.19,1.51));
#15760 = VERTEX_POINT('',#15761);
#15761 = CARTESIAN_POINT('',(84.69,-57.29,1.51));
#15762 = CIRCLE('',#15763,0.45);
#15763 = AXIS2_PLACEMENT_3D('',#15764,#15765,#15766);
#15764 = CARTESIAN_POINT('',(84.69,-57.74,1.51));
#15765 = DIRECTION('',(-0.,0.,-1.));
#15766 = DIRECTION('',(0.,1.,0.));
#15767 = ORIENTED_EDGE('',*,*,#15768,.T.);
#15768 = EDGE_CURVE('',#15760,#15769,#15771,.T.);
#15769 = VERTEX_POINT('',#15770);
#15770 = CARTESIAN_POINT('',(87.39,-57.29,1.51));
#15771 = LINE('',#15772,#15773);
#15772 = CARTESIAN_POINT('',(43.695,-57.29,1.51));
#15773 = VECTOR('',#15774,1.);
#15774 = DIRECTION('',(1.,0.,-0.));
#15775 = ORIENTED_EDGE('',*,*,#15776,.T.);
#15776 = EDGE_CURVE('',#15769,#15777,#15779,.T.);
#15777 = VERTEX_POINT('',#15778);
#15778 = CARTESIAN_POINT('',(87.39,-58.19,1.51));
#15779 = CIRCLE('',#15780,0.45);
#15780 = AXIS2_PLACEMENT_3D('',#15781,#15782,#15783);
#15781 = CARTESIAN_POINT('',(87.39,-57.74,1.51));
#15782 = DIRECTION('',(-0.,0.,-1.));
#15783 = DIRECTION('',(-3.157967714489E-14,-1.,0.));
#15784 = ORIENTED_EDGE('',*,*,#15785,.T.);
#15785 = EDGE_CURVE('',#15777,#15758,#15786,.T.);
#15786 = LINE('',#15787,#15788);
#15787 = CARTESIAN_POINT('',(42.345,-58.19,1.51));
#15788 = VECTOR('',#15789,1.);
#15789 = DIRECTION('',(-1.,0.,0.));
#15790 = FACE_BOUND('',#15791,.T.);
#15791 = EDGE_LOOP('',(#15792));
#15792 = ORIENTED_EDGE('',*,*,#15793,.T.);
#15793 = EDGE_CURVE('',#15794,#15794,#15796,.T.);
#15794 = VERTEX_POINT('',#15795);
#15795 = CARTESIAN_POINT('',(99.05,-69.485,1.51));
#15796 = CIRCLE('',#15797,0.425);
#15797 = AXIS2_PLACEMENT_3D('',#15798,#15799,#15800);
#15798 = CARTESIAN_POINT('',(99.05,-69.06,1.51));
#15799 = DIRECTION('',(-0.,0.,-1.));
#15800 = DIRECTION('',(-0.,-1.,0.));
#15801 = FACE_BOUND('',#15802,.T.);
#15802 = EDGE_LOOP('',(#15803));
#15803 = ORIENTED_EDGE('',*,*,#15804,.T.);
#15804 = EDGE_CURVE('',#15805,#15805,#15807,.T.);
#15805 = VERTEX_POINT('',#15806);
#15806 = CARTESIAN_POINT('',(101.05,-69.485,1.51));
#15807 = CIRCLE('',#15808,0.425);
#15808 = AXIS2_PLACEMENT_3D('',#15809,#15810,#15811);
#15809 = CARTESIAN_POINT('',(101.05,-69.06,1.51));
#15810 = DIRECTION('',(-0.,0.,-1.));
#15811 = DIRECTION('',(-0.,-1.,0.));
#15812 = FACE_BOUND('',#15813,.T.);
#15813 = EDGE_LOOP('',(#15814));
#15814 = ORIENTED_EDGE('',*,*,#15815,.T.);
#15815 = EDGE_CURVE('',#15816,#15816,#15818,.T.);
#15816 = VERTEX_POINT('',#15817);
#15817 = CARTESIAN_POINT('',(99.05,-58.415,1.51));
#15818 = CIRCLE('',#15819,0.425);
#15819 = AXIS2_PLACEMENT_3D('',#15820,#15821,#15822);
#15820 = CARTESIAN_POINT('',(99.05,-57.99,1.51));
#15821 = DIRECTION('',(-0.,0.,-1.));
#15822 = DIRECTION('',(-0.,-1.,0.));
#15823 = FACE_BOUND('',#15824,.T.);
#15824 = EDGE_LOOP('',(#15825));
#15825 = ORIENTED_EDGE('',*,*,#15826,.T.);
#15826 = EDGE_CURVE('',#15827,#15827,#15829,.T.);
#15827 = VERTEX_POINT('',#15828);
#15828 = CARTESIAN_POINT('',(101.05,-58.415,1.51));
#15829 = CIRCLE('',#15830,0.425);
#15830 = AXIS2_PLACEMENT_3D('',#15831,#15832,#15833);
#15831 = CARTESIAN_POINT('',(101.05,-57.99,1.51));
#15832 = DIRECTION('',(-0.,0.,-1.));
#15833 = DIRECTION('',(-0.,-1.,0.));
#15834 = FACE_BOUND('',#15835,.T.);
#15835 = EDGE_LOOP('',(#15836));
#15836 = ORIENTED_EDGE('',*,*,#15837,.T.);
#15837 = EDGE_CURVE('',#15838,#15838,#15840,.T.);
#15838 = VERTEX_POINT('',#15839);
#15839 = CARTESIAN_POINT('',(99.05,-56.415,1.51));
#15840 = CIRCLE('',#15841,0.425);
#15841 = AXIS2_PLACEMENT_3D('',#15842,#15843,#15844);
#15842 = CARTESIAN_POINT('',(99.05,-55.99,1.51));
#15843 = DIRECTION('',(-0.,0.,-1.));
#15844 = DIRECTION('',(-0.,-1.,0.));
#15845 = FACE_BOUND('',#15846,.T.);
#15846 = EDGE_LOOP('',(#15847));
#15847 = ORIENTED_EDGE('',*,*,#15848,.T.);
#15848 = EDGE_CURVE('',#15849,#15849,#15851,.T.);
#15849 = VERTEX_POINT('',#15850);
#15850 = CARTESIAN_POINT('',(99.05,-54.415,1.51));
#15851 = CIRCLE('',#15852,0.425);
#15852 = AXIS2_PLACEMENT_3D('',#15853,#15854,#15855);
#15853 = CARTESIAN_POINT('',(99.05,-53.99,1.51));
#15854 = DIRECTION('',(-0.,0.,-1.));
#15855 = DIRECTION('',(-0.,-1.,0.));
#15856 = FACE_BOUND('',#15857,.T.);
#15857 = EDGE_LOOP('',(#15858));
#15858 = ORIENTED_EDGE('',*,*,#15859,.T.);
#15859 = EDGE_CURVE('',#15860,#15860,#15862,.T.);
#15860 = VERTEX_POINT('',#15861);
#15861 = CARTESIAN_POINT('',(101.05,-56.415,1.51));
#15862 = CIRCLE('',#15863,0.425);
#15863 = AXIS2_PLACEMENT_3D('',#15864,#15865,#15866);
#15864 = CARTESIAN_POINT('',(101.05,-55.99,1.51));
#15865 = DIRECTION('',(-0.,0.,-1.));
#15866 = DIRECTION('',(-0.,-1.,0.));
#15867 = FACE_BOUND('',#15868,.T.);
#15868 = EDGE_LOOP('',(#15869));
#15869 = ORIENTED_EDGE('',*,*,#15870,.T.);
#15870 = EDGE_CURVE('',#15871,#15871,#15873,.T.);
#15871 = VERTEX_POINT('',#15872);
#15872 = CARTESIAN_POINT('',(101.05,-54.415,1.51));
#15873 = CIRCLE('',#15874,0.425);
#15874 = AXIS2_PLACEMENT_3D('',#15875,#15876,#15877);
#15875 = CARTESIAN_POINT('',(101.05,-53.99,1.51));
#15876 = DIRECTION('',(-0.,0.,-1.));
#15877 = DIRECTION('',(-0.,-1.,0.));
#15878 = FACE_BOUND('',#15879,.T.);
#15879 = EDGE_LOOP('',(#15880,#15891,#15899,#15908));
#15880 = ORIENTED_EDGE('',*,*,#15881,.T.);
#15881 = EDGE_CURVE('',#15882,#15884,#15886,.T.);
#15882 = VERTEX_POINT('',#15883);
#15883 = CARTESIAN_POINT('',(84.69,-49.39,1.51));
#15884 = VERTEX_POINT('',#15885);
#15885 = CARTESIAN_POINT('',(84.69,-48.49,1.51));
#15886 = CIRCLE('',#15887,0.45);
#15887 = AXIS2_PLACEMENT_3D('',#15888,#15889,#15890);
#15888 = CARTESIAN_POINT('',(84.69,-48.94,1.51));
#15889 = DIRECTION('',(-0.,0.,-1.));
#15890 = DIRECTION('',(0.,1.,0.));
#15891 = ORIENTED_EDGE('',*,*,#15892,.T.);
#15892 = EDGE_CURVE('',#15884,#15893,#15895,.T.);
#15893 = VERTEX_POINT('',#15894);
#15894 = CARTESIAN_POINT('',(87.39,-48.49,1.51));
#15895 = LINE('',#15896,#15897);
#15896 = CARTESIAN_POINT('',(43.695,-48.49,1.51));
#15897 = VECTOR('',#15898,1.);
#15898 = DIRECTION('',(1.,0.,-0.));
#15899 = ORIENTED_EDGE('',*,*,#15900,.T.);
#15900 = EDGE_CURVE('',#15893,#15901,#15903,.T.);
#15901 = VERTEX_POINT('',#15902);
#15902 = CARTESIAN_POINT('',(87.39,-49.39,1.51));
#15903 = CIRCLE('',#15904,0.45);
#15904 = AXIS2_PLACEMENT_3D('',#15905,#15906,#15907);
#15905 = CARTESIAN_POINT('',(87.39,-48.94,1.51));
#15906 = DIRECTION('',(-0.,0.,-1.));
#15907 = DIRECTION('',(-3.157967714489E-14,-1.,0.));
#15908 = ORIENTED_EDGE('',*,*,#15909,.T.);
#15909 = EDGE_CURVE('',#15901,#15882,#15910,.T.);
#15910 = LINE('',#15911,#15912);
#15911 = CARTESIAN_POINT('',(42.345,-49.39,1.51));
#15912 = VECTOR('',#15913,1.);
#15913 = DIRECTION('',(-1.,0.,0.));
#15914 = FACE_BOUND('',#15915,.T.);
#15915 = EDGE_LOOP('',(#15916));
#15916 = ORIENTED_EDGE('',*,*,#15917,.T.);
#15917 = EDGE_CURVE('',#15918,#15918,#15920,.T.);
#15918 = VERTEX_POINT('',#15919);
#15919 = CARTESIAN_POINT('',(99.05,-52.415,1.51));
#15920 = CIRCLE('',#15921,0.425);
#15921 = AXIS2_PLACEMENT_3D('',#15922,#15923,#15924);
#15922 = CARTESIAN_POINT('',(99.05,-51.99,1.51));
#15923 = DIRECTION('',(-0.,0.,-1.));
#15924 = DIRECTION('',(-0.,-1.,0.));
#15925 = FACE_BOUND('',#15926,.T.);
#15926 = EDGE_LOOP('',(#15927));
#15927 = ORIENTED_EDGE('',*,*,#15928,.T.);
#15928 = EDGE_CURVE('',#15929,#15929,#15931,.T.);
#15929 = VERTEX_POINT('',#15930);
#15930 = CARTESIAN_POINT('',(99.05,-50.415,1.51));
#15931 = CIRCLE('',#15932,0.425);
#15932 = AXIS2_PLACEMENT_3D('',#15933,#15934,#15935);
#15933 = CARTESIAN_POINT('',(99.05,-49.99,1.51));
#15934 = DIRECTION('',(-0.,0.,-1.));
#15935 = DIRECTION('',(-0.,-1.,0.));
#15936 = FACE_BOUND('',#15937,.T.);
#15937 = EDGE_LOOP('',(#15938));
#15938 = ORIENTED_EDGE('',*,*,#15939,.T.);
#15939 = EDGE_CURVE('',#15940,#15940,#15942,.T.);
#15940 = VERTEX_POINT('',#15941);
#15941 = CARTESIAN_POINT('',(101.05,-52.415,1.51));
#15942 = CIRCLE('',#15943,0.425);
#15943 = AXIS2_PLACEMENT_3D('',#15944,#15945,#15946);
#15944 = CARTESIAN_POINT('',(101.05,-51.99,1.51));
#15945 = DIRECTION('',(-0.,0.,-1.));
#15946 = DIRECTION('',(-0.,-1.,0.));
#15947 = FACE_BOUND('',#15948,.T.);
#15948 = EDGE_LOOP('',(#15949));
#15949 = ORIENTED_EDGE('',*,*,#15950,.T.);
#15950 = EDGE_CURVE('',#15951,#15951,#15953,.T.);
#15951 = VERTEX_POINT('',#15952);
#15952 = CARTESIAN_POINT('',(101.05,-50.415,1.51));
#15953 = CIRCLE('',#15954,0.425);
#15954 = AXIS2_PLACEMENT_3D('',#15955,#15956,#15957);
#15955 = CARTESIAN_POINT('',(101.05,-49.99,1.51));
#15956 = DIRECTION('',(-0.,0.,-1.));
#15957 = DIRECTION('',(-0.,-1.,0.));
#15958 = FACE_BOUND('',#15959,.T.);
#15959 = EDGE_LOOP('',(#15960));
#15960 = ORIENTED_EDGE('',*,*,#15961,.T.);
#15961 = EDGE_CURVE('',#15962,#15962,#15964,.T.);
#15962 = VERTEX_POINT('',#15963);
#15963 = CARTESIAN_POINT('',(99.05,-48.415,1.51));
#15964 = CIRCLE('',#15965,0.425);
#15965 = AXIS2_PLACEMENT_3D('',#15966,#15967,#15968);
#15966 = CARTESIAN_POINT('',(99.05,-47.99,1.51));
#15967 = DIRECTION('',(-0.,0.,-1.));
#15968 = DIRECTION('',(-0.,-1.,0.));
#15969 = FACE_BOUND('',#15970,.T.);
#15970 = EDGE_LOOP('',(#15971));
#15971 = ORIENTED_EDGE('',*,*,#15972,.T.);
#15972 = EDGE_CURVE('',#15973,#15973,#15975,.T.);
#15973 = VERTEX_POINT('',#15974);
#15974 = CARTESIAN_POINT('',(101.05,-48.415,1.51));
#15975 = CIRCLE('',#15976,0.425);
#15976 = AXIS2_PLACEMENT_3D('',#15977,#15978,#15979);
#15977 = CARTESIAN_POINT('',(101.05,-47.99,1.51));
#15978 = DIRECTION('',(-0.,0.,-1.));
#15979 = DIRECTION('',(-0.,-1.,0.));
#15980 = FACE_BOUND('',#15981,.T.);
#15981 = EDGE_LOOP('',(#15982));
#15982 = ORIENTED_EDGE('',*,*,#15983,.T.);
#15983 = EDGE_CURVE('',#15984,#15984,#15986,.T.);
#15984 = VERTEX_POINT('',#15985);
#15985 = CARTESIAN_POINT('',(97.975,-40.25,1.51));
#15986 = CIRCLE('',#15987,0.25);
#15987 = AXIS2_PLACEMENT_3D('',#15988,#15989,#15990);
#15988 = CARTESIAN_POINT('',(97.975,-40.,1.51));
#15989 = DIRECTION('',(-0.,0.,-1.));
#15990 = DIRECTION('',(-0.,-1.,0.));
#15991 = FACE_BOUND('',#15992,.T.);
#15992 = EDGE_LOOP('',(#15993));
#15993 = ORIENTED_EDGE('',*,*,#15994,.T.);
#15994 = EDGE_CURVE('',#15995,#15995,#15997,.T.);
#15995 = VERTEX_POINT('',#15996);
#15996 = CARTESIAN_POINT('',(100.,-42.275,1.51));
#15997 = CIRCLE('',#15998,0.25);
#15998 = AXIS2_PLACEMENT_3D('',#15999,#16000,#16001);
#15999 = CARTESIAN_POINT('',(100.,-42.025,1.51));
#16000 = DIRECTION('',(-0.,0.,-1.));
#16001 = DIRECTION('',(-0.,-1.,0.));
#16002 = FACE_BOUND('',#16003,.T.);
#16003 = EDGE_LOOP('',(#16004));
#16004 = ORIENTED_EDGE('',*,*,#16005,.T.);
#16005 = EDGE_CURVE('',#16006,#16006,#16008,.T.);
#16006 = VERTEX_POINT('',#16007);
#16007 = CARTESIAN_POINT('',(98.568109,-41.681891,1.51));
#16008 = CIRCLE('',#16009,0.25);
#16009 = AXIS2_PLACEMENT_3D('',#16010,#16011,#16012);
#16010 = CARTESIAN_POINT('',(98.568109,-41.431891,1.51));
#16011 = DIRECTION('',(-0.,0.,-1.));
#16012 = DIRECTION('',(-0.,-1.,0.));
#16013 = FACE_BOUND('',#16014,.T.);
#16014 = EDGE_LOOP('',(#16015));
#16015 = ORIENTED_EDGE('',*,*,#16016,.T.);
#16016 = EDGE_CURVE('',#16017,#16017,#16019,.T.);
#16017 = VERTEX_POINT('',#16018);
#16018 = CARTESIAN_POINT('',(100.,-41.35,1.51));
#16019 = CIRCLE('',#16020,1.35);
#16020 = AXIS2_PLACEMENT_3D('',#16021,#16022,#16023);
#16021 = CARTESIAN_POINT('',(100.,-40.,1.51));
#16022 = DIRECTION('',(-0.,0.,-1.));
#16023 = DIRECTION('',(-0.,-1.,0.));
#16024 = FACE_BOUND('',#16025,.T.);
#16025 = EDGE_LOOP('',(#16026));
#16026 = ORIENTED_EDGE('',*,*,#16027,.T.);
#16027 = EDGE_CURVE('',#16028,#16028,#16030,.T.);
#16028 = VERTEX_POINT('',#16029);
#16029 = CARTESIAN_POINT('',(98.568109,-38.818109,1.51));
#16030 = CIRCLE('',#16031,0.25);
#16031 = AXIS2_PLACEMENT_3D('',#16032,#16033,#16034);
#16032 = CARTESIAN_POINT('',(98.568109,-38.568109,1.51));
#16033 = DIRECTION('',(-0.,0.,-1.));
#16034 = DIRECTION('',(-0.,-1.,0.));
#16035 = FACE_BOUND('',#16036,.T.);
#16036 = EDGE_LOOP('',(#16037));
#16037 = ORIENTED_EDGE('',*,*,#16038,.T.);
#16038 = EDGE_CURVE('',#16039,#16039,#16041,.T.);
#16039 = VERTEX_POINT('',#16040);
#16040 = CARTESIAN_POINT('',(100.,-38.225,1.51));
#16041 = CIRCLE('',#16042,0.25);
#16042 = AXIS2_PLACEMENT_3D('',#16043,#16044,#16045);
#16043 = CARTESIAN_POINT('',(100.,-37.975,1.51));
#16044 = DIRECTION('',(-0.,0.,-1.));
#16045 = DIRECTION('',(-0.,-1.,0.));
#16046 = FACE_BOUND('',#16047,.T.);
#16047 = EDGE_LOOP('',(#16048));
#16048 = ORIENTED_EDGE('',*,*,#16049,.T.);
#16049 = EDGE_CURVE('',#16050,#16050,#16052,.T.);
#16050 = VERTEX_POINT('',#16051);
#16051 = CARTESIAN_POINT('',(101.431891,-41.681891,1.51));
#16052 = CIRCLE('',#16053,0.25);
#16053 = AXIS2_PLACEMENT_3D('',#16054,#16055,#16056);
#16054 = CARTESIAN_POINT('',(101.431891,-41.431891,1.51));
#16055 = DIRECTION('',(-0.,0.,-1.));
#16056 = DIRECTION('',(-0.,-1.,0.));
#16057 = FACE_BOUND('',#16058,.T.);
#16058 = EDGE_LOOP('',(#16059));
#16059 = ORIENTED_EDGE('',*,*,#16060,.T.);
#16060 = EDGE_CURVE('',#16061,#16061,#16063,.T.);
#16061 = VERTEX_POINT('',#16062);
#16062 = CARTESIAN_POINT('',(102.025,-40.25,1.51));
#16063 = CIRCLE('',#16064,0.25);
#16064 = AXIS2_PLACEMENT_3D('',#16065,#16066,#16067);
#16065 = CARTESIAN_POINT('',(102.025,-40.,1.51));
#16066 = DIRECTION('',(-0.,0.,-1.));
#16067 = DIRECTION('',(-0.,-1.,0.));
#16068 = FACE_BOUND('',#16069,.T.);
#16069 = EDGE_LOOP('',(#16070));
#16070 = ORIENTED_EDGE('',*,*,#16071,.T.);
#16071 = EDGE_CURVE('',#16072,#16072,#16074,.T.);
#16072 = VERTEX_POINT('',#16073);
#16073 = CARTESIAN_POINT('',(101.431891,-38.818109,1.51));
#16074 = CIRCLE('',#16075,0.25);
#16075 = AXIS2_PLACEMENT_3D('',#16076,#16077,#16078);
#16076 = CARTESIAN_POINT('',(101.431891,-38.568109,1.51));
#16077 = DIRECTION('',(-0.,0.,-1.));
#16078 = DIRECTION('',(-0.,-1.,0.));
#16079 = PLANE('',#16080);
#16080 = AXIS2_PLACEMENT_3D('',#16081,#16082,#16083);
#16081 = CARTESIAN_POINT('',(0.,0.,1.51));
#16082 = DIRECTION('',(0.,0.,1.));
#16083 = DIRECTION('',(1.,0.,-0.));
#16084 = ADVANCED_FACE('',(#16085),#16096,.T.);
#16085 = FACE_BOUND('',#16086,.T.);
#16086 = EDGE_LOOP('',(#16087,#16093,#16094,#16095));
#16087 = ORIENTED_EDGE('',*,*,#16088,.T.);
#16088 = EDGE_CURVE('',#13879,#14985,#16089,.T.);
#16089 = LINE('',#16090,#16091);
#16090 = CARTESIAN_POINT('',(66.,-40.,0.));
#16091 = VECTOR('',#16092,1.);
#16092 = DIRECTION('',(0.,0.,1.));
#16093 = ORIENTED_EDGE('',*,*,#14984,.T.);
#16094 = ORIENTED_EDGE('',*,*,#13814,.F.);
#16095 = ORIENTED_EDGE('',*,*,#13878,.F.);
#16096 = CYLINDRICAL_SURFACE('',#16097,4.999999678834);
#16097 = AXIS2_PLACEMENT_3D('',#16098,#16099,#16100);
#16098 = CARTESIAN_POINT('',(70.999999678834,-39.99999967883,0.));
#16099 = DIRECTION('',(0.,0.,-1.));
#16100 = DIRECTION('',(-1.,-6.423314275614E-08,-0.));
#16101 = ADVANCED_FACE('',(#16102),#16113,.T.);
#16102 = FACE_BOUND('',#16103,.T.);
#16103 = EDGE_LOOP('',(#16104,#16105,#16106,#16112));
#16104 = ORIENTED_EDGE('',*,*,#13854,.T.);
#16105 = ORIENTED_EDGE('',*,*,#15018,.T.);
#16106 = ORIENTED_EDGE('',*,*,#16107,.F.);
#16107 = EDGE_CURVE('',#13905,#15011,#16108,.T.);
#16108 = LINE('',#16109,#16110);
#16109 = CARTESIAN_POINT('',(101.,-105.,0.));
#16110 = VECTOR('',#16111,1.);
#16111 = DIRECTION('',(0.,0.,1.));
#16112 = ORIENTED_EDGE('',*,*,#13912,.F.);
#16113 = CYLINDRICAL_SURFACE('',#16114,4.999999678834);
#16114 = AXIS2_PLACEMENT_3D('',#16115,#16116,#16117);
#16115 = CARTESIAN_POINT('',(101.00000032116,-100.0000003211,0.));
#16116 = DIRECTION('',(0.,0.,-1.));
#16117 = DIRECTION('',(1.,6.423314133505E-08,0.));
#16118 = ADVANCED_FACE('',(#16119),#16130,.T.);
#16119 = FACE_BOUND('',#16120,.T.);
#16120 = EDGE_LOOP('',(#16121,#16127,#16128,#16129));
#16121 = ORIENTED_EDGE('',*,*,#16122,.T.);
#16122 = EDGE_CURVE('',#13888,#14994,#16123,.T.);
#16123 = LINE('',#16124,#16125);
#16124 = CARTESIAN_POINT('',(66.,-100.,0.));
#16125 = VECTOR('',#16126,1.);
#16126 = DIRECTION('',(0.,0.,1.));
#16127 = ORIENTED_EDGE('',*,*,#14993,.T.);
#16128 = ORIENTED_EDGE('',*,*,#16088,.F.);
#16129 = ORIENTED_EDGE('',*,*,#13887,.F.);
#16130 = PLANE('',#16131);
#16131 = AXIS2_PLACEMENT_3D('',#16132,#16133,#16134);
#16132 = CARTESIAN_POINT('',(66.,-100.,0.));
#16133 = DIRECTION('',(-1.,0.,0.));
#16134 = DIRECTION('',(0.,1.,0.));
#16135 = ADVANCED_FACE('',(#16136),#16147,.T.);
#16136 = FACE_BOUND('',#16137,.T.);
#16137 = EDGE_LOOP('',(#16138,#16139,#16140,#16146));
#16138 = ORIENTED_EDGE('',*,*,#16107,.T.);
#16139 = ORIENTED_EDGE('',*,*,#15010,.T.);
#16140 = ORIENTED_EDGE('',*,*,#16141,.F.);
#16141 = EDGE_CURVE('',#13896,#15002,#16142,.T.);
#16142 = LINE('',#16143,#16144);
#16143 = CARTESIAN_POINT('',(71.,-105.,0.));
#16144 = VECTOR('',#16145,1.);
#16145 = DIRECTION('',(0.,0.,1.));
#16146 = ORIENTED_EDGE('',*,*,#13904,.F.);
#16147 = PLANE('',#16148);
#16148 = AXIS2_PLACEMENT_3D('',#16149,#16150,#16151);
#16149 = CARTESIAN_POINT('',(101.,-105.,0.));
#16150 = DIRECTION('',(0.,-1.,0.));
#16151 = DIRECTION('',(-1.,0.,0.));
#16152 = ADVANCED_FACE('',(#16153),#16159,.T.);
#16153 = FACE_BOUND('',#16154,.T.);
#16154 = EDGE_LOOP('',(#16155,#16156,#16157,#16158));
#16155 = ORIENTED_EDGE('',*,*,#16141,.T.);
#16156 = ORIENTED_EDGE('',*,*,#15001,.T.);
#16157 = ORIENTED_EDGE('',*,*,#16122,.F.);
#16158 = ORIENTED_EDGE('',*,*,#13895,.F.);
#16159 = CYLINDRICAL_SURFACE('',#16160,4.999999678834);
#16160 = AXIS2_PLACEMENT_3D('',#16161,#16162,#16163);
#16161 = CARTESIAN_POINT('',(70.999999678834,-100.0000003211,0.));
#16162 = DIRECTION('',(0.,0.,-1.));
#16163 = DIRECTION('',(6.423314133505E-08,-1.,0.));
#16164 = ADVANCED_FACE('',(#16165),#16176,.F.);
#16165 = FACE_BOUND('',#16166,.T.);
#16166 = EDGE_LOOP('',(#16167,#16168,#16174,#16175));
#16167 = ORIENTED_EDGE('',*,*,#13922,.T.);
#16168 = ORIENTED_EDGE('',*,*,#16169,.T.);
#16169 = EDGE_CURVE('',#13923,#15029,#16170,.T.);
#16170 = LINE('',#16171,#16172);
#16171 = CARTESIAN_POINT('',(69.568109,-101.681891,-4.6E-02));
#16172 = VECTOR('',#16173,1.);
#16173 = DIRECTION('',(0.,0.,1.));
#16174 = ORIENTED_EDGE('',*,*,#15028,.F.);
#16175 = ORIENTED_EDGE('',*,*,#16169,.F.);
#16176 = CYLINDRICAL_SURFACE('',#16177,0.25);
#16177 = AXIS2_PLACEMENT_3D('',#16178,#16179,#16180);
#16178 = CARTESIAN_POINT('',(69.568109,-101.431891,-4.6E-02));
#16179 = DIRECTION('',(-0.,-0.,-1.));
#16180 = DIRECTION('',(-0.,-1.,0.));
#16181 = ADVANCED_FACE('',(#16182),#16193,.F.);
#16182 = FACE_BOUND('',#16183,.T.);
#16183 = EDGE_LOOP('',(#16184,#16185,#16191,#16192));
#16184 = ORIENTED_EDGE('',*,*,#13933,.T.);
#16185 = ORIENTED_EDGE('',*,*,#16186,.T.);
#16186 = EDGE_CURVE('',#13934,#15040,#16187,.T.);
#16187 = LINE('',#16188,#16189);
#16188 = CARTESIAN_POINT('',(68.975,-100.25,-4.6E-02));
#16189 = VECTOR('',#16190,1.);
#16190 = DIRECTION('',(0.,0.,1.));
#16191 = ORIENTED_EDGE('',*,*,#15039,.F.);
#16192 = ORIENTED_EDGE('',*,*,#16186,.F.);
#16193 = CYLINDRICAL_SURFACE('',#16194,0.25);
#16194 = AXIS2_PLACEMENT_3D('',#16195,#16196,#16197);
#16195 = CARTESIAN_POINT('',(68.975,-100.,-4.6E-02));
#16196 = DIRECTION('',(-0.,-0.,-1.));
#16197 = DIRECTION('',(-0.,-1.,0.));
#16198 = ADVANCED_FACE('',(#16199),#16210,.F.);
#16199 = FACE_BOUND('',#16200,.T.);
#16200 = EDGE_LOOP('',(#16201,#16202,#16208,#16209));
#16201 = ORIENTED_EDGE('',*,*,#13944,.T.);
#16202 = ORIENTED_EDGE('',*,*,#16203,.T.);
#16203 = EDGE_CURVE('',#13945,#15051,#16204,.T.);
#16204 = LINE('',#16205,#16206);
#16205 = CARTESIAN_POINT('',(69.568109,-98.818109,-4.6E-02));
#16206 = VECTOR('',#16207,1.);
#16207 = DIRECTION('',(0.,0.,1.));
#16208 = ORIENTED_EDGE('',*,*,#15050,.F.);
#16209 = ORIENTED_EDGE('',*,*,#16203,.F.);
#16210 = CYLINDRICAL_SURFACE('',#16211,0.25);
#16211 = AXIS2_PLACEMENT_3D('',#16212,#16213,#16214);
#16212 = CARTESIAN_POINT('',(69.568109,-98.568109,-4.6E-02));
#16213 = DIRECTION('',(-0.,-0.,-1.));
#16214 = DIRECTION('',(-0.,-1.,0.));
#16215 = ADVANCED_FACE('',(#16216),#16227,.F.);
#16216 = FACE_BOUND('',#16217,.T.);
#16217 = EDGE_LOOP('',(#16218,#16219,#16225,#16226));
#16218 = ORIENTED_EDGE('',*,*,#13955,.T.);
#16219 = ORIENTED_EDGE('',*,*,#16220,.T.);
#16220 = EDGE_CURVE('',#13956,#15062,#16221,.T.);
#16221 = LINE('',#16222,#16223);
#16222 = CARTESIAN_POINT('',(71.,-102.275,-4.6E-02));
#16223 = VECTOR('',#16224,1.);
#16224 = DIRECTION('',(0.,0.,1.));
#16225 = ORIENTED_EDGE('',*,*,#15061,.F.);
#16226 = ORIENTED_EDGE('',*,*,#16220,.F.);
#16227 = CYLINDRICAL_SURFACE('',#16228,0.25);
#16228 = AXIS2_PLACEMENT_3D('',#16229,#16230,#16231);
#16229 = CARTESIAN_POINT('',(71.,-102.025,-4.6E-02));
#16230 = DIRECTION('',(-0.,-0.,-1.));
#16231 = DIRECTION('',(-0.,-1.,0.));
#16232 = ADVANCED_FACE('',(#16233),#16244,.F.);
#16233 = FACE_BOUND('',#16234,.T.);
#16234 = EDGE_LOOP('',(#16235,#16236,#16242,#16243));
#16235 = ORIENTED_EDGE('',*,*,#13966,.T.);
#16236 = ORIENTED_EDGE('',*,*,#16237,.T.);
#16237 = EDGE_CURVE('',#13967,#15073,#16238,.T.);
#16238 = LINE('',#16239,#16240);
#16239 = CARTESIAN_POINT('',(72.431891,-101.681891,-4.6E-02));
#16240 = VECTOR('',#16241,1.);
#16241 = DIRECTION('',(0.,0.,1.));
#16242 = ORIENTED_EDGE('',*,*,#15072,.F.);
#16243 = ORIENTED_EDGE('',*,*,#16237,.F.);
#16244 = CYLINDRICAL_SURFACE('',#16245,0.25);
#16245 = AXIS2_PLACEMENT_3D('',#16246,#16247,#16248);
#16246 = CARTESIAN_POINT('',(72.431891,-101.431891,-4.6E-02));
#16247 = DIRECTION('',(-0.,-0.,-1.));
#16248 = DIRECTION('',(-0.,-1.,0.));
#16249 = ADVANCED_FACE('',(#16250),#16261,.F.);
#16250 = FACE_BOUND('',#16251,.T.);
#16251 = EDGE_LOOP('',(#16252,#16253,#16259,#16260));
#16252 = ORIENTED_EDGE('',*,*,#13977,.T.);
#16253 = ORIENTED_EDGE('',*,*,#16254,.T.);
#16254 = EDGE_CURVE('',#13978,#15084,#16255,.T.);
#16255 = LINE('',#16256,#16257);
#16256 = CARTESIAN_POINT('',(71.,-101.35,-4.6E-02));
#16257 = VECTOR('',#16258,1.);
#16258 = DIRECTION('',(0.,0.,1.));
#16259 = ORIENTED_EDGE('',*,*,#15083,.F.);
#16260 = ORIENTED_EDGE('',*,*,#16254,.F.);
#16261 = CYLINDRICAL_SURFACE('',#16262,1.35);
#16262 = AXIS2_PLACEMENT_3D('',#16263,#16264,#16265);
#16263 = CARTESIAN_POINT('',(71.,-100.,-4.6E-02));
#16264 = DIRECTION('',(-0.,-0.,-1.));
#16265 = DIRECTION('',(-0.,-1.,0.));
#16266 = ADVANCED_FACE('',(#16267),#16278,.F.);
#16267 = FACE_BOUND('',#16268,.T.);
#16268 = EDGE_LOOP('',(#16269,#16270,#16276,#16277));
#16269 = ORIENTED_EDGE('',*,*,#13988,.T.);
#16270 = ORIENTED_EDGE('',*,*,#16271,.T.);
#16271 = EDGE_CURVE('',#13989,#15095,#16272,.T.);
#16272 = LINE('',#16273,#16274);
#16273 = CARTESIAN_POINT('',(72.431891,-98.818109,-4.6E-02));
#16274 = VECTOR('',#16275,1.);
#16275 = DIRECTION('',(0.,0.,1.));
#16276 = ORIENTED_EDGE('',*,*,#15094,.F.);
#16277 = ORIENTED_EDGE('',*,*,#16271,.F.);
#16278 = CYLINDRICAL_SURFACE('',#16279,0.25);
#16279 = AXIS2_PLACEMENT_3D('',#16280,#16281,#16282);
#16280 = CARTESIAN_POINT('',(72.431891,-98.568109,-4.6E-02));
#16281 = DIRECTION('',(-0.,-0.,-1.));
#16282 = DIRECTION('',(-0.,-1.,0.));
#16283 = ADVANCED_FACE('',(#16284),#16295,.F.);
#16284 = FACE_BOUND('',#16285,.T.);
#16285 = EDGE_LOOP('',(#16286,#16287,#16293,#16294));
#16286 = ORIENTED_EDGE('',*,*,#13999,.T.);
#16287 = ORIENTED_EDGE('',*,*,#16288,.T.);
#16288 = EDGE_CURVE('',#14000,#15106,#16289,.T.);
#16289 = LINE('',#16290,#16291);
#16290 = CARTESIAN_POINT('',(71.,-98.225,-4.6E-02));
#16291 = VECTOR('',#16292,1.);
#16292 = DIRECTION('',(0.,0.,1.));
#16293 = ORIENTED_EDGE('',*,*,#15105,.F.);
#16294 = ORIENTED_EDGE('',*,*,#16288,.F.);
#16295 = CYLINDRICAL_SURFACE('',#16296,0.25);
#16296 = AXIS2_PLACEMENT_3D('',#16297,#16298,#16299);
#16297 = CARTESIAN_POINT('',(71.,-97.975,-4.6E-02));
#16298 = DIRECTION('',(-0.,-0.,-1.));
#16299 = DIRECTION('',(-0.,-1.,0.));
#16300 = ADVANCED_FACE('',(#16301),#16312,.F.);
#16301 = FACE_BOUND('',#16302,.T.);
#16302 = EDGE_LOOP('',(#16303,#16304,#16310,#16311));
#16303 = ORIENTED_EDGE('',*,*,#14010,.T.);
#16304 = ORIENTED_EDGE('',*,*,#16305,.T.);
#16305 = EDGE_CURVE('',#14011,#15117,#16306,.T.);
#16306 = LINE('',#16307,#16308);
#16307 = CARTESIAN_POINT('',(73.025,-100.25,-4.6E-02));
#16308 = VECTOR('',#16309,1.);
#16309 = DIRECTION('',(0.,0.,1.));
#16310 = ORIENTED_EDGE('',*,*,#15116,.F.);
#16311 = ORIENTED_EDGE('',*,*,#16305,.F.);
#16312 = CYLINDRICAL_SURFACE('',#16313,0.25);
#16313 = AXIS2_PLACEMENT_3D('',#16314,#16315,#16316);
#16314 = CARTESIAN_POINT('',(73.025,-100.,-4.6E-02));
#16315 = DIRECTION('',(-0.,-0.,-1.));
#16316 = DIRECTION('',(-0.,-1.,0.));
#16317 = ADVANCED_FACE('',(#16318),#16329,.F.);
#16318 = FACE_BOUND('',#16319,.T.);
#16319 = EDGE_LOOP('',(#16320,#16321,#16327,#16328));
#16320 = ORIENTED_EDGE('',*,*,#14021,.T.);
#16321 = ORIENTED_EDGE('',*,*,#16322,.T.);
#16322 = EDGE_CURVE('',#14022,#15128,#16323,.T.);
#16323 = LINE('',#16324,#16325);
#16324 = CARTESIAN_POINT('',(70.,-79.485,-4.6E-02));
#16325 = VECTOR('',#16326,1.);
#16326 = DIRECTION('',(0.,0.,1.));
#16327 = ORIENTED_EDGE('',*,*,#15127,.F.);
#16328 = ORIENTED_EDGE('',*,*,#16322,.F.);
#16329 = CYLINDRICAL_SURFACE('',#16330,0.425);
#16330 = AXIS2_PLACEMENT_3D('',#16331,#16332,#16333);
#16331 = CARTESIAN_POINT('',(70.,-79.06,-4.6E-02));
#16332 = DIRECTION('',(-0.,-0.,-1.));
#16333 = DIRECTION('',(-0.,-1.,0.));
#16334 = ADVANCED_FACE('',(#16335),#16346,.F.);
#16335 = FACE_BOUND('',#16336,.T.);
#16336 = EDGE_LOOP('',(#16337,#16338,#16344,#16345));
#16337 = ORIENTED_EDGE('',*,*,#14032,.T.);
#16338 = ORIENTED_EDGE('',*,*,#16339,.T.);
#16339 = EDGE_CURVE('',#14033,#15139,#16340,.T.);
#16340 = LINE('',#16341,#16342);
#16341 = CARTESIAN_POINT('',(72.,-79.485,-4.6E-02));
#16342 = VECTOR('',#16343,1.);
#16343 = DIRECTION('',(0.,0.,1.));
#16344 = ORIENTED_EDGE('',*,*,#15138,.F.);
#16345 = ORIENTED_EDGE('',*,*,#16339,.F.);
#16346 = CYLINDRICAL_SURFACE('',#16347,0.425);
#16347 = AXIS2_PLACEMENT_3D('',#16348,#16349,#16350);
#16348 = CARTESIAN_POINT('',(72.,-79.06,-4.6E-02));
#16349 = DIRECTION('',(-0.,-0.,-1.));
#16350 = DIRECTION('',(-0.,-1.,0.));
#16351 = ADVANCED_FACE('',(#16352),#16363,.F.);
#16352 = FACE_BOUND('',#16353,.T.);
#16353 = EDGE_LOOP('',(#16354,#16355,#16361,#16362));
#16354 = ORIENTED_EDGE('',*,*,#14043,.T.);
#16355 = ORIENTED_EDGE('',*,*,#16356,.T.);
#16356 = EDGE_CURVE('',#14044,#15150,#16357,.T.);
#16357 = LINE('',#16358,#16359);
#16358 = CARTESIAN_POINT('',(70.,-77.485,-4.6E-02));
#16359 = VECTOR('',#16360,1.);
#16360 = DIRECTION('',(0.,0.,1.));
#16361 = ORIENTED_EDGE('',*,*,#15149,.F.);
#16362 = ORIENTED_EDGE('',*,*,#16356,.F.);
#16363 = CYLINDRICAL_SURFACE('',#16364,0.425);
#16364 = AXIS2_PLACEMENT_3D('',#16365,#16366,#16367);
#16365 = CARTESIAN_POINT('',(70.,-77.06,-4.6E-02));
#16366 = DIRECTION('',(-0.,-0.,-1.));
#16367 = DIRECTION('',(-0.,-1.,0.));
#16368 = ADVANCED_FACE('',(#16369),#16380,.F.);
#16369 = FACE_BOUND('',#16370,.T.);
#16370 = EDGE_LOOP('',(#16371,#16372,#16378,#16379));
#16371 = ORIENTED_EDGE('',*,*,#14054,.T.);
#16372 = ORIENTED_EDGE('',*,*,#16373,.T.);
#16373 = EDGE_CURVE('',#14055,#15161,#16374,.T.);
#16374 = LINE('',#16375,#16376);
#16375 = CARTESIAN_POINT('',(70.,-75.485,-4.6E-02));
#16376 = VECTOR('',#16377,1.);
#16377 = DIRECTION('',(0.,0.,1.));
#16378 = ORIENTED_EDGE('',*,*,#15160,.F.);
#16379 = ORIENTED_EDGE('',*,*,#16373,.F.);
#16380 = CYLINDRICAL_SURFACE('',#16381,0.425);
#16381 = AXIS2_PLACEMENT_3D('',#16382,#16383,#16384);
#16382 = CARTESIAN_POINT('',(70.,-75.06,-4.6E-02));
#16383 = DIRECTION('',(-0.,-0.,-1.));
#16384 = DIRECTION('',(-0.,-1.,0.));
#16385 = ADVANCED_FACE('',(#16386),#16397,.F.);
#16386 = FACE_BOUND('',#16387,.T.);
#16387 = EDGE_LOOP('',(#16388,#16389,#16395,#16396));
#16388 = ORIENTED_EDGE('',*,*,#14065,.T.);
#16389 = ORIENTED_EDGE('',*,*,#16390,.T.);
#16390 = EDGE_CURVE('',#14066,#15172,#16391,.T.);
#16391 = LINE('',#16392,#16393);
#16392 = CARTESIAN_POINT('',(72.,-77.485,-4.6E-02));
#16393 = VECTOR('',#16394,1.);
#16394 = DIRECTION('',(0.,0.,1.));
#16395 = ORIENTED_EDGE('',*,*,#15171,.F.);
#16396 = ORIENTED_EDGE('',*,*,#16390,.F.);
#16397 = CYLINDRICAL_SURFACE('',#16398,0.425);
#16398 = AXIS2_PLACEMENT_3D('',#16399,#16400,#16401);
#16399 = CARTESIAN_POINT('',(72.,-77.06,-4.6E-02));
#16400 = DIRECTION('',(-0.,-0.,-1.));
#16401 = DIRECTION('',(-0.,-1.,0.));
#16402 = ADVANCED_FACE('',(#16403),#16414,.F.);
#16403 = FACE_BOUND('',#16404,.T.);
#16404 = EDGE_LOOP('',(#16405,#16406,#16412,#16413));
#16405 = ORIENTED_EDGE('',*,*,#14076,.T.);
#16406 = ORIENTED_EDGE('',*,*,#16407,.T.);
#16407 = EDGE_CURVE('',#14077,#15183,#16408,.T.);
#16408 = LINE('',#16409,#16410);
#16409 = CARTESIAN_POINT('',(72.,-75.485,-4.6E-02));
#16410 = VECTOR('',#16411,1.);
#16411 = DIRECTION('',(0.,0.,1.));
#16412 = ORIENTED_EDGE('',*,*,#15182,.F.);
#16413 = ORIENTED_EDGE('',*,*,#16407,.F.);
#16414 = CYLINDRICAL_SURFACE('',#16415,0.425);
#16415 = AXIS2_PLACEMENT_3D('',#16416,#16417,#16418);
#16416 = CARTESIAN_POINT('',(72.,-75.06,-4.6E-02));
#16417 = DIRECTION('',(-0.,-0.,-1.));
#16418 = DIRECTION('',(-0.,-1.,0.));
#16419 = ADVANCED_FACE('',(#16420),#16431,.F.);
#16420 = FACE_BOUND('',#16421,.T.);
#16421 = EDGE_LOOP('',(#16422,#16423,#16429,#16430));
#16422 = ORIENTED_EDGE('',*,*,#14087,.T.);
#16423 = ORIENTED_EDGE('',*,*,#16424,.T.);
#16424 = EDGE_CURVE('',#14088,#15194,#16425,.T.);
#16425 = LINE('',#16426,#16427);
#16426 = CARTESIAN_POINT('',(70.,-73.485,-4.6E-02));
#16427 = VECTOR('',#16428,1.);
#16428 = DIRECTION('',(0.,0.,1.));
#16429 = ORIENTED_EDGE('',*,*,#15193,.F.);
#16430 = ORIENTED_EDGE('',*,*,#16424,.F.);
#16431 = CYLINDRICAL_SURFACE('',#16432,0.425);
#16432 = AXIS2_PLACEMENT_3D('',#16433,#16434,#16435);
#16433 = CARTESIAN_POINT('',(70.,-73.06,-4.6E-02));
#16434 = DIRECTION('',(-0.,-0.,-1.));
#16435 = DIRECTION('',(-0.,-1.,0.));
#16436 = ADVANCED_FACE('',(#16437),#16448,.F.);
#16437 = FACE_BOUND('',#16438,.T.);
#16438 = EDGE_LOOP('',(#16439,#16440,#16446,#16447));
#16439 = ORIENTED_EDGE('',*,*,#14098,.T.);
#16440 = ORIENTED_EDGE('',*,*,#16441,.T.);
#16441 = EDGE_CURVE('',#14099,#15205,#16442,.T.);
#16442 = LINE('',#16443,#16444);
#16443 = CARTESIAN_POINT('',(70.,-71.485,-4.6E-02));
#16444 = VECTOR('',#16445,1.);
#16445 = DIRECTION('',(0.,0.,1.));
#16446 = ORIENTED_EDGE('',*,*,#15204,.F.);
#16447 = ORIENTED_EDGE('',*,*,#16441,.F.);
#16448 = CYLINDRICAL_SURFACE('',#16449,0.425);
#16449 = AXIS2_PLACEMENT_3D('',#16450,#16451,#16452);
#16450 = CARTESIAN_POINT('',(70.,-71.06,-4.6E-02));
#16451 = DIRECTION('',(-0.,-0.,-1.));
#16452 = DIRECTION('',(-0.,-1.,0.));
#16453 = ADVANCED_FACE('',(#16454),#16465,.F.);
#16454 = FACE_BOUND('',#16455,.T.);
#16455 = EDGE_LOOP('',(#16456,#16457,#16463,#16464));
#16456 = ORIENTED_EDGE('',*,*,#14109,.T.);
#16457 = ORIENTED_EDGE('',*,*,#16458,.T.);
#16458 = EDGE_CURVE('',#14110,#15216,#16459,.T.);
#16459 = LINE('',#16460,#16461);
#16460 = CARTESIAN_POINT('',(72.,-73.485,-4.6E-02));
#16461 = VECTOR('',#16462,1.);
#16462 = DIRECTION('',(0.,0.,1.));
#16463 = ORIENTED_EDGE('',*,*,#15215,.F.);
#16464 = ORIENTED_EDGE('',*,*,#16458,.F.);
#16465 = CYLINDRICAL_SURFACE('',#16466,0.425);
#16466 = AXIS2_PLACEMENT_3D('',#16467,#16468,#16469);
#16467 = CARTESIAN_POINT('',(72.,-73.06,-4.6E-02));
#16468 = DIRECTION('',(-0.,-0.,-1.));
#16469 = DIRECTION('',(-0.,-1.,0.));
#16470 = ADVANCED_FACE('',(#16471),#16482,.F.);
#16471 = FACE_BOUND('',#16472,.T.);
#16472 = EDGE_LOOP('',(#16473,#16474,#16480,#16481));
#16473 = ORIENTED_EDGE('',*,*,#14120,.T.);
#16474 = ORIENTED_EDGE('',*,*,#16475,.T.);
#16475 = EDGE_CURVE('',#14121,#15227,#16476,.T.);
#16476 = LINE('',#16477,#16478);
#16477 = CARTESIAN_POINT('',(72.,-71.485,-4.6E-02));
#16478 = VECTOR('',#16479,1.);
#16479 = DIRECTION('',(0.,0.,1.));
#16480 = ORIENTED_EDGE('',*,*,#15226,.F.);
#16481 = ORIENTED_EDGE('',*,*,#16475,.F.);
#16482 = CYLINDRICAL_SURFACE('',#16483,0.425);
#16483 = AXIS2_PLACEMENT_3D('',#16484,#16485,#16486);
#16484 = CARTESIAN_POINT('',(72.,-71.06,-4.6E-02));
#16485 = DIRECTION('',(-0.,-0.,-1.));
#16486 = DIRECTION('',(-0.,-1.,0.));
#16487 = ADVANCED_FACE('',(#16488),#16499,.F.);
#16488 = FACE_BOUND('',#16489,.T.);
#16489 = EDGE_LOOP('',(#16490,#16491,#16497,#16498));
#16490 = ORIENTED_EDGE('',*,*,#14131,.T.);
#16491 = ORIENTED_EDGE('',*,*,#16492,.T.);
#16492 = EDGE_CURVE('',#14132,#15238,#16493,.T.);
#16493 = LINE('',#16494,#16495);
#16494 = CARTESIAN_POINT('',(97.975,-100.25,-4.6E-02));
#16495 = VECTOR('',#16496,1.);
#16496 = DIRECTION('',(0.,0.,1.));
#16497 = ORIENTED_EDGE('',*,*,#15237,.F.);
#16498 = ORIENTED_EDGE('',*,*,#16492,.F.);
#16499 = CYLINDRICAL_SURFACE('',#16500,0.25);
#16500 = AXIS2_PLACEMENT_3D('',#16501,#16502,#16503);
#16501 = CARTESIAN_POINT('',(97.975,-100.,-4.6E-02));
#16502 = DIRECTION('',(-0.,-0.,-1.));
#16503 = DIRECTION('',(-0.,-1.,0.));
#16504 = ADVANCED_FACE('',(#16505),#16516,.F.);
#16505 = FACE_BOUND('',#16506,.T.);
#16506 = EDGE_LOOP('',(#16507,#16508,#16514,#16515));
#16507 = ORIENTED_EDGE('',*,*,#14142,.T.);
#16508 = ORIENTED_EDGE('',*,*,#16509,.T.);
#16509 = EDGE_CURVE('',#14143,#15249,#16510,.T.);
#16510 = LINE('',#16511,#16512);
#16511 = CARTESIAN_POINT('',(98.568109,-101.681891,-4.6E-02));
#16512 = VECTOR('',#16513,1.);
#16513 = DIRECTION('',(0.,0.,1.));
#16514 = ORIENTED_EDGE('',*,*,#15248,.F.);
#16515 = ORIENTED_EDGE('',*,*,#16509,.F.);
#16516 = CYLINDRICAL_SURFACE('',#16517,0.25);
#16517 = AXIS2_PLACEMENT_3D('',#16518,#16519,#16520);
#16518 = CARTESIAN_POINT('',(98.568109,-101.431891,-4.6E-02));
#16519 = DIRECTION('',(-0.,-0.,-1.));
#16520 = DIRECTION('',(-0.,-1.,0.));
#16521 = ADVANCED_FACE('',(#16522),#16533,.F.);
#16522 = FACE_BOUND('',#16523,.T.);
#16523 = EDGE_LOOP('',(#16524,#16525,#16531,#16532));
#16524 = ORIENTED_EDGE('',*,*,#14153,.T.);
#16525 = ORIENTED_EDGE('',*,*,#16526,.T.);
#16526 = EDGE_CURVE('',#14154,#15260,#16527,.T.);
#16527 = LINE('',#16528,#16529);
#16528 = CARTESIAN_POINT('',(100.,-102.275,-4.6E-02));
#16529 = VECTOR('',#16530,1.);
#16530 = DIRECTION('',(0.,0.,1.));
#16531 = ORIENTED_EDGE('',*,*,#15259,.F.);
#16532 = ORIENTED_EDGE('',*,*,#16526,.F.);
#16533 = CYLINDRICAL_SURFACE('',#16534,0.25);
#16534 = AXIS2_PLACEMENT_3D('',#16535,#16536,#16537);
#16535 = CARTESIAN_POINT('',(100.,-102.025,-4.6E-02));
#16536 = DIRECTION('',(-0.,-0.,-1.));
#16537 = DIRECTION('',(-0.,-1.,0.));
#16538 = ADVANCED_FACE('',(#16539),#16550,.F.);
#16539 = FACE_BOUND('',#16540,.T.);
#16540 = EDGE_LOOP('',(#16541,#16542,#16548,#16549));
#16541 = ORIENTED_EDGE('',*,*,#14164,.T.);
#16542 = ORIENTED_EDGE('',*,*,#16543,.T.);
#16543 = EDGE_CURVE('',#14165,#15271,#16544,.T.);
#16544 = LINE('',#16545,#16546);
#16545 = CARTESIAN_POINT('',(98.568109,-98.818109,-4.6E-02));
#16546 = VECTOR('',#16547,1.);
#16547 = DIRECTION('',(0.,0.,1.));
#16548 = ORIENTED_EDGE('',*,*,#15270,.F.);
#16549 = ORIENTED_EDGE('',*,*,#16543,.F.);
#16550 = CYLINDRICAL_SURFACE('',#16551,0.25);
#16551 = AXIS2_PLACEMENT_3D('',#16552,#16553,#16554);
#16552 = CARTESIAN_POINT('',(98.568109,-98.568109,-4.6E-02));
#16553 = DIRECTION('',(-0.,-0.,-1.));
#16554 = DIRECTION('',(-0.,-1.,0.));
#16555 = ADVANCED_FACE('',(#16556),#16567,.F.);
#16556 = FACE_BOUND('',#16557,.T.);
#16557 = EDGE_LOOP('',(#16558,#16559,#16565,#16566));
#16558 = ORIENTED_EDGE('',*,*,#14175,.T.);
#16559 = ORIENTED_EDGE('',*,*,#16560,.T.);
#16560 = EDGE_CURVE('',#14176,#15282,#16561,.T.);
#16561 = LINE('',#16562,#16563);
#16562 = CARTESIAN_POINT('',(100.,-101.35,-4.6E-02));
#16563 = VECTOR('',#16564,1.);
#16564 = DIRECTION('',(0.,0.,1.));
#16565 = ORIENTED_EDGE('',*,*,#15281,.F.);
#16566 = ORIENTED_EDGE('',*,*,#16560,.F.);
#16567 = CYLINDRICAL_SURFACE('',#16568,1.35);
#16568 = AXIS2_PLACEMENT_3D('',#16569,#16570,#16571);
#16569 = CARTESIAN_POINT('',(100.,-100.,-4.6E-02));
#16570 = DIRECTION('',(-0.,-0.,-1.));
#16571 = DIRECTION('',(-0.,-1.,0.));
#16572 = ADVANCED_FACE('',(#16573),#16584,.F.);
#16573 = FACE_BOUND('',#16574,.T.);
#16574 = EDGE_LOOP('',(#16575,#16576,#16582,#16583));
#16575 = ORIENTED_EDGE('',*,*,#14186,.T.);
#16576 = ORIENTED_EDGE('',*,*,#16577,.T.);
#16577 = EDGE_CURVE('',#14187,#15293,#16578,.T.);
#16578 = LINE('',#16579,#16580);
#16579 = CARTESIAN_POINT('',(101.431891,-101.681891,-4.6E-02));
#16580 = VECTOR('',#16581,1.);
#16581 = DIRECTION('',(0.,0.,1.));
#16582 = ORIENTED_EDGE('',*,*,#15292,.F.);
#16583 = ORIENTED_EDGE('',*,*,#16577,.F.);
#16584 = CYLINDRICAL_SURFACE('',#16585,0.25);
#16585 = AXIS2_PLACEMENT_3D('',#16586,#16587,#16588);
#16586 = CARTESIAN_POINT('',(101.431891,-101.431891,-4.6E-02));
#16587 = DIRECTION('',(-0.,-0.,-1.));
#16588 = DIRECTION('',(-0.,-1.,0.));
#16589 = ADVANCED_FACE('',(#16590),#16601,.F.);
#16590 = FACE_BOUND('',#16591,.T.);
#16591 = EDGE_LOOP('',(#16592,#16593,#16599,#16600));
#16592 = ORIENTED_EDGE('',*,*,#14197,.T.);
#16593 = ORIENTED_EDGE('',*,*,#16594,.T.);
#16594 = EDGE_CURVE('',#14198,#15304,#16595,.T.);
#16595 = LINE('',#16596,#16597);
#16596 = CARTESIAN_POINT('',(102.025,-100.25,-4.6E-02));
#16597 = VECTOR('',#16598,1.);
#16598 = DIRECTION('',(0.,0.,1.));
#16599 = ORIENTED_EDGE('',*,*,#15303,.F.);
#16600 = ORIENTED_EDGE('',*,*,#16594,.F.);
#16601 = CYLINDRICAL_SURFACE('',#16602,0.25);
#16602 = AXIS2_PLACEMENT_3D('',#16603,#16604,#16605);
#16603 = CARTESIAN_POINT('',(102.025,-100.,-4.6E-02));
#16604 = DIRECTION('',(-0.,-0.,-1.));
#16605 = DIRECTION('',(-0.,-1.,0.));
#16606 = ADVANCED_FACE('',(#16607),#16618,.F.);
#16607 = FACE_BOUND('',#16608,.T.);
#16608 = EDGE_LOOP('',(#16609,#16610,#16616,#16617));
#16609 = ORIENTED_EDGE('',*,*,#14208,.T.);
#16610 = ORIENTED_EDGE('',*,*,#16611,.T.);
#16611 = EDGE_CURVE('',#14209,#15315,#16612,.T.);
#16612 = LINE('',#16613,#16614);
#16613 = CARTESIAN_POINT('',(101.431891,-98.818109,-4.6E-02));
#16614 = VECTOR('',#16615,1.);
#16615 = DIRECTION('',(0.,0.,1.));
#16616 = ORIENTED_EDGE('',*,*,#15314,.F.);
#16617 = ORIENTED_EDGE('',*,*,#16611,.F.);
#16618 = CYLINDRICAL_SURFACE('',#16619,0.25);
#16619 = AXIS2_PLACEMENT_3D('',#16620,#16621,#16622);
#16620 = CARTESIAN_POINT('',(101.431891,-98.568109,-4.6E-02));
#16621 = DIRECTION('',(-0.,-0.,-1.));
#16622 = DIRECTION('',(-0.,-1.,0.));
#16623 = ADVANCED_FACE('',(#16624),#16635,.F.);
#16624 = FACE_BOUND('',#16625,.T.);
#16625 = EDGE_LOOP('',(#16626,#16627,#16633,#16634));
#16626 = ORIENTED_EDGE('',*,*,#14219,.T.);
#16627 = ORIENTED_EDGE('',*,*,#16628,.T.);
#16628 = EDGE_CURVE('',#14220,#15326,#16629,.T.);
#16629 = LINE('',#16630,#16631);
#16630 = CARTESIAN_POINT('',(100.,-98.225,-4.6E-02));
#16631 = VECTOR('',#16632,1.);
#16632 = DIRECTION('',(0.,0.,1.));
#16633 = ORIENTED_EDGE('',*,*,#15325,.F.);
#16634 = ORIENTED_EDGE('',*,*,#16628,.F.);
#16635 = CYLINDRICAL_SURFACE('',#16636,0.25);
#16636 = AXIS2_PLACEMENT_3D('',#16637,#16638,#16639);
#16637 = CARTESIAN_POINT('',(100.,-97.975,-4.6E-02));
#16638 = DIRECTION('',(-0.,-0.,-1.));
#16639 = DIRECTION('',(-0.,-1.,0.));
#16640 = ADVANCED_FACE('',(#16641),#16652,.F.);
#16641 = FACE_BOUND('',#16642,.T.);
#16642 = EDGE_LOOP('',(#16643,#16644,#16650,#16651));
#16643 = ORIENTED_EDGE('',*,*,#14230,.T.);
#16644 = ORIENTED_EDGE('',*,*,#16645,.T.);
#16645 = EDGE_CURVE('',#14231,#15337,#16646,.T.);
#16646 = LINE('',#16647,#16648);
#16647 = CARTESIAN_POINT('',(100.525,-90.355,-4.6E-02));
#16648 = VECTOR('',#16649,1.);
#16649 = DIRECTION('',(0.,0.,1.));
#16650 = ORIENTED_EDGE('',*,*,#15336,.F.);
#16651 = ORIENTED_EDGE('',*,*,#16645,.F.);
#16652 = CYLINDRICAL_SURFACE('',#16653,0.525);
#16653 = AXIS2_PLACEMENT_3D('',#16654,#16655,#16656);
#16654 = CARTESIAN_POINT('',(100.525,-89.83,-4.6E-02));
#16655 = DIRECTION('',(-0.,-0.,-1.));
#16656 = DIRECTION('',(-0.,-1.,0.));
#16657 = ADVANCED_FACE('',(#16658),#16669,.F.);
#16658 = FACE_BOUND('',#16659,.T.);
#16659 = EDGE_LOOP('',(#16660,#16661,#16667,#16668));
#16660 = ORIENTED_EDGE('',*,*,#14241,.T.);
#16661 = ORIENTED_EDGE('',*,*,#16662,.T.);
#16662 = EDGE_CURVE('',#14242,#15348,#16663,.T.);
#16663 = LINE('',#16664,#16665);
#16664 = CARTESIAN_POINT('',(100.525,-87.855,-4.6E-02));
#16665 = VECTOR('',#16666,1.);
#16666 = DIRECTION('',(0.,0.,1.));
#16667 = ORIENTED_EDGE('',*,*,#15347,.F.);
#16668 = ORIENTED_EDGE('',*,*,#16662,.F.);
#16669 = CYLINDRICAL_SURFACE('',#16670,0.525);
#16670 = AXIS2_PLACEMENT_3D('',#16671,#16672,#16673);
#16671 = CARTESIAN_POINT('',(100.525,-87.33,-4.6E-02));
#16672 = DIRECTION('',(-0.,-0.,-1.));
#16673 = DIRECTION('',(-0.,-1.,0.));
#16674 = ADVANCED_FACE('',(#16675),#16686,.F.);
#16675 = FACE_BOUND('',#16676,.T.);
#16676 = EDGE_LOOP('',(#16677,#16678,#16684,#16685));
#16677 = ORIENTED_EDGE('',*,*,#14252,.T.);
#16678 = ORIENTED_EDGE('',*,*,#16679,.T.);
#16679 = EDGE_CURVE('',#14253,#15359,#16680,.T.);
#16680 = LINE('',#16681,#16682);
#16681 = CARTESIAN_POINT('',(99.05,-79.485,-4.6E-02));
#16682 = VECTOR('',#16683,1.);
#16683 = DIRECTION('',(0.,0.,1.));
#16684 = ORIENTED_EDGE('',*,*,#15358,.F.);
#16685 = ORIENTED_EDGE('',*,*,#16679,.F.);
#16686 = CYLINDRICAL_SURFACE('',#16687,0.425);
#16687 = AXIS2_PLACEMENT_3D('',#16688,#16689,#16690);
#16688 = CARTESIAN_POINT('',(99.05,-79.06,-4.6E-02));
#16689 = DIRECTION('',(-0.,-0.,-1.));
#16690 = DIRECTION('',(-0.,-1.,0.));
#16691 = ADVANCED_FACE('',(#16692),#16703,.F.);
#16692 = FACE_BOUND('',#16693,.T.);
#16693 = EDGE_LOOP('',(#16694,#16695,#16701,#16702));
#16694 = ORIENTED_EDGE('',*,*,#14263,.T.);
#16695 = ORIENTED_EDGE('',*,*,#16696,.T.);
#16696 = EDGE_CURVE('',#14264,#15370,#16697,.T.);
#16697 = LINE('',#16698,#16699);
#16698 = CARTESIAN_POINT('',(101.05,-79.485,-4.6E-02));
#16699 = VECTOR('',#16700,1.);
#16700 = DIRECTION('',(0.,0.,1.));
#16701 = ORIENTED_EDGE('',*,*,#15369,.F.);
#16702 = ORIENTED_EDGE('',*,*,#16696,.F.);
#16703 = CYLINDRICAL_SURFACE('',#16704,0.425);
#16704 = AXIS2_PLACEMENT_3D('',#16705,#16706,#16707);
#16705 = CARTESIAN_POINT('',(101.05,-79.06,-4.6E-02));
#16706 = DIRECTION('',(-0.,-0.,-1.));
#16707 = DIRECTION('',(-0.,-1.,0.));
#16708 = ADVANCED_FACE('',(#16709),#16720,.F.);
#16709 = FACE_BOUND('',#16710,.T.);
#16710 = EDGE_LOOP('',(#16711,#16712,#16718,#16719));
#16711 = ORIENTED_EDGE('',*,*,#14274,.T.);
#16712 = ORIENTED_EDGE('',*,*,#16713,.T.);
#16713 = EDGE_CURVE('',#14275,#15381,#16714,.T.);
#16714 = LINE('',#16715,#16716);
#16715 = CARTESIAN_POINT('',(99.05,-77.485,-4.6E-02));
#16716 = VECTOR('',#16717,1.);
#16717 = DIRECTION('',(0.,0.,1.));
#16718 = ORIENTED_EDGE('',*,*,#15380,.F.);
#16719 = ORIENTED_EDGE('',*,*,#16713,.F.);
#16720 = CYLINDRICAL_SURFACE('',#16721,0.425);
#16721 = AXIS2_PLACEMENT_3D('',#16722,#16723,#16724);
#16722 = CARTESIAN_POINT('',(99.05,-77.06,-4.6E-02));
#16723 = DIRECTION('',(-0.,-0.,-1.));
#16724 = DIRECTION('',(-0.,-1.,0.));
#16725 = ADVANCED_FACE('',(#16726),#16737,.F.);
#16726 = FACE_BOUND('',#16727,.T.);
#16727 = EDGE_LOOP('',(#16728,#16729,#16735,#16736));
#16728 = ORIENTED_EDGE('',*,*,#14285,.T.);
#16729 = ORIENTED_EDGE('',*,*,#16730,.T.);
#16730 = EDGE_CURVE('',#14286,#15392,#16731,.T.);
#16731 = LINE('',#16732,#16733);
#16732 = CARTESIAN_POINT('',(99.05,-75.485,-4.6E-02));
#16733 = VECTOR('',#16734,1.);
#16734 = DIRECTION('',(0.,0.,1.));
#16735 = ORIENTED_EDGE('',*,*,#15391,.F.);
#16736 = ORIENTED_EDGE('',*,*,#16730,.F.);
#16737 = CYLINDRICAL_SURFACE('',#16738,0.425);
#16738 = AXIS2_PLACEMENT_3D('',#16739,#16740,#16741);
#16739 = CARTESIAN_POINT('',(99.05,-75.06,-4.6E-02));
#16740 = DIRECTION('',(-0.,-0.,-1.));
#16741 = DIRECTION('',(-0.,-1.,0.));
#16742 = ADVANCED_FACE('',(#16743),#16754,.F.);
#16743 = FACE_BOUND('',#16744,.T.);
#16744 = EDGE_LOOP('',(#16745,#16746,#16752,#16753));
#16745 = ORIENTED_EDGE('',*,*,#14296,.T.);
#16746 = ORIENTED_EDGE('',*,*,#16747,.T.);
#16747 = EDGE_CURVE('',#14297,#15403,#16748,.T.);
#16748 = LINE('',#16749,#16750);
#16749 = CARTESIAN_POINT('',(101.05,-77.485,-4.6E-02));
#16750 = VECTOR('',#16751,1.);
#16751 = DIRECTION('',(0.,0.,1.));
#16752 = ORIENTED_EDGE('',*,*,#15402,.F.);
#16753 = ORIENTED_EDGE('',*,*,#16747,.F.);
#16754 = CYLINDRICAL_SURFACE('',#16755,0.425);
#16755 = AXIS2_PLACEMENT_3D('',#16756,#16757,#16758);
#16756 = CARTESIAN_POINT('',(101.05,-77.06,-4.6E-02));
#16757 = DIRECTION('',(-0.,-0.,-1.));
#16758 = DIRECTION('',(-0.,-1.,0.));
#16759 = ADVANCED_FACE('',(#16760),#16771,.F.);
#16760 = FACE_BOUND('',#16761,.T.);
#16761 = EDGE_LOOP('',(#16762,#16763,#16769,#16770));
#16762 = ORIENTED_EDGE('',*,*,#14307,.T.);
#16763 = ORIENTED_EDGE('',*,*,#16764,.T.);
#16764 = EDGE_CURVE('',#14308,#15414,#16765,.T.);
#16765 = LINE('',#16766,#16767);
#16766 = CARTESIAN_POINT('',(101.05,-75.485,-4.6E-02));
#16767 = VECTOR('',#16768,1.);
#16768 = DIRECTION('',(0.,0.,1.));
#16769 = ORIENTED_EDGE('',*,*,#15413,.F.);
#16770 = ORIENTED_EDGE('',*,*,#16764,.F.);
#16771 = CYLINDRICAL_SURFACE('',#16772,0.425);
#16772 = AXIS2_PLACEMENT_3D('',#16773,#16774,#16775);
#16773 = CARTESIAN_POINT('',(101.05,-75.06,-4.6E-02));
#16774 = DIRECTION('',(-0.,-0.,-1.));
#16775 = DIRECTION('',(-0.,-1.,0.));
#16776 = ADVANCED_FACE('',(#16777),#16788,.F.);
#16777 = FACE_BOUND('',#16778,.T.);
#16778 = EDGE_LOOP('',(#16779,#16780,#16786,#16787));
#16779 = ORIENTED_EDGE('',*,*,#14318,.T.);
#16780 = ORIENTED_EDGE('',*,*,#16781,.T.);
#16781 = EDGE_CURVE('',#14319,#15425,#16782,.T.);
#16782 = LINE('',#16783,#16784);
#16783 = CARTESIAN_POINT('',(99.05,-73.485,-4.6E-02));
#16784 = VECTOR('',#16785,1.);
#16785 = DIRECTION('',(0.,0.,1.));
#16786 = ORIENTED_EDGE('',*,*,#15424,.F.);
#16787 = ORIENTED_EDGE('',*,*,#16781,.F.);
#16788 = CYLINDRICAL_SURFACE('',#16789,0.425);
#16789 = AXIS2_PLACEMENT_3D('',#16790,#16791,#16792);
#16790 = CARTESIAN_POINT('',(99.05,-73.06,-4.6E-02));
#16791 = DIRECTION('',(-0.,-0.,-1.));
#16792 = DIRECTION('',(-0.,-1.,0.));
#16793 = ADVANCED_FACE('',(#16794),#16805,.F.);
#16794 = FACE_BOUND('',#16795,.T.);
#16795 = EDGE_LOOP('',(#16796,#16797,#16803,#16804));
#16796 = ORIENTED_EDGE('',*,*,#14329,.T.);
#16797 = ORIENTED_EDGE('',*,*,#16798,.T.);
#16798 = EDGE_CURVE('',#14330,#15436,#16799,.T.);
#16799 = LINE('',#16800,#16801);
#16800 = CARTESIAN_POINT('',(99.05,-71.485,-4.6E-02));
#16801 = VECTOR('',#16802,1.);
#16802 = DIRECTION('',(0.,0.,1.));
#16803 = ORIENTED_EDGE('',*,*,#15435,.F.);
#16804 = ORIENTED_EDGE('',*,*,#16798,.F.);
#16805 = CYLINDRICAL_SURFACE('',#16806,0.425);
#16806 = AXIS2_PLACEMENT_3D('',#16807,#16808,#16809);
#16807 = CARTESIAN_POINT('',(99.05,-71.06,-4.6E-02));
#16808 = DIRECTION('',(-0.,-0.,-1.));
#16809 = DIRECTION('',(-0.,-1.,0.));
#16810 = ADVANCED_FACE('',(#16811),#16822,.F.);
#16811 = FACE_BOUND('',#16812,.T.);
#16812 = EDGE_LOOP('',(#16813,#16814,#16820,#16821));
#16813 = ORIENTED_EDGE('',*,*,#14340,.T.);
#16814 = ORIENTED_EDGE('',*,*,#16815,.T.);
#16815 = EDGE_CURVE('',#14341,#15447,#16816,.T.);
#16816 = LINE('',#16817,#16818);
#16817 = CARTESIAN_POINT('',(101.05,-73.485,-4.6E-02));
#16818 = VECTOR('',#16819,1.);
#16819 = DIRECTION('',(0.,0.,1.));
#16820 = ORIENTED_EDGE('',*,*,#15446,.F.);
#16821 = ORIENTED_EDGE('',*,*,#16815,.F.);
#16822 = CYLINDRICAL_SURFACE('',#16823,0.425);
#16823 = AXIS2_PLACEMENT_3D('',#16824,#16825,#16826);
#16824 = CARTESIAN_POINT('',(101.05,-73.06,-4.6E-02));
#16825 = DIRECTION('',(-0.,-0.,-1.));
#16826 = DIRECTION('',(-0.,-1.,0.));
#16827 = ADVANCED_FACE('',(#16828),#16839,.F.);
#16828 = FACE_BOUND('',#16829,.T.);
#16829 = EDGE_LOOP('',(#16830,#16831,#16837,#16838));
#16830 = ORIENTED_EDGE('',*,*,#14351,.T.);
#16831 = ORIENTED_EDGE('',*,*,#16832,.T.);
#16832 = EDGE_CURVE('',#14352,#15458,#16833,.T.);
#16833 = LINE('',#16834,#16835);
#16834 = CARTESIAN_POINT('',(101.05,-71.485,-4.6E-02));
#16835 = VECTOR('',#16836,1.);
#16836 = DIRECTION('',(0.,0.,1.));
#16837 = ORIENTED_EDGE('',*,*,#15457,.F.);
#16838 = ORIENTED_EDGE('',*,*,#16832,.F.);
#16839 = CYLINDRICAL_SURFACE('',#16840,0.425);
#16840 = AXIS2_PLACEMENT_3D('',#16841,#16842,#16843);
#16841 = CARTESIAN_POINT('',(101.05,-71.06,-4.6E-02));
#16842 = DIRECTION('',(-0.,-0.,-1.));
#16843 = DIRECTION('',(-0.,-1.,0.));
#16844 = ADVANCED_FACE('',(#16845),#16856,.F.);
#16845 = FACE_BOUND('',#16846,.T.);
#16846 = EDGE_LOOP('',(#16847,#16848,#16854,#16855));
#16847 = ORIENTED_EDGE('',*,*,#14362,.T.);
#16848 = ORIENTED_EDGE('',*,*,#16849,.T.);
#16849 = EDGE_CURVE('',#14363,#15469,#16850,.T.);
#16850 = LINE('',#16851,#16852);
#16851 = CARTESIAN_POINT('',(70.,-69.485,-4.6E-02));
#16852 = VECTOR('',#16853,1.);
#16853 = DIRECTION('',(0.,0.,1.));
#16854 = ORIENTED_EDGE('',*,*,#15468,.F.);
#16855 = ORIENTED_EDGE('',*,*,#16849,.F.);
#16856 = CYLINDRICAL_SURFACE('',#16857,0.425);
#16857 = AXIS2_PLACEMENT_3D('',#16858,#16859,#16860);
#16858 = CARTESIAN_POINT('',(70.,-69.06,-4.6E-02));
#16859 = DIRECTION('',(-0.,-0.,-1.));
#16860 = DIRECTION('',(-0.,-1.,0.));
#16861 = ADVANCED_FACE('',(#16862),#16873,.F.);
#16862 = FACE_BOUND('',#16863,.T.);
#16863 = EDGE_LOOP('',(#16864,#16865,#16871,#16872));
#16864 = ORIENTED_EDGE('',*,*,#14373,.T.);
#16865 = ORIENTED_EDGE('',*,*,#16866,.T.);
#16866 = EDGE_CURVE('',#14374,#15480,#16867,.T.);
#16867 = LINE('',#16868,#16869);
#16868 = CARTESIAN_POINT('',(72.,-69.485,-4.6E-02));
#16869 = VECTOR('',#16870,1.);
#16870 = DIRECTION('',(0.,0.,1.));
#16871 = ORIENTED_EDGE('',*,*,#15479,.F.);
#16872 = ORIENTED_EDGE('',*,*,#16866,.F.);
#16873 = CYLINDRICAL_SURFACE('',#16874,0.425);
#16874 = AXIS2_PLACEMENT_3D('',#16875,#16876,#16877);
#16875 = CARTESIAN_POINT('',(72.,-69.06,-4.6E-02));
#16876 = DIRECTION('',(-0.,-0.,-1.));
#16877 = DIRECTION('',(-0.,-1.,0.));
#16878 = ADVANCED_FACE('',(#16879),#16890,.F.);
#16879 = FACE_BOUND('',#16880,.T.);
#16880 = EDGE_LOOP('',(#16881,#16882,#16888,#16889));
#16881 = ORIENTED_EDGE('',*,*,#14384,.T.);
#16882 = ORIENTED_EDGE('',*,*,#16883,.T.);
#16883 = EDGE_CURVE('',#14385,#15491,#16884,.T.);
#16884 = LINE('',#16885,#16886);
#16885 = CARTESIAN_POINT('',(70.,-58.415,-4.6E-02));
#16886 = VECTOR('',#16887,1.);
#16887 = DIRECTION('',(0.,0.,1.));
#16888 = ORIENTED_EDGE('',*,*,#15490,.F.);
#16889 = ORIENTED_EDGE('',*,*,#16883,.F.);
#16890 = CYLINDRICAL_SURFACE('',#16891,0.425);
#16891 = AXIS2_PLACEMENT_3D('',#16892,#16893,#16894);
#16892 = CARTESIAN_POINT('',(70.,-57.99,-4.6E-02));
#16893 = DIRECTION('',(-0.,-0.,-1.));
#16894 = DIRECTION('',(-0.,-1.,0.));
#16895 = ADVANCED_FACE('',(#16896),#16907,.F.);
#16896 = FACE_BOUND('',#16897,.T.);
#16897 = EDGE_LOOP('',(#16898,#16899,#16905,#16906));
#16898 = ORIENTED_EDGE('',*,*,#14395,.T.);
#16899 = ORIENTED_EDGE('',*,*,#16900,.T.);
#16900 = EDGE_CURVE('',#14396,#15502,#16901,.T.);
#16901 = LINE('',#16902,#16903);
#16902 = CARTESIAN_POINT('',(72.,-58.415,-4.6E-02));
#16903 = VECTOR('',#16904,1.);
#16904 = DIRECTION('',(0.,0.,1.));
#16905 = ORIENTED_EDGE('',*,*,#15501,.F.);
#16906 = ORIENTED_EDGE('',*,*,#16900,.F.);
#16907 = CYLINDRICAL_SURFACE('',#16908,0.425);
#16908 = AXIS2_PLACEMENT_3D('',#16909,#16910,#16911);
#16909 = CARTESIAN_POINT('',(72.,-57.99,-4.6E-02));
#16910 = DIRECTION('',(-0.,-0.,-1.));
#16911 = DIRECTION('',(-0.,-1.,0.));
#16912 = ADVANCED_FACE('',(#16913),#16924,.F.);
#16913 = FACE_BOUND('',#16914,.T.);
#16914 = EDGE_LOOP('',(#16915,#16916,#16922,#16923));
#16915 = ORIENTED_EDGE('',*,*,#14406,.T.);
#16916 = ORIENTED_EDGE('',*,*,#16917,.T.);
#16917 = EDGE_CURVE('',#14407,#15513,#16918,.T.);
#16918 = LINE('',#16919,#16920);
#16919 = CARTESIAN_POINT('',(70.,-56.415,-4.6E-02));
#16920 = VECTOR('',#16921,1.);
#16921 = DIRECTION('',(0.,0.,1.));
#16922 = ORIENTED_EDGE('',*,*,#15512,.F.);
#16923 = ORIENTED_EDGE('',*,*,#16917,.F.);
#16924 = CYLINDRICAL_SURFACE('',#16925,0.425);
#16925 = AXIS2_PLACEMENT_3D('',#16926,#16927,#16928);
#16926 = CARTESIAN_POINT('',(70.,-55.99,-4.6E-02));
#16927 = DIRECTION('',(-0.,-0.,-1.));
#16928 = DIRECTION('',(-0.,-1.,0.));
#16929 = ADVANCED_FACE('',(#16930),#16941,.F.);
#16930 = FACE_BOUND('',#16931,.T.);
#16931 = EDGE_LOOP('',(#16932,#16933,#16939,#16940));
#16932 = ORIENTED_EDGE('',*,*,#14417,.T.);
#16933 = ORIENTED_EDGE('',*,*,#16934,.T.);
#16934 = EDGE_CURVE('',#14418,#15524,#16935,.T.);
#16935 = LINE('',#16936,#16937);
#16936 = CARTESIAN_POINT('',(70.,-54.415,-4.6E-02));
#16937 = VECTOR('',#16938,1.);
#16938 = DIRECTION('',(0.,0.,1.));
#16939 = ORIENTED_EDGE('',*,*,#15523,.F.);
#16940 = ORIENTED_EDGE('',*,*,#16934,.F.);
#16941 = CYLINDRICAL_SURFACE('',#16942,0.425);
#16942 = AXIS2_PLACEMENT_3D('',#16943,#16944,#16945);
#16943 = CARTESIAN_POINT('',(70.,-53.99,-4.6E-02));
#16944 = DIRECTION('',(-0.,-0.,-1.));
#16945 = DIRECTION('',(-0.,-1.,0.));
#16946 = ADVANCED_FACE('',(#16947),#16958,.F.);
#16947 = FACE_BOUND('',#16948,.T.);
#16948 = EDGE_LOOP('',(#16949,#16950,#16956,#16957));
#16949 = ORIENTED_EDGE('',*,*,#14428,.T.);
#16950 = ORIENTED_EDGE('',*,*,#16951,.T.);
#16951 = EDGE_CURVE('',#14429,#15535,#16952,.T.);
#16952 = LINE('',#16953,#16954);
#16953 = CARTESIAN_POINT('',(72.,-56.415,-4.6E-02));
#16954 = VECTOR('',#16955,1.);
#16955 = DIRECTION('',(0.,0.,1.));
#16956 = ORIENTED_EDGE('',*,*,#15534,.F.);
#16957 = ORIENTED_EDGE('',*,*,#16951,.F.);
#16958 = CYLINDRICAL_SURFACE('',#16959,0.425);
#16959 = AXIS2_PLACEMENT_3D('',#16960,#16961,#16962);
#16960 = CARTESIAN_POINT('',(72.,-55.99,-4.6E-02));
#16961 = DIRECTION('',(-0.,-0.,-1.));
#16962 = DIRECTION('',(-0.,-1.,0.));
#16963 = ADVANCED_FACE('',(#16964),#16975,.F.);
#16964 = FACE_BOUND('',#16965,.T.);
#16965 = EDGE_LOOP('',(#16966,#16967,#16973,#16974));
#16966 = ORIENTED_EDGE('',*,*,#14439,.T.);
#16967 = ORIENTED_EDGE('',*,*,#16968,.T.);
#16968 = EDGE_CURVE('',#14440,#15546,#16969,.T.);
#16969 = LINE('',#16970,#16971);
#16970 = CARTESIAN_POINT('',(72.,-54.415,-4.6E-02));
#16971 = VECTOR('',#16972,1.);
#16972 = DIRECTION('',(0.,0.,1.));
#16973 = ORIENTED_EDGE('',*,*,#15545,.F.);
#16974 = ORIENTED_EDGE('',*,*,#16968,.F.);
#16975 = CYLINDRICAL_SURFACE('',#16976,0.425);
#16976 = AXIS2_PLACEMENT_3D('',#16977,#16978,#16979);
#16977 = CARTESIAN_POINT('',(72.,-53.99,-4.6E-02));
#16978 = DIRECTION('',(-0.,-0.,-1.));
#16979 = DIRECTION('',(-0.,-1.,0.));
#16980 = ADVANCED_FACE('',(#16981),#16992,.F.);
#16981 = FACE_BOUND('',#16982,.T.);
#16982 = EDGE_LOOP('',(#16983,#16984,#16990,#16991));
#16983 = ORIENTED_EDGE('',*,*,#14450,.T.);
#16984 = ORIENTED_EDGE('',*,*,#16985,.T.);
#16985 = EDGE_CURVE('',#14451,#15557,#16986,.T.);
#16986 = LINE('',#16987,#16988);
#16987 = CARTESIAN_POINT('',(70.,-52.415,-4.6E-02));
#16988 = VECTOR('',#16989,1.);
#16989 = DIRECTION('',(0.,0.,1.));
#16990 = ORIENTED_EDGE('',*,*,#15556,.F.);
#16991 = ORIENTED_EDGE('',*,*,#16985,.F.);
#16992 = CYLINDRICAL_SURFACE('',#16993,0.425);
#16993 = AXIS2_PLACEMENT_3D('',#16994,#16995,#16996);
#16994 = CARTESIAN_POINT('',(70.,-51.99,-4.6E-02));
#16995 = DIRECTION('',(-0.,-0.,-1.));
#16996 = DIRECTION('',(-0.,-1.,0.));
#16997 = ADVANCED_FACE('',(#16998),#17009,.F.);
#16998 = FACE_BOUND('',#16999,.T.);
#16999 = EDGE_LOOP('',(#17000,#17001,#17007,#17008));
#17000 = ORIENTED_EDGE('',*,*,#14461,.T.);
#17001 = ORIENTED_EDGE('',*,*,#17002,.T.);
#17002 = EDGE_CURVE('',#14462,#15568,#17003,.T.);
#17003 = LINE('',#17004,#17005);
#17004 = CARTESIAN_POINT('',(70.,-50.415,-4.6E-02));
#17005 = VECTOR('',#17006,1.);
#17006 = DIRECTION('',(0.,0.,1.));
#17007 = ORIENTED_EDGE('',*,*,#15567,.F.);
#17008 = ORIENTED_EDGE('',*,*,#17002,.F.);
#17009 = CYLINDRICAL_SURFACE('',#17010,0.425);
#17010 = AXIS2_PLACEMENT_3D('',#17011,#17012,#17013);
#17011 = CARTESIAN_POINT('',(70.,-49.99,-4.6E-02));
#17012 = DIRECTION('',(-0.,-0.,-1.));
#17013 = DIRECTION('',(-0.,-1.,0.));
#17014 = ADVANCED_FACE('',(#17015),#17026,.F.);
#17015 = FACE_BOUND('',#17016,.T.);
#17016 = EDGE_LOOP('',(#17017,#17018,#17024,#17025));
#17017 = ORIENTED_EDGE('',*,*,#14472,.T.);
#17018 = ORIENTED_EDGE('',*,*,#17019,.T.);
#17019 = EDGE_CURVE('',#14473,#15579,#17020,.T.);
#17020 = LINE('',#17021,#17022);
#17021 = CARTESIAN_POINT('',(72.,-52.415,-4.6E-02));
#17022 = VECTOR('',#17023,1.);
#17023 = DIRECTION('',(0.,0.,1.));
#17024 = ORIENTED_EDGE('',*,*,#15578,.F.);
#17025 = ORIENTED_EDGE('',*,*,#17019,.F.);
#17026 = CYLINDRICAL_SURFACE('',#17027,0.425);
#17027 = AXIS2_PLACEMENT_3D('',#17028,#17029,#17030);
#17028 = CARTESIAN_POINT('',(72.,-51.99,-4.6E-02));
#17029 = DIRECTION('',(-0.,-0.,-1.));
#17030 = DIRECTION('',(-0.,-1.,0.));
#17031 = ADVANCED_FACE('',(#17032),#17043,.F.);
#17032 = FACE_BOUND('',#17033,.T.);
#17033 = EDGE_LOOP('',(#17034,#17035,#17041,#17042));
#17034 = ORIENTED_EDGE('',*,*,#14483,.T.);
#17035 = ORIENTED_EDGE('',*,*,#17036,.T.);
#17036 = EDGE_CURVE('',#14484,#15590,#17037,.T.);
#17037 = LINE('',#17038,#17039);
#17038 = CARTESIAN_POINT('',(72.,-50.415,-4.6E-02));
#17039 = VECTOR('',#17040,1.);
#17040 = DIRECTION('',(0.,0.,1.));
#17041 = ORIENTED_EDGE('',*,*,#15589,.F.);
#17042 = ORIENTED_EDGE('',*,*,#17036,.F.);
#17043 = CYLINDRICAL_SURFACE('',#17044,0.425);
#17044 = AXIS2_PLACEMENT_3D('',#17045,#17046,#17047);
#17045 = CARTESIAN_POINT('',(72.,-49.99,-4.6E-02));
#17046 = DIRECTION('',(-0.,-0.,-1.));
#17047 = DIRECTION('',(-0.,-1.,0.));
#17048 = ADVANCED_FACE('',(#17049),#17060,.F.);
#17049 = FACE_BOUND('',#17050,.T.);
#17050 = EDGE_LOOP('',(#17051,#17052,#17058,#17059));
#17051 = ORIENTED_EDGE('',*,*,#14494,.T.);
#17052 = ORIENTED_EDGE('',*,*,#17053,.T.);
#17053 = EDGE_CURVE('',#14495,#15601,#17054,.T.);
#17054 = LINE('',#17055,#17056);
#17055 = CARTESIAN_POINT('',(70.,-48.415,-4.6E-02));
#17056 = VECTOR('',#17057,1.);
#17057 = DIRECTION('',(0.,0.,1.));
#17058 = ORIENTED_EDGE('',*,*,#15600,.F.);
#17059 = ORIENTED_EDGE('',*,*,#17053,.F.);
#17060 = CYLINDRICAL_SURFACE('',#17061,0.425);
#17061 = AXIS2_PLACEMENT_3D('',#17062,#17063,#17064);
#17062 = CARTESIAN_POINT('',(70.,-47.99,-4.6E-02));
#17063 = DIRECTION('',(-0.,-0.,-1.));
#17064 = DIRECTION('',(-0.,-1.,0.));
#17065 = ADVANCED_FACE('',(#17066),#17077,.F.);
#17066 = FACE_BOUND('',#17067,.T.);
#17067 = EDGE_LOOP('',(#17068,#17069,#17075,#17076));
#17068 = ORIENTED_EDGE('',*,*,#14505,.T.);
#17069 = ORIENTED_EDGE('',*,*,#17070,.T.);
#17070 = EDGE_CURVE('',#14506,#15612,#17071,.T.);
#17071 = LINE('',#17072,#17073);
#17072 = CARTESIAN_POINT('',(72.,-48.415,-4.6E-02));
#17073 = VECTOR('',#17074,1.);
#17074 = DIRECTION('',(0.,0.,1.));
#17075 = ORIENTED_EDGE('',*,*,#15611,.F.);
#17076 = ORIENTED_EDGE('',*,*,#17070,.F.);
#17077 = CYLINDRICAL_SURFACE('',#17078,0.425);
#17078 = AXIS2_PLACEMENT_3D('',#17079,#17080,#17081);
#17079 = CARTESIAN_POINT('',(72.,-47.99,-4.6E-02));
#17080 = DIRECTION('',(-0.,-0.,-1.));
#17081 = DIRECTION('',(-0.,-1.,0.));
#17082 = ADVANCED_FACE('',(#17083),#17094,.F.);
#17083 = FACE_BOUND('',#17084,.T.);
#17084 = EDGE_LOOP('',(#17085,#17086,#17092,#17093));
#17085 = ORIENTED_EDGE('',*,*,#14516,.T.);
#17086 = ORIENTED_EDGE('',*,*,#17087,.T.);
#17087 = EDGE_CURVE('',#14517,#15623,#17088,.T.);
#17088 = LINE('',#17089,#17090);
#17089 = CARTESIAN_POINT('',(71.,-42.275,-4.6E-02));
#17090 = VECTOR('',#17091,1.);
#17091 = DIRECTION('',(0.,0.,1.));
#17092 = ORIENTED_EDGE('',*,*,#15622,.F.);
#17093 = ORIENTED_EDGE('',*,*,#17087,.F.);
#17094 = CYLINDRICAL_SURFACE('',#17095,0.25);
#17095 = AXIS2_PLACEMENT_3D('',#17096,#17097,#17098);
#17096 = CARTESIAN_POINT('',(71.,-42.025,-4.6E-02));
#17097 = DIRECTION('',(-0.,-0.,-1.));
#17098 = DIRECTION('',(-0.,-1.,0.));
#17099 = ADVANCED_FACE('',(#17100),#17111,.F.);
#17100 = FACE_BOUND('',#17101,.T.);
#17101 = EDGE_LOOP('',(#17102,#17103,#17109,#17110));
#17102 = ORIENTED_EDGE('',*,*,#14527,.T.);
#17103 = ORIENTED_EDGE('',*,*,#17104,.T.);
#17104 = EDGE_CURVE('',#14528,#15634,#17105,.T.);
#17105 = LINE('',#17106,#17107);
#17106 = CARTESIAN_POINT('',(69.568109,-41.681891,-4.6E-02));
#17107 = VECTOR('',#17108,1.);
#17108 = DIRECTION('',(0.,0.,1.));
#17109 = ORIENTED_EDGE('',*,*,#15633,.F.);
#17110 = ORIENTED_EDGE('',*,*,#17104,.F.);
#17111 = CYLINDRICAL_SURFACE('',#17112,0.25);
#17112 = AXIS2_PLACEMENT_3D('',#17113,#17114,#17115);
#17113 = CARTESIAN_POINT('',(69.568109,-41.431891,-4.6E-02));
#17114 = DIRECTION('',(-0.,-0.,-1.));
#17115 = DIRECTION('',(-0.,-1.,0.));
#17116 = ADVANCED_FACE('',(#17117),#17128,.F.);
#17117 = FACE_BOUND('',#17118,.T.);
#17118 = EDGE_LOOP('',(#17119,#17120,#17126,#17127));
#17119 = ORIENTED_EDGE('',*,*,#14538,.T.);
#17120 = ORIENTED_EDGE('',*,*,#17121,.T.);
#17121 = EDGE_CURVE('',#14539,#15645,#17122,.T.);
#17122 = LINE('',#17123,#17124);
#17123 = CARTESIAN_POINT('',(68.975,-40.25,-4.6E-02));
#17124 = VECTOR('',#17125,1.);
#17125 = DIRECTION('',(0.,0.,1.));
#17126 = ORIENTED_EDGE('',*,*,#15644,.F.);
#17127 = ORIENTED_EDGE('',*,*,#17121,.F.);
#17128 = CYLINDRICAL_SURFACE('',#17129,0.25);
#17129 = AXIS2_PLACEMENT_3D('',#17130,#17131,#17132);
#17130 = CARTESIAN_POINT('',(68.975,-40.,-4.6E-02));
#17131 = DIRECTION('',(-0.,-0.,-1.));
#17132 = DIRECTION('',(-0.,-1.,0.));
#17133 = ADVANCED_FACE('',(#17134),#17145,.F.);
#17134 = FACE_BOUND('',#17135,.T.);
#17135 = EDGE_LOOP('',(#17136,#17137,#17143,#17144));
#17136 = ORIENTED_EDGE('',*,*,#14549,.T.);
#17137 = ORIENTED_EDGE('',*,*,#17138,.T.);
#17138 = EDGE_CURVE('',#14550,#15656,#17139,.T.);
#17139 = LINE('',#17140,#17141);
#17140 = CARTESIAN_POINT('',(69.568109,-38.818109,-4.6E-02));
#17141 = VECTOR('',#17142,1.);
#17142 = DIRECTION('',(0.,0.,1.));
#17143 = ORIENTED_EDGE('',*,*,#15655,.F.);
#17144 = ORIENTED_EDGE('',*,*,#17138,.F.);
#17145 = CYLINDRICAL_SURFACE('',#17146,0.25);
#17146 = AXIS2_PLACEMENT_3D('',#17147,#17148,#17149);
#17147 = CARTESIAN_POINT('',(69.568109,-38.568109,-4.6E-02));
#17148 = DIRECTION('',(-0.,-0.,-1.));
#17149 = DIRECTION('',(-0.,-1.,0.));
#17150 = ADVANCED_FACE('',(#17151),#17162,.F.);
#17151 = FACE_BOUND('',#17152,.T.);
#17152 = EDGE_LOOP('',(#17153,#17154,#17160,#17161));
#17153 = ORIENTED_EDGE('',*,*,#14560,.T.);
#17154 = ORIENTED_EDGE('',*,*,#17155,.T.);
#17155 = EDGE_CURVE('',#14561,#15667,#17156,.T.);
#17156 = LINE('',#17157,#17158);
#17157 = CARTESIAN_POINT('',(71.,-41.35,-4.6E-02));
#17158 = VECTOR('',#17159,1.);
#17159 = DIRECTION('',(0.,0.,1.));
#17160 = ORIENTED_EDGE('',*,*,#15666,.F.);
#17161 = ORIENTED_EDGE('',*,*,#17155,.F.);
#17162 = CYLINDRICAL_SURFACE('',#17163,1.35);
#17163 = AXIS2_PLACEMENT_3D('',#17164,#17165,#17166);
#17164 = CARTESIAN_POINT('',(71.,-40.,-4.6E-02));
#17165 = DIRECTION('',(-0.,-0.,-1.));
#17166 = DIRECTION('',(-0.,-1.,0.));
#17167 = ADVANCED_FACE('',(#17168),#17179,.F.);
#17168 = FACE_BOUND('',#17169,.T.);
#17169 = EDGE_LOOP('',(#17170,#17171,#17177,#17178));
#17170 = ORIENTED_EDGE('',*,*,#14571,.T.);
#17171 = ORIENTED_EDGE('',*,*,#17172,.T.);
#17172 = EDGE_CURVE('',#14572,#15678,#17173,.T.);
#17173 = LINE('',#17174,#17175);
#17174 = CARTESIAN_POINT('',(72.431891,-41.681891,-4.6E-02));
#17175 = VECTOR('',#17176,1.);
#17176 = DIRECTION('',(0.,0.,1.));
#17177 = ORIENTED_EDGE('',*,*,#15677,.F.);
#17178 = ORIENTED_EDGE('',*,*,#17172,.F.);
#17179 = CYLINDRICAL_SURFACE('',#17180,0.25);
#17180 = AXIS2_PLACEMENT_3D('',#17181,#17182,#17183);
#17181 = CARTESIAN_POINT('',(72.431891,-41.431891,-4.6E-02));
#17182 = DIRECTION('',(-0.,-0.,-1.));
#17183 = DIRECTION('',(-0.,-1.,0.));
#17184 = ADVANCED_FACE('',(#17185),#17196,.F.);
#17185 = FACE_BOUND('',#17186,.T.);
#17186 = EDGE_LOOP('',(#17187,#17188,#17194,#17195));
#17187 = ORIENTED_EDGE('',*,*,#14582,.T.);
#17188 = ORIENTED_EDGE('',*,*,#17189,.T.);
#17189 = EDGE_CURVE('',#14583,#15689,#17190,.T.);
#17190 = LINE('',#17191,#17192);
#17191 = CARTESIAN_POINT('',(71.,-38.225,-4.6E-02));
#17192 = VECTOR('',#17193,1.);
#17193 = DIRECTION('',(0.,0.,1.));
#17194 = ORIENTED_EDGE('',*,*,#15688,.F.);
#17195 = ORIENTED_EDGE('',*,*,#17189,.F.);
#17196 = CYLINDRICAL_SURFACE('',#17197,0.25);
#17197 = AXIS2_PLACEMENT_3D('',#17198,#17199,#17200);
#17198 = CARTESIAN_POINT('',(71.,-37.975,-4.6E-02));
#17199 = DIRECTION('',(-0.,-0.,-1.));
#17200 = DIRECTION('',(-0.,-1.,0.));
#17201 = ADVANCED_FACE('',(#17202),#17213,.F.);
#17202 = FACE_BOUND('',#17203,.T.);
#17203 = EDGE_LOOP('',(#17204,#17205,#17211,#17212));
#17204 = ORIENTED_EDGE('',*,*,#14593,.T.);
#17205 = ORIENTED_EDGE('',*,*,#17206,.T.);
#17206 = EDGE_CURVE('',#14594,#15700,#17207,.T.);
#17207 = LINE('',#17208,#17209);
#17208 = CARTESIAN_POINT('',(72.431891,-38.818109,-4.6E-02));
#17209 = VECTOR('',#17210,1.);
#17210 = DIRECTION('',(0.,0.,1.));
#17211 = ORIENTED_EDGE('',*,*,#15699,.F.);
#17212 = ORIENTED_EDGE('',*,*,#17206,.F.);
#17213 = CYLINDRICAL_SURFACE('',#17214,0.25);
#17214 = AXIS2_PLACEMENT_3D('',#17215,#17216,#17217);
#17215 = CARTESIAN_POINT('',(72.431891,-38.568109,-4.6E-02));
#17216 = DIRECTION('',(-0.,-0.,-1.));
#17217 = DIRECTION('',(-0.,-1.,0.));
#17218 = ADVANCED_FACE('',(#17219),#17230,.F.);
#17219 = FACE_BOUND('',#17220,.T.);
#17220 = EDGE_LOOP('',(#17221,#17222,#17228,#17229));
#17221 = ORIENTED_EDGE('',*,*,#14604,.T.);
#17222 = ORIENTED_EDGE('',*,*,#17223,.T.);
#17223 = EDGE_CURVE('',#14605,#15711,#17224,.T.);
#17224 = LINE('',#17225,#17226);
#17225 = CARTESIAN_POINT('',(73.025,-40.25,-4.6E-02));
#17226 = VECTOR('',#17227,1.);
#17227 = DIRECTION('',(0.,0.,1.));
#17228 = ORIENTED_EDGE('',*,*,#15710,.F.);
#17229 = ORIENTED_EDGE('',*,*,#17223,.F.);
#17230 = CYLINDRICAL_SURFACE('',#17231,0.25);
#17231 = AXIS2_PLACEMENT_3D('',#17232,#17233,#17234);
#17232 = CARTESIAN_POINT('',(73.025,-40.,-4.6E-02));
#17233 = DIRECTION('',(-0.,-0.,-1.));
#17234 = DIRECTION('',(-0.,-1.,0.));
#17235 = ADVANCED_FACE('',(#17236),#17252,.F.);
#17236 = FACE_BOUND('',#17237,.T.);
#17237 = EDGE_LOOP('',(#17238,#17239,#17245,#17246));
#17238 = ORIENTED_EDGE('',*,*,#14615,.T.);
#17239 = ORIENTED_EDGE('',*,*,#17240,.T.);
#17240 = EDGE_CURVE('',#14618,#15724,#17241,.T.);
#17241 = LINE('',#17242,#17243);
#17242 = CARTESIAN_POINT('',(84.69,-64.59,-4.6E-02));
#17243 = VECTOR('',#17244,1.);
#17244 = DIRECTION('',(0.,0.,1.));
#17245 = ORIENTED_EDGE('',*,*,#15721,.F.);
#17246 = ORIENTED_EDGE('',*,*,#17247,.F.);
#17247 = EDGE_CURVE('',#14616,#15722,#17248,.T.);
#17248 = LINE('',#17249,#17250);
#17249 = CARTESIAN_POINT('',(84.69,-65.49,-4.6E-02));
#17250 = VECTOR('',#17251,1.);
#17251 = DIRECTION('',(0.,0.,1.));
#17252 = CYLINDRICAL_SURFACE('',#17253,0.45);
#17253 = AXIS2_PLACEMENT_3D('',#17254,#17255,#17256);
#17254 = CARTESIAN_POINT('',(84.69,-65.04,-4.6E-02));
#17255 = DIRECTION('',(-0.,0.,-1.));
#17256 = DIRECTION('',(0.,1.,0.));
#17257 = ADVANCED_FACE('',(#17258),#17269,.T.);
#17258 = FACE_BOUND('',#17259,.T.);
#17259 = EDGE_LOOP('',(#17260,#17261,#17262,#17263));
#17260 = ORIENTED_EDGE('',*,*,#14643,.T.);
#17261 = ORIENTED_EDGE('',*,*,#17247,.T.);
#17262 = ORIENTED_EDGE('',*,*,#15749,.F.);
#17263 = ORIENTED_EDGE('',*,*,#17264,.F.);
#17264 = EDGE_CURVE('',#14635,#15741,#17265,.T.);
#17265 = LINE('',#17266,#17267);
#17266 = CARTESIAN_POINT('',(87.39,-65.49,-4.6E-02));
#17267 = VECTOR('',#17268,1.);
#17268 = DIRECTION('',(0.,0.,1.));
#17269 = PLANE('',#17270);
#17270 = AXIS2_PLACEMENT_3D('',#17271,#17272,#17273);
#17271 = CARTESIAN_POINT('',(84.69,-65.49,-4.6E-02));
#17272 = DIRECTION('',(0.,1.,0.));
#17273 = DIRECTION('',(1.,0.,0.));
#17274 = ADVANCED_FACE('',(#17275),#17286,.F.);
#17275 = FACE_BOUND('',#17276,.T.);
#17276 = EDGE_LOOP('',(#17277,#17278,#17279,#17280));
#17277 = ORIENTED_EDGE('',*,*,#14634,.T.);
#17278 = ORIENTED_EDGE('',*,*,#17264,.T.);
#17279 = ORIENTED_EDGE('',*,*,#15740,.F.);
#17280 = ORIENTED_EDGE('',*,*,#17281,.F.);
#17281 = EDGE_CURVE('',#14627,#15733,#17282,.T.);
#17282 = LINE('',#17283,#17284);
#17283 = CARTESIAN_POINT('',(87.39,-64.59,-4.6E-02));
#17284 = VECTOR('',#17285,1.);
#17285 = DIRECTION('',(0.,0.,1.));
#17286 = CYLINDRICAL_SURFACE('',#17287,0.45);
#17287 = AXIS2_PLACEMENT_3D('',#17288,#17289,#17290);
#17288 = CARTESIAN_POINT('',(87.39,-65.04,-4.6E-02));
#17289 = DIRECTION('',(-0.,-0.,-1.));
#17290 = DIRECTION('',(-3.157967714489E-14,-1.,0.));
#17291 = ADVANCED_FACE('',(#17292),#17298,.T.);
#17292 = FACE_BOUND('',#17293,.T.);
#17293 = EDGE_LOOP('',(#17294,#17295,#17296,#17297));
#17294 = ORIENTED_EDGE('',*,*,#14626,.T.);
#17295 = ORIENTED_EDGE('',*,*,#17281,.T.);
#17296 = ORIENTED_EDGE('',*,*,#15732,.F.);
#17297 = ORIENTED_EDGE('',*,*,#17240,.F.);
#17298 = PLANE('',#17299);
#17299 = AXIS2_PLACEMENT_3D('',#17300,#17301,#17302);
#17300 = CARTESIAN_POINT('',(87.39,-64.59,-4.6E-02));
#17301 = DIRECTION('',(0.,-1.,0.));
#17302 = DIRECTION('',(-1.,0.,0.));
#17303 = ADVANCED_FACE('',(#17304),#17320,.F.);
#17304 = FACE_BOUND('',#17305,.T.);
#17305 = EDGE_LOOP('',(#17306,#17307,#17313,#17314));
#17306 = ORIENTED_EDGE('',*,*,#14651,.T.);
#17307 = ORIENTED_EDGE('',*,*,#17308,.T.);
#17308 = EDGE_CURVE('',#14654,#15760,#17309,.T.);
#17309 = LINE('',#17310,#17311);
#17310 = CARTESIAN_POINT('',(84.69,-57.29,-4.6E-02));
#17311 = VECTOR('',#17312,1.);
#17312 = DIRECTION('',(0.,0.,1.));
#17313 = ORIENTED_EDGE('',*,*,#15757,.F.);
#17314 = ORIENTED_EDGE('',*,*,#17315,.F.);
#17315 = EDGE_CURVE('',#14652,#15758,#17316,.T.);
#17316 = LINE('',#17317,#17318);
#17317 = CARTESIAN_POINT('',(84.69,-58.19,-4.6E-02));
#17318 = VECTOR('',#17319,1.);
#17319 = DIRECTION('',(0.,0.,1.));
#17320 = CYLINDRICAL_SURFACE('',#17321,0.45);
#17321 = AXIS2_PLACEMENT_3D('',#17322,#17323,#17324);
#17322 = CARTESIAN_POINT('',(84.69,-57.74,-4.6E-02));
#17323 = DIRECTION('',(-0.,0.,-1.));
#17324 = DIRECTION('',(0.,1.,0.));
#17325 = ADVANCED_FACE('',(#17326),#17337,.T.);
#17326 = FACE_BOUND('',#17327,.T.);
#17327 = EDGE_LOOP('',(#17328,#17329,#17330,#17331));
#17328 = ORIENTED_EDGE('',*,*,#14679,.T.);
#17329 = ORIENTED_EDGE('',*,*,#17315,.T.);
#17330 = ORIENTED_EDGE('',*,*,#15785,.F.);
#17331 = ORIENTED_EDGE('',*,*,#17332,.F.);
#17332 = EDGE_CURVE('',#14671,#15777,#17333,.T.);
#17333 = LINE('',#17334,#17335);
#17334 = CARTESIAN_POINT('',(87.39,-58.19,-4.6E-02));
#17335 = VECTOR('',#17336,1.);
#17336 = DIRECTION('',(0.,0.,1.));
#17337 = PLANE('',#17338);
#17338 = AXIS2_PLACEMENT_3D('',#17339,#17340,#17341);
#17339 = CARTESIAN_POINT('',(84.69,-58.19,-4.6E-02));
#17340 = DIRECTION('',(0.,1.,0.));
#17341 = DIRECTION('',(1.,0.,0.));
#17342 = ADVANCED_FACE('',(#17343),#17354,.F.);
#17343 = FACE_BOUND('',#17344,.T.);
#17344 = EDGE_LOOP('',(#17345,#17346,#17347,#17348));
#17345 = ORIENTED_EDGE('',*,*,#14670,.T.);
#17346 = ORIENTED_EDGE('',*,*,#17332,.T.);
#17347 = ORIENTED_EDGE('',*,*,#15776,.F.);
#17348 = ORIENTED_EDGE('',*,*,#17349,.F.);
#17349 = EDGE_CURVE('',#14663,#15769,#17350,.T.);
#17350 = LINE('',#17351,#17352);
#17351 = CARTESIAN_POINT('',(87.39,-57.29,-4.6E-02));
#17352 = VECTOR('',#17353,1.);
#17353 = DIRECTION('',(0.,0.,1.));
#17354 = CYLINDRICAL_SURFACE('',#17355,0.45);
#17355 = AXIS2_PLACEMENT_3D('',#17356,#17357,#17358);
#17356 = CARTESIAN_POINT('',(87.39,-57.74,-4.6E-02));
#17357 = DIRECTION('',(-0.,-0.,-1.));
#17358 = DIRECTION('',(-3.157967714489E-14,-1.,0.));
#17359 = ADVANCED_FACE('',(#17360),#17366,.T.);
#17360 = FACE_BOUND('',#17361,.T.);
#17361 = EDGE_LOOP('',(#17362,#17363,#17364,#17365));
#17362 = ORIENTED_EDGE('',*,*,#14662,.T.);
#17363 = ORIENTED_EDGE('',*,*,#17349,.T.);
#17364 = ORIENTED_EDGE('',*,*,#15768,.F.);
#17365 = ORIENTED_EDGE('',*,*,#17308,.F.);
#17366 = PLANE('',#17367);
#17367 = AXIS2_PLACEMENT_3D('',#17368,#17369,#17370);
#17368 = CARTESIAN_POINT('',(87.39,-57.29,-4.6E-02));
#17369 = DIRECTION('',(0.,-1.,0.));
#17370 = DIRECTION('',(-1.,0.,0.));
#17371 = ADVANCED_FACE('',(#17372),#17383,.F.);
#17372 = FACE_BOUND('',#17373,.T.);
#17373 = EDGE_LOOP('',(#17374,#17375,#17381,#17382));
#17374 = ORIENTED_EDGE('',*,*,#14687,.T.);
#17375 = ORIENTED_EDGE('',*,*,#17376,.T.);
#17376 = EDGE_CURVE('',#14688,#15794,#17377,.T.);
#17377 = LINE('',#17378,#17379);
#17378 = CARTESIAN_POINT('',(99.05,-69.485,-4.6E-02));
#17379 = VECTOR('',#17380,1.);
#17380 = DIRECTION('',(0.,0.,1.));
#17381 = ORIENTED_EDGE('',*,*,#15793,.F.);
#17382 = ORIENTED_EDGE('',*,*,#17376,.F.);
#17383 = CYLINDRICAL_SURFACE('',#17384,0.425);
#17384 = AXIS2_PLACEMENT_3D('',#17385,#17386,#17387);
#17385 = CARTESIAN_POINT('',(99.05,-69.06,-4.6E-02));
#17386 = DIRECTION('',(-0.,-0.,-1.));
#17387 = DIRECTION('',(-0.,-1.,0.));
#17388 = ADVANCED_FACE('',(#17389),#17400,.F.);
#17389 = FACE_BOUND('',#17390,.T.);
#17390 = EDGE_LOOP('',(#17391,#17392,#17398,#17399));
#17391 = ORIENTED_EDGE('',*,*,#14698,.T.);
#17392 = ORIENTED_EDGE('',*,*,#17393,.T.);
#17393 = EDGE_CURVE('',#14699,#15805,#17394,.T.);
#17394 = LINE('',#17395,#17396);
#17395 = CARTESIAN_POINT('',(101.05,-69.485,-4.6E-02));
#17396 = VECTOR('',#17397,1.);
#17397 = DIRECTION('',(0.,0.,1.));
#17398 = ORIENTED_EDGE('',*,*,#15804,.F.);
#17399 = ORIENTED_EDGE('',*,*,#17393,.F.);
#17400 = CYLINDRICAL_SURFACE('',#17401,0.425);
#17401 = AXIS2_PLACEMENT_3D('',#17402,#17403,#17404);
#17402 = CARTESIAN_POINT('',(101.05,-69.06,-4.6E-02));
#17403 = DIRECTION('',(-0.,-0.,-1.));
#17404 = DIRECTION('',(-0.,-1.,0.));
#17405 = ADVANCED_FACE('',(#17406),#17417,.F.);
#17406 = FACE_BOUND('',#17407,.T.);
#17407 = EDGE_LOOP('',(#17408,#17409,#17415,#17416));
#17408 = ORIENTED_EDGE('',*,*,#14709,.T.);
#17409 = ORIENTED_EDGE('',*,*,#17410,.T.);
#17410 = EDGE_CURVE('',#14710,#15816,#17411,.T.);
#17411 = LINE('',#17412,#17413);
#17412 = CARTESIAN_POINT('',(99.05,-58.415,-4.6E-02));
#17413 = VECTOR('',#17414,1.);
#17414 = DIRECTION('',(0.,0.,1.));
#17415 = ORIENTED_EDGE('',*,*,#15815,.F.);
#17416 = ORIENTED_EDGE('',*,*,#17410,.F.);
#17417 = CYLINDRICAL_SURFACE('',#17418,0.425);
#17418 = AXIS2_PLACEMENT_3D('',#17419,#17420,#17421);
#17419 = CARTESIAN_POINT('',(99.05,-57.99,-4.6E-02));
#17420 = DIRECTION('',(-0.,-0.,-1.));
#17421 = DIRECTION('',(-0.,-1.,0.));
#17422 = ADVANCED_FACE('',(#17423),#17434,.F.);
#17423 = FACE_BOUND('',#17424,.T.);
#17424 = EDGE_LOOP('',(#17425,#17426,#17432,#17433));
#17425 = ORIENTED_EDGE('',*,*,#14720,.T.);
#17426 = ORIENTED_EDGE('',*,*,#17427,.T.);
#17427 = EDGE_CURVE('',#14721,#15827,#17428,.T.);
#17428 = LINE('',#17429,#17430);
#17429 = CARTESIAN_POINT('',(101.05,-58.415,-4.6E-02));
#17430 = VECTOR('',#17431,1.);
#17431 = DIRECTION('',(0.,0.,1.));
#17432 = ORIENTED_EDGE('',*,*,#15826,.F.);
#17433 = ORIENTED_EDGE('',*,*,#17427,.F.);
#17434 = CYLINDRICAL_SURFACE('',#17435,0.425);
#17435 = AXIS2_PLACEMENT_3D('',#17436,#17437,#17438);
#17436 = CARTESIAN_POINT('',(101.05,-57.99,-4.6E-02));
#17437 = DIRECTION('',(-0.,-0.,-1.));
#17438 = DIRECTION('',(-0.,-1.,0.));
#17439 = ADVANCED_FACE('',(#17440),#17451,.F.);
#17440 = FACE_BOUND('',#17441,.T.);
#17441 = EDGE_LOOP('',(#17442,#17443,#17449,#17450));
#17442 = ORIENTED_EDGE('',*,*,#14731,.T.);
#17443 = ORIENTED_EDGE('',*,*,#17444,.T.);
#17444 = EDGE_CURVE('',#14732,#15838,#17445,.T.);
#17445 = LINE('',#17446,#17447);
#17446 = CARTESIAN_POINT('',(99.05,-56.415,-4.6E-02));
#17447 = VECTOR('',#17448,1.);
#17448 = DIRECTION('',(0.,0.,1.));
#17449 = ORIENTED_EDGE('',*,*,#15837,.F.);
#17450 = ORIENTED_EDGE('',*,*,#17444,.F.);
#17451 = CYLINDRICAL_SURFACE('',#17452,0.425);
#17452 = AXIS2_PLACEMENT_3D('',#17453,#17454,#17455);
#17453 = CARTESIAN_POINT('',(99.05,-55.99,-4.6E-02));
#17454 = DIRECTION('',(-0.,-0.,-1.));
#17455 = DIRECTION('',(-0.,-1.,0.));
#17456 = ADVANCED_FACE('',(#17457),#17468,.F.);
#17457 = FACE_BOUND('',#17458,.T.);
#17458 = EDGE_LOOP('',(#17459,#17460,#17466,#17467));
#17459 = ORIENTED_EDGE('',*,*,#14742,.T.);
#17460 = ORIENTED_EDGE('',*,*,#17461,.T.);
#17461 = EDGE_CURVE('',#14743,#15849,#17462,.T.);
#17462 = LINE('',#17463,#17464);
#17463 = CARTESIAN_POINT('',(99.05,-54.415,-4.6E-02));
#17464 = VECTOR('',#17465,1.);
#17465 = DIRECTION('',(0.,0.,1.));
#17466 = ORIENTED_EDGE('',*,*,#15848,.F.);
#17467 = ORIENTED_EDGE('',*,*,#17461,.F.);
#17468 = CYLINDRICAL_SURFACE('',#17469,0.425);
#17469 = AXIS2_PLACEMENT_3D('',#17470,#17471,#17472);
#17470 = CARTESIAN_POINT('',(99.05,-53.99,-4.6E-02));
#17471 = DIRECTION('',(-0.,-0.,-1.));
#17472 = DIRECTION('',(-0.,-1.,0.));
#17473 = ADVANCED_FACE('',(#17474),#17485,.F.);
#17474 = FACE_BOUND('',#17475,.T.);
#17475 = EDGE_LOOP('',(#17476,#17477,#17483,#17484));
#17476 = ORIENTED_EDGE('',*,*,#14753,.T.);
#17477 = ORIENTED_EDGE('',*,*,#17478,.T.);
#17478 = EDGE_CURVE('',#14754,#15860,#17479,.T.);
#17479 = LINE('',#17480,#17481);
#17480 = CARTESIAN_POINT('',(101.05,-56.415,-4.6E-02));
#17481 = VECTOR('',#17482,1.);
#17482 = DIRECTION('',(0.,0.,1.));
#17483 = ORIENTED_EDGE('',*,*,#15859,.F.);
#17484 = ORIENTED_EDGE('',*,*,#17478,.F.);
#17485 = CYLINDRICAL_SURFACE('',#17486,0.425);
#17486 = AXIS2_PLACEMENT_3D('',#17487,#17488,#17489);
#17487 = CARTESIAN_POINT('',(101.05,-55.99,-4.6E-02));
#17488 = DIRECTION('',(-0.,-0.,-1.));
#17489 = DIRECTION('',(-0.,-1.,0.));
#17490 = ADVANCED_FACE('',(#17491),#17502,.F.);
#17491 = FACE_BOUND('',#17492,.T.);
#17492 = EDGE_LOOP('',(#17493,#17494,#17500,#17501));
#17493 = ORIENTED_EDGE('',*,*,#14764,.T.);
#17494 = ORIENTED_EDGE('',*,*,#17495,.T.);
#17495 = EDGE_CURVE('',#14765,#15871,#17496,.T.);
#17496 = LINE('',#17497,#17498);
#17497 = CARTESIAN_POINT('',(101.05,-54.415,-4.6E-02));
#17498 = VECTOR('',#17499,1.);
#17499 = DIRECTION('',(0.,0.,1.));
#17500 = ORIENTED_EDGE('',*,*,#15870,.F.);
#17501 = ORIENTED_EDGE('',*,*,#17495,.F.);
#17502 = CYLINDRICAL_SURFACE('',#17503,0.425);
#17503 = AXIS2_PLACEMENT_3D('',#17504,#17505,#17506);
#17504 = CARTESIAN_POINT('',(101.05,-53.99,-4.6E-02));
#17505 = DIRECTION('',(-0.,-0.,-1.));
#17506 = DIRECTION('',(-0.,-1.,0.));
#17507 = ADVANCED_FACE('',(#17508),#17524,.F.);
#17508 = FACE_BOUND('',#17509,.T.);
#17509 = EDGE_LOOP('',(#17510,#17511,#17517,#17518));
#17510 = ORIENTED_EDGE('',*,*,#14775,.T.);
#17511 = ORIENTED_EDGE('',*,*,#17512,.T.);
#17512 = EDGE_CURVE('',#14778,#15884,#17513,.T.);
#17513 = LINE('',#17514,#17515);
#17514 = CARTESIAN_POINT('',(84.69,-48.49,-4.6E-02));
#17515 = VECTOR('',#17516,1.);
#17516 = DIRECTION('',(0.,0.,1.));
#17517 = ORIENTED_EDGE('',*,*,#15881,.F.);
#17518 = ORIENTED_EDGE('',*,*,#17519,.F.);
#17519 = EDGE_CURVE('',#14776,#15882,#17520,.T.);
#17520 = LINE('',#17521,#17522);
#17521 = CARTESIAN_POINT('',(84.69,-49.39,-4.6E-02));
#17522 = VECTOR('',#17523,1.);
#17523 = DIRECTION('',(0.,0.,1.));
#17524 = CYLINDRICAL_SURFACE('',#17525,0.45);
#17525 = AXIS2_PLACEMENT_3D('',#17526,#17527,#17528);
#17526 = CARTESIAN_POINT('',(84.69,-48.94,-4.6E-02));
#17527 = DIRECTION('',(-0.,0.,-1.));
#17528 = DIRECTION('',(0.,1.,0.));
#17529 = ADVANCED_FACE('',(#17530),#17541,.T.);
#17530 = FACE_BOUND('',#17531,.T.);
#17531 = EDGE_LOOP('',(#17532,#17533,#17534,#17535));
#17532 = ORIENTED_EDGE('',*,*,#14803,.T.);
#17533 = ORIENTED_EDGE('',*,*,#17519,.T.);
#17534 = ORIENTED_EDGE('',*,*,#15909,.F.);
#17535 = ORIENTED_EDGE('',*,*,#17536,.F.);
#17536 = EDGE_CURVE('',#14795,#15901,#17537,.T.);
#17537 = LINE('',#17538,#17539);
#17538 = CARTESIAN_POINT('',(87.39,-49.39,-4.6E-02));
#17539 = VECTOR('',#17540,1.);
#17540 = DIRECTION('',(0.,0.,1.));
#17541 = PLANE('',#17542);
#17542 = AXIS2_PLACEMENT_3D('',#17543,#17544,#17545);
#17543 = CARTESIAN_POINT('',(84.69,-49.39,-4.6E-02));
#17544 = DIRECTION('',(0.,1.,0.));
#17545 = DIRECTION('',(1.,0.,0.));
#17546 = ADVANCED_FACE('',(#17547),#17558,.F.);
#17547 = FACE_BOUND('',#17548,.T.);
#17548 = EDGE_LOOP('',(#17549,#17550,#17551,#17552));
#17549 = ORIENTED_EDGE('',*,*,#14794,.T.);
#17550 = ORIENTED_EDGE('',*,*,#17536,.T.);
#17551 = ORIENTED_EDGE('',*,*,#15900,.F.);
#17552 = ORIENTED_EDGE('',*,*,#17553,.F.);
#17553 = EDGE_CURVE('',#14787,#15893,#17554,.T.);
#17554 = LINE('',#17555,#17556);
#17555 = CARTESIAN_POINT('',(87.39,-48.49,-4.6E-02));
#17556 = VECTOR('',#17557,1.);
#17557 = DIRECTION('',(0.,0.,1.));
#17558 = CYLINDRICAL_SURFACE('',#17559,0.45);
#17559 = AXIS2_PLACEMENT_3D('',#17560,#17561,#17562);
#17560 = CARTESIAN_POINT('',(87.39,-48.94,-4.6E-02));
#17561 = DIRECTION('',(-0.,-0.,-1.));
#17562 = DIRECTION('',(-3.157967714489E-14,-1.,0.));
#17563 = ADVANCED_FACE('',(#17564),#17570,.T.);
#17564 = FACE_BOUND('',#17565,.T.);
#17565 = EDGE_LOOP('',(#17566,#17567,#17568,#17569));
#17566 = ORIENTED_EDGE('',*,*,#14786,.T.);
#17567 = ORIENTED_EDGE('',*,*,#17553,.T.);
#17568 = ORIENTED_EDGE('',*,*,#15892,.F.);
#17569 = ORIENTED_EDGE('',*,*,#17512,.F.);
#17570 = PLANE('',#17571);
#17571 = AXIS2_PLACEMENT_3D('',#17572,#17573,#17574);
#17572 = CARTESIAN_POINT('',(87.39,-48.49,-4.6E-02));
#17573 = DIRECTION('',(0.,-1.,0.));
#17574 = DIRECTION('',(-1.,0.,0.));
#17575 = ADVANCED_FACE('',(#17576),#17587,.F.);
#17576 = FACE_BOUND('',#17577,.T.);
#17577 = EDGE_LOOP('',(#17578,#17579,#17585,#17586));
#17578 = ORIENTED_EDGE('',*,*,#14811,.T.);
#17579 = ORIENTED_EDGE('',*,*,#17580,.T.);
#17580 = EDGE_CURVE('',#14812,#15918,#17581,.T.);
#17581 = LINE('',#17582,#17583);
#17582 = CARTESIAN_POINT('',(99.05,-52.415,-4.6E-02));
#17583 = VECTOR('',#17584,1.);
#17584 = DIRECTION('',(0.,0.,1.));
#17585 = ORIENTED_EDGE('',*,*,#15917,.F.);
#17586 = ORIENTED_EDGE('',*,*,#17580,.F.);
#17587 = CYLINDRICAL_SURFACE('',#17588,0.425);
#17588 = AXIS2_PLACEMENT_3D('',#17589,#17590,#17591);
#17589 = CARTESIAN_POINT('',(99.05,-51.99,-4.6E-02));
#17590 = DIRECTION('',(-0.,-0.,-1.));
#17591 = DIRECTION('',(-0.,-1.,0.));
#17592 = ADVANCED_FACE('',(#17593),#17604,.F.);
#17593 = FACE_BOUND('',#17594,.T.);
#17594 = EDGE_LOOP('',(#17595,#17596,#17602,#17603));
#17595 = ORIENTED_EDGE('',*,*,#14822,.T.);
#17596 = ORIENTED_EDGE('',*,*,#17597,.T.);
#17597 = EDGE_CURVE('',#14823,#15929,#17598,.T.);
#17598 = LINE('',#17599,#17600);
#17599 = CARTESIAN_POINT('',(99.05,-50.415,-4.6E-02));
#17600 = VECTOR('',#17601,1.);
#17601 = DIRECTION('',(0.,0.,1.));
#17602 = ORIENTED_EDGE('',*,*,#15928,.F.);
#17603 = ORIENTED_EDGE('',*,*,#17597,.F.);
#17604 = CYLINDRICAL_SURFACE('',#17605,0.425);
#17605 = AXIS2_PLACEMENT_3D('',#17606,#17607,#17608);
#17606 = CARTESIAN_POINT('',(99.05,-49.99,-4.6E-02));
#17607 = DIRECTION('',(-0.,-0.,-1.));
#17608 = DIRECTION('',(-0.,-1.,0.));
#17609 = ADVANCED_FACE('',(#17610),#17621,.F.);
#17610 = FACE_BOUND('',#17611,.T.);
#17611 = EDGE_LOOP('',(#17612,#17613,#17619,#17620));
#17612 = ORIENTED_EDGE('',*,*,#14833,.T.);
#17613 = ORIENTED_EDGE('',*,*,#17614,.T.);
#17614 = EDGE_CURVE('',#14834,#15940,#17615,.T.);
#17615 = LINE('',#17616,#17617);
#17616 = CARTESIAN_POINT('',(101.05,-52.415,-4.6E-02));
#17617 = VECTOR('',#17618,1.);
#17618 = DIRECTION('',(0.,0.,1.));
#17619 = ORIENTED_EDGE('',*,*,#15939,.F.);
#17620 = ORIENTED_EDGE('',*,*,#17614,.F.);
#17621 = CYLINDRICAL_SURFACE('',#17622,0.425);
#17622 = AXIS2_PLACEMENT_3D('',#17623,#17624,#17625);
#17623 = CARTESIAN_POINT('',(101.05,-51.99,-4.6E-02));
#17624 = DIRECTION('',(-0.,-0.,-1.));
#17625 = DIRECTION('',(-0.,-1.,0.));
#17626 = ADVANCED_FACE('',(#17627),#17638,.F.);
#17627 = FACE_BOUND('',#17628,.T.);
#17628 = EDGE_LOOP('',(#17629,#17630,#17636,#17637));
#17629 = ORIENTED_EDGE('',*,*,#14844,.T.);
#17630 = ORIENTED_EDGE('',*,*,#17631,.T.);
#17631 = EDGE_CURVE('',#14845,#15951,#17632,.T.);
#17632 = LINE('',#17633,#17634);
#17633 = CARTESIAN_POINT('',(101.05,-50.415,-4.6E-02));
#17634 = VECTOR('',#17635,1.);
#17635 = DIRECTION('',(0.,0.,1.));
#17636 = ORIENTED_EDGE('',*,*,#15950,.F.);
#17637 = ORIENTED_EDGE('',*,*,#17631,.F.);
#17638 = CYLINDRICAL_SURFACE('',#17639,0.425);
#17639 = AXIS2_PLACEMENT_3D('',#17640,#17641,#17642);
#17640 = CARTESIAN_POINT('',(101.05,-49.99,-4.6E-02));
#17641 = DIRECTION('',(-0.,-0.,-1.));
#17642 = DIRECTION('',(-0.,-1.,0.));
#17643 = ADVANCED_FACE('',(#17644),#17655,.F.);
#17644 = FACE_BOUND('',#17645,.T.);
#17645 = EDGE_LOOP('',(#17646,#17647,#17653,#17654));
#17646 = ORIENTED_EDGE('',*,*,#14855,.T.);
#17647 = ORIENTED_EDGE('',*,*,#17648,.T.);
#17648 = EDGE_CURVE('',#14856,#15962,#17649,.T.);
#17649 = LINE('',#17650,#17651);
#17650 = CARTESIAN_POINT('',(99.05,-48.415,-4.6E-02));
#17651 = VECTOR('',#17652,1.);
#17652 = DIRECTION('',(0.,0.,1.));
#17653 = ORIENTED_EDGE('',*,*,#15961,.F.);
#17654 = ORIENTED_EDGE('',*,*,#17648,.F.);
#17655 = CYLINDRICAL_SURFACE('',#17656,0.425);
#17656 = AXIS2_PLACEMENT_3D('',#17657,#17658,#17659);
#17657 = CARTESIAN_POINT('',(99.05,-47.99,-4.6E-02));
#17658 = DIRECTION('',(-0.,-0.,-1.));
#17659 = DIRECTION('',(-0.,-1.,0.));
#17660 = ADVANCED_FACE('',(#17661),#17672,.F.);
#17661 = FACE_BOUND('',#17662,.T.);
#17662 = EDGE_LOOP('',(#17663,#17664,#17670,#17671));
#17663 = ORIENTED_EDGE('',*,*,#14866,.T.);
#17664 = ORIENTED_EDGE('',*,*,#17665,.T.);
#17665 = EDGE_CURVE('',#14867,#15973,#17666,.T.);
#17666 = LINE('',#17667,#17668);
#17667 = CARTESIAN_POINT('',(101.05,-48.415,-4.6E-02));
#17668 = VECTOR('',#17669,1.);
#17669 = DIRECTION('',(0.,0.,1.));
#17670 = ORIENTED_EDGE('',*,*,#15972,.F.);
#17671 = ORIENTED_EDGE('',*,*,#17665,.F.);
#17672 = CYLINDRICAL_SURFACE('',#17673,0.425);
#17673 = AXIS2_PLACEMENT_3D('',#17674,#17675,#17676);
#17674 = CARTESIAN_POINT('',(101.05,-47.99,-4.6E-02));
#17675 = DIRECTION('',(-0.,-0.,-1.));
#17676 = DIRECTION('',(-0.,-1.,0.));
#17677 = ADVANCED_FACE('',(#17678),#17689,.F.);
#17678 = FACE_BOUND('',#17679,.T.);
#17679 = EDGE_LOOP('',(#17680,#17681,#17687,#17688));
#17680 = ORIENTED_EDGE('',*,*,#14877,.T.);
#17681 = ORIENTED_EDGE('',*,*,#17682,.T.);
#17682 = EDGE_CURVE('',#14878,#15984,#17683,.T.);
#17683 = LINE('',#17684,#17685);
#17684 = CARTESIAN_POINT('',(97.975,-40.25,-4.6E-02));
#17685 = VECTOR('',#17686,1.);
#17686 = DIRECTION('',(0.,0.,1.));
#17687 = ORIENTED_EDGE('',*,*,#15983,.F.);
#17688 = ORIENTED_EDGE('',*,*,#17682,.F.);
#17689 = CYLINDRICAL_SURFACE('',#17690,0.25);
#17690 = AXIS2_PLACEMENT_3D('',#17691,#17692,#17693);
#17691 = CARTESIAN_POINT('',(97.975,-40.,-4.6E-02));
#17692 = DIRECTION('',(-0.,-0.,-1.));
#17693 = DIRECTION('',(-0.,-1.,0.));
#17694 = ADVANCED_FACE('',(#17695),#17706,.F.);
#17695 = FACE_BOUND('',#17696,.T.);
#17696 = EDGE_LOOP('',(#17697,#17698,#17704,#17705));
#17697 = ORIENTED_EDGE('',*,*,#14888,.T.);
#17698 = ORIENTED_EDGE('',*,*,#17699,.T.);
#17699 = EDGE_CURVE('',#14889,#15995,#17700,.T.);
#17700 = LINE('',#17701,#17702);
#17701 = CARTESIAN_POINT('',(100.,-42.275,-4.6E-02));
#17702 = VECTOR('',#17703,1.);
#17703 = DIRECTION('',(0.,0.,1.));
#17704 = ORIENTED_EDGE('',*,*,#15994,.F.);
#17705 = ORIENTED_EDGE('',*,*,#17699,.F.);
#17706 = CYLINDRICAL_SURFACE('',#17707,0.25);
#17707 = AXIS2_PLACEMENT_3D('',#17708,#17709,#17710);
#17708 = CARTESIAN_POINT('',(100.,-42.025,-4.6E-02));
#17709 = DIRECTION('',(-0.,-0.,-1.));
#17710 = DIRECTION('',(-0.,-1.,0.));
#17711 = ADVANCED_FACE('',(#17712),#17723,.F.);
#17712 = FACE_BOUND('',#17713,.T.);
#17713 = EDGE_LOOP('',(#17714,#17715,#17721,#17722));
#17714 = ORIENTED_EDGE('',*,*,#14899,.T.);
#17715 = ORIENTED_EDGE('',*,*,#17716,.T.);
#17716 = EDGE_CURVE('',#14900,#16006,#17717,.T.);
#17717 = LINE('',#17718,#17719);
#17718 = CARTESIAN_POINT('',(98.568109,-41.681891,-4.6E-02));
#17719 = VECTOR('',#17720,1.);
#17720 = DIRECTION('',(0.,0.,1.));
#17721 = ORIENTED_EDGE('',*,*,#16005,.F.);
#17722 = ORIENTED_EDGE('',*,*,#17716,.F.);
#17723 = CYLINDRICAL_SURFACE('',#17724,0.25);
#17724 = AXIS2_PLACEMENT_3D('',#17725,#17726,#17727);
#17725 = CARTESIAN_POINT('',(98.568109,-41.431891,-4.6E-02));
#17726 = DIRECTION('',(-0.,-0.,-1.));
#17727 = DIRECTION('',(-0.,-1.,0.));
#17728 = ADVANCED_FACE('',(#17729),#17740,.F.);
#17729 = FACE_BOUND('',#17730,.T.);
#17730 = EDGE_LOOP('',(#17731,#17732,#17738,#17739));
#17731 = ORIENTED_EDGE('',*,*,#14910,.T.);
#17732 = ORIENTED_EDGE('',*,*,#17733,.T.);
#17733 = EDGE_CURVE('',#14911,#16017,#17734,.T.);
#17734 = LINE('',#17735,#17736);
#17735 = CARTESIAN_POINT('',(100.,-41.35,-4.6E-02));
#17736 = VECTOR('',#17737,1.);
#17737 = DIRECTION('',(0.,0.,1.));
#17738 = ORIENTED_EDGE('',*,*,#16016,.F.);
#17739 = ORIENTED_EDGE('',*,*,#17733,.F.);
#17740 = CYLINDRICAL_SURFACE('',#17741,1.35);
#17741 = AXIS2_PLACEMENT_3D('',#17742,#17743,#17744);
#17742 = CARTESIAN_POINT('',(100.,-40.,-4.6E-02));
#17743 = DIRECTION('',(-0.,-0.,-1.));
#17744 = DIRECTION('',(-0.,-1.,0.));
#17745 = ADVANCED_FACE('',(#17746),#17757,.F.);
#17746 = FACE_BOUND('',#17747,.T.);
#17747 = EDGE_LOOP('',(#17748,#17749,#17755,#17756));
#17748 = ORIENTED_EDGE('',*,*,#14921,.T.);
#17749 = ORIENTED_EDGE('',*,*,#17750,.T.);
#17750 = EDGE_CURVE('',#14922,#16028,#17751,.T.);
#17751 = LINE('',#17752,#17753);
#17752 = CARTESIAN_POINT('',(98.568109,-38.818109,-4.6E-02));
#17753 = VECTOR('',#17754,1.);
#17754 = DIRECTION('',(0.,0.,1.));
#17755 = ORIENTED_EDGE('',*,*,#16027,.F.);
#17756 = ORIENTED_EDGE('',*,*,#17750,.F.);
#17757 = CYLINDRICAL_SURFACE('',#17758,0.25);
#17758 = AXIS2_PLACEMENT_3D('',#17759,#17760,#17761);
#17759 = CARTESIAN_POINT('',(98.568109,-38.568109,-4.6E-02));
#17760 = DIRECTION('',(-0.,-0.,-1.));
#17761 = DIRECTION('',(-0.,-1.,0.));
#17762 = ADVANCED_FACE('',(#17763),#17774,.F.);
#17763 = FACE_BOUND('',#17764,.T.);
#17764 = EDGE_LOOP('',(#17765,#17766,#17772,#17773));
#17765 = ORIENTED_EDGE('',*,*,#14932,.T.);
#17766 = ORIENTED_EDGE('',*,*,#17767,.T.);
#17767 = EDGE_CURVE('',#14933,#16039,#17768,.T.);
#17768 = LINE('',#17769,#17770);
#17769 = CARTESIAN_POINT('',(100.,-38.225,-4.6E-02));
#17770 = VECTOR('',#17771,1.);
#17771 = DIRECTION('',(0.,0.,1.));
#17772 = ORIENTED_EDGE('',*,*,#16038,.F.);
#17773 = ORIENTED_EDGE('',*,*,#17767,.F.);
#17774 = CYLINDRICAL_SURFACE('',#17775,0.25);
#17775 = AXIS2_PLACEMENT_3D('',#17776,#17777,#17778);
#17776 = CARTESIAN_POINT('',(100.,-37.975,-4.6E-02));
#17777 = DIRECTION('',(-0.,-0.,-1.));
#17778 = DIRECTION('',(-0.,-1.,0.));
#17779 = ADVANCED_FACE('',(#17780),#17791,.F.);
#17780 = FACE_BOUND('',#17781,.T.);
#17781 = EDGE_LOOP('',(#17782,#17783,#17789,#17790));
#17782 = ORIENTED_EDGE('',*,*,#14943,.T.);
#17783 = ORIENTED_EDGE('',*,*,#17784,.T.);
#17784 = EDGE_CURVE('',#14944,#16050,#17785,.T.);
#17785 = LINE('',#17786,#17787);
#17786 = CARTESIAN_POINT('',(101.431891,-41.681891,-4.6E-02));
#17787 = VECTOR('',#17788,1.);
#17788 = DIRECTION('',(0.,0.,1.));
#17789 = ORIENTED_EDGE('',*,*,#16049,.F.);
#17790 = ORIENTED_EDGE('',*,*,#17784,.F.);
#17791 = CYLINDRICAL_SURFACE('',#17792,0.25);
#17792 = AXIS2_PLACEMENT_3D('',#17793,#17794,#17795);
#17793 = CARTESIAN_POINT('',(101.431891,-41.431891,-4.6E-02));
#17794 = DIRECTION('',(-0.,-0.,-1.));
#17795 = DIRECTION('',(-0.,-1.,0.));
#17796 = ADVANCED_FACE('',(#17797),#17808,.F.);
#17797 = FACE_BOUND('',#17798,.T.);
#17798 = EDGE_LOOP('',(#17799,#17800,#17806,#17807));
#17799 = ORIENTED_EDGE('',*,*,#14954,.T.);
#17800 = ORIENTED_EDGE('',*,*,#17801,.T.);
#17801 = EDGE_CURVE('',#14955,#16061,#17802,.T.);
#17802 = LINE('',#17803,#17804);
#17803 = CARTESIAN_POINT('',(102.025,-40.25,-4.6E-02));
#17804 = VECTOR('',#17805,1.);
#17805 = DIRECTION('',(0.,0.,1.));
#17806 = ORIENTED_EDGE('',*,*,#16060,.F.);
#17807 = ORIENTED_EDGE('',*,*,#17801,.F.);
#17808 = CYLINDRICAL_SURFACE('',#17809,0.25);
#17809 = AXIS2_PLACEMENT_3D('',#17810,#17811,#17812);
#17810 = CARTESIAN_POINT('',(102.025,-40.,-4.6E-02));
#17811 = DIRECTION('',(-0.,-0.,-1.));
#17812 = DIRECTION('',(-0.,-1.,0.));
#17813 = ADVANCED_FACE('',(#17814),#17825,.F.);
#17814 = FACE_BOUND('',#17815,.T.);
#17815 = EDGE_LOOP('',(#17816,#17817,#17823,#17824));
#17816 = ORIENTED_EDGE('',*,*,#14965,.T.);
#17817 = ORIENTED_EDGE('',*,*,#17818,.T.);
#17818 = EDGE_CURVE('',#14966,#16072,#17819,.T.);
#17819 = LINE('',#17820,#17821);
#17820 = CARTESIAN_POINT('',(101.431891,-38.818109,-4.6E-02));
#17821 = VECTOR('',#17822,1.);
#17822 = DIRECTION('',(0.,0.,1.));
#17823 = ORIENTED_EDGE('',*,*,#16071,.F.);
#17824 = ORIENTED_EDGE('',*,*,#17818,.F.);
#17825 = CYLINDRICAL_SURFACE('',#17826,0.25);
#17826 = AXIS2_PLACEMENT_3D('',#17827,#17828,#17829);
#17827 = CARTESIAN_POINT('',(101.431891,-38.568109,-4.6E-02));
#17828 = DIRECTION('',(-0.,-0.,-1.));
#17829 = DIRECTION('',(-0.,-1.,0.));
#17830 = ( GEOMETRIC_REPRESENTATION_CONTEXT(3) 
GLOBAL_UNCERTAINTY_ASSIGNED_CONTEXT((#17834)) 
GLOBAL_UNIT_ASSIGNED_CONTEXT((#17831,#17832,#17833)) 
REPRESENTATION_CONTEXT('Context #1',
  '3D Context with UNIT and UNCERTAINTY') );
#17831 = ( LENGTH_UNIT() NAMED_UNIT(*) SI_UNIT(.MILLI.,.METRE.) );
#17832 = ( NAMED_UNIT(*) PLANE_ANGLE_UNIT() SI_UNIT($,.RADIAN.) );
#17833 = ( NAMED_UNIT(*) SI_UNIT($,.STERADIAN.) SOLID_ANGLE_UNIT() );
#17834 = UNCERTAINTY_MEASURE_WITH_UNIT(LENGTH_MEASURE(1.E-07),#17831,
  'distance_accuracy_value','confusion accuracy');
#17835 = CONTEXT_DEPENDENT_SHAPE_REPRESENTATION(#17836,#17838);
#17836 = ( REPRESENTATION_RELATIONSHIP('','',#13765,#10) 
REPRESENTATION_RELATIONSHIP_WITH_TRANSFORMATION(#17837) 
SHAPE_REPRESENTATION_RELATIONSHIP() );
#17837 = ITEM_DEFINED_TRANSFORMATION('','',#11,#39);
#17838 = PRODUCT_DEFINITION_SHAPE('Placement','Placement of an item',
  #17839);
#17839 = NEXT_ASSEMBLY_USAGE_OCCURRENCE('12','=>[0:1:1:10]','',#5,#13760
  ,$);
#17840 = PRODUCT_RELATED_PRODUCT_CATEGORY('part',$,(#13762));
#17841 = MECHANICAL_DESIGN_GEOMETRIC_PRESENTATION_REPRESENTATION('',(
    #17842),#17830);
#17842 = STYLED_ITEM('color',(#17843),#13766);
#17843 = PRESENTATION_STYLE_ASSIGNMENT((#17844));
#17844 = SURFACE_STYLE_USAGE(.BOTH.,#17845);
#17845 = SURFACE_SIDE_STYLE('',(#17846));
#17846 = SURFACE_STYLE_FILL_AREA(#17847);
#17847 = FILL_AREA_STYLE('',(#17848));
#17848 = FILL_AREA_STYLE_COLOUR('',#17849);
#17849 = COLOUR_RGB('',0.313304153717,0.484529207832,0.410020903123);
#17850 = MECHANICAL_DESIGN_GEOMETRIC_PRESENTATION_REPRESENTATION('',(
    #17851),#11942);
#17851 = STYLED_ITEM('color',(#17852),#3486);
#17852 = PRESENTATION_STYLE_ASSIGNMENT((#17853));
#17853 = SURFACE_STYLE_USAGE(.BOTH.,#17854);
#17854 = SURFACE_SIDE_STYLE('',(#17855));
#17855 = SURFACE_STYLE_FILL_AREA(#17856);
#17856 = FILL_AREA_STYLE('',(#17857));
#17857 = FILL_AREA_STYLE_COLOUR('',#17858);
#17858 = COLOUR_RGB('',0.321568635616,0.321568635616,0.321568635616);
#17859 = MECHANICAL_DESIGN_GEOMETRIC_PRESENTATION_REPRESENTATION('',(
    #17860,#17868,#17876),#3421);
#17860 = STYLED_ITEM('color',(#17861),#103);
#17861 = PRESENTATION_STYLE_ASSIGNMENT((#17862));
#17862 = SURFACE_STYLE_USAGE(.BOTH.,#17863);
#17863 = SURFACE_SIDE_STYLE('',(#17864));
#17864 = SURFACE_STYLE_FILL_AREA(#17865);
#17865 = FILL_AREA_STYLE('',(#17866));
#17866 = FILL_AREA_STYLE_COLOUR('',#17867);
#17867 = DRAUGHTING_PRE_DEFINED_COLOUR('white');
#17868 = STYLED_ITEM('color',(#17869),#2413);
#17869 = PRESENTATION_STYLE_ASSIGNMENT((#17870));
#17870 = SURFACE_STYLE_USAGE(.BOTH.,#17871);
#17871 = SURFACE_SIDE_STYLE('',(#17872));
#17872 = SURFACE_STYLE_FILL_AREA(#17873);
#17873 = FILL_AREA_STYLE('',(#17874));
#17874 = FILL_AREA_STYLE_COLOUR('',#17875);
#17875 = COLOUR_RGB('',0.796078417252,0.823529417451,0.937254901616);
#17876 = STYLED_ITEM('color',(#17877),#2917);
#17877 = PRESENTATION_STYLE_ASSIGNMENT((#17878));
#17878 = SURFACE_STYLE_USAGE(.BOTH.,#17879);
#17879 = SURFACE_SIDE_STYLE('',(#17880));
#17880 = SURFACE_STYLE_FILL_AREA(#17881);
#17881 = FILL_AREA_STYLE('',(#17882));
#17882 = FILL_AREA_STYLE_COLOUR('',#17875);
#17883 = MECHANICAL_DESIGN_GEOMETRIC_PRESENTATION_REPRESENTATION('',(
    #17884,#17892,#17899,#17906,#17914,#17921,#17928,#17935,#17942,
    #17949,#17956,#17963,#17970,#17977,#17984,#17991,#17998,#18005,
    #18012,#18019,#18026,#18033,#18040,#18047,#18054,#18061,#18068,
    #18075,#18082,#18089,#18096,#18103,#18110,#18117,#18124,#18131,
    #18138,#18145,#18152,#18159,#18166,#18173,#18180,#18187,#18194,
    #18201,#18208,#18215,#18222,#18229,#18236,#18243,#18250,#18257,
    #18264,#18271,#18278),#13742);
#17884 = STYLED_ITEM('color',(#17885),#11996);
#17885 = PRESENTATION_STYLE_ASSIGNMENT((#17886));
#17886 = SURFACE_STYLE_USAGE(.BOTH.,#17887);
#17887 = SURFACE_SIDE_STYLE('',(#17888));
#17888 = SURFACE_STYLE_FILL_AREA(#17889);
#17889 = FILL_AREA_STYLE('',(#17890));
#17890 = FILL_AREA_STYLE_COLOUR('',#17891);
#17891 = COLOUR_RGB('',0.121568629232,0.121568629232,0.121568629232);
#17892 = STYLED_ITEM('color',(#17893),#12038);
#17893 = PRESENTATION_STYLE_ASSIGNMENT((#17894));
#17894 = SURFACE_STYLE_USAGE(.BOTH.,#17895);
#17895 = SURFACE_SIDE_STYLE('',(#17896));
#17896 = SURFACE_STYLE_FILL_AREA(#17897);
#17897 = FILL_AREA_STYLE('',(#17898));
#17898 = FILL_AREA_STYLE_COLOUR('',#17891);
#17899 = STYLED_ITEM('color',(#17900),#12080);
#17900 = PRESENTATION_STYLE_ASSIGNMENT((#17901));
#17901 = SURFACE_STYLE_USAGE(.BOTH.,#17902);
#17902 = SURFACE_SIDE_STYLE('',(#17903));
#17903 = SURFACE_STYLE_FILL_AREA(#17904);
#17904 = FILL_AREA_STYLE('',(#17905));
#17905 = FILL_AREA_STYLE_COLOUR('',#17891);
#17906 = STYLED_ITEM('color',(#17907),#12122);
#17907 = PRESENTATION_STYLE_ASSIGNMENT((#17908));
#17908 = SURFACE_STYLE_USAGE(.BOTH.,#17909);
#17909 = SURFACE_SIDE_STYLE('',(#17910));
#17910 = SURFACE_STYLE_FILL_AREA(#17911);
#17911 = FILL_AREA_STYLE('',(#17912));
#17912 = FILL_AREA_STYLE_COLOUR('',#17913);
#17913 = COLOUR_RGB('',0.811764731185,0.811764731185,0.811764731185);
#17914 = STYLED_ITEM('color',(#17915),#12164);
#17915 = PRESENTATION_STYLE_ASSIGNMENT((#17916));
#17916 = SURFACE_STYLE_USAGE(.BOTH.,#17917);
#17917 = SURFACE_SIDE_STYLE('',(#17918));
#17918 = SURFACE_STYLE_FILL_AREA(#17919);
#17919 = FILL_AREA_STYLE('',(#17920));
#17920 = FILL_AREA_STYLE_COLOUR('',#17913);
#17921 = STYLED_ITEM('color',(#17922),#12206);
#17922 = PRESENTATION_STYLE_ASSIGNMENT((#17923));
#17923 = SURFACE_STYLE_USAGE(.BOTH.,#17924);
#17924 = SURFACE_SIDE_STYLE('',(#17925));
#17925 = SURFACE_STYLE_FILL_AREA(#17926);
#17926 = FILL_AREA_STYLE('',(#17927));
#17927 = FILL_AREA_STYLE_COLOUR('',#17913);
#17928 = STYLED_ITEM('color',(#17929),#12246);
#17929 = PRESENTATION_STYLE_ASSIGNMENT((#17930));
#17930 = SURFACE_STYLE_USAGE(.BOTH.,#17931);
#17931 = SURFACE_SIDE_STYLE('',(#17932));
#17932 = SURFACE_STYLE_FILL_AREA(#17933);
#17933 = FILL_AREA_STYLE('',(#17934));
#17934 = FILL_AREA_STYLE_COLOUR('',#17913);
#17935 = STYLED_ITEM('color',(#17936),#12277);
#17936 = PRESENTATION_STYLE_ASSIGNMENT((#17937));
#17937 = SURFACE_STYLE_USAGE(.BOTH.,#17938);
#17938 = SURFACE_SIDE_STYLE('',(#17939));
#17939 = SURFACE_STYLE_FILL_AREA(#17940);
#17940 = FILL_AREA_STYLE('',(#17941));
#17941 = FILL_AREA_STYLE_COLOUR('',#17913);
#17942 = STYLED_ITEM('color',(#17943),#12308);
#17943 = PRESENTATION_STYLE_ASSIGNMENT((#17944));
#17944 = SURFACE_STYLE_USAGE(.BOTH.,#17945);
#17945 = SURFACE_SIDE_STYLE('',(#17946));
#17946 = SURFACE_STYLE_FILL_AREA(#17947);
#17947 = FILL_AREA_STYLE('',(#17948));
#17948 = FILL_AREA_STYLE_COLOUR('',#17913);
#17949 = STYLED_ITEM('color',(#17950),#12325);
#17950 = PRESENTATION_STYLE_ASSIGNMENT((#17951));
#17951 = SURFACE_STYLE_USAGE(.BOTH.,#17952);
#17952 = SURFACE_SIDE_STYLE('',(#17953));
#17953 = SURFACE_STYLE_FILL_AREA(#17954);
#17954 = FILL_AREA_STYLE('',(#17955));
#17955 = FILL_AREA_STYLE_COLOUR('',#17913);
#17956 = STYLED_ITEM('color',(#17957),#12342);
#17957 = PRESENTATION_STYLE_ASSIGNMENT((#17958));
#17958 = SURFACE_STYLE_USAGE(.BOTH.,#17959);
#17959 = SURFACE_SIDE_STYLE('',(#17960));
#17960 = SURFACE_STYLE_FILL_AREA(#17961);
#17961 = FILL_AREA_STYLE('',(#17962));
#17962 = FILL_AREA_STYLE_COLOUR('',#17913);
#17963 = STYLED_ITEM('color',(#17964),#12382);
#17964 = PRESENTATION_STYLE_ASSIGNMENT((#17965));
#17965 = SURFACE_STYLE_USAGE(.BOTH.,#17966);
#17966 = SURFACE_SIDE_STYLE('',(#17967));
#17967 = SURFACE_STYLE_FILL_AREA(#17968);
#17968 = FILL_AREA_STYLE('',(#17969));
#17969 = FILL_AREA_STYLE_COLOUR('',#17913);
#17970 = STYLED_ITEM('color',(#17971),#12413);
#17971 = PRESENTATION_STYLE_ASSIGNMENT((#17972));
#17972 = SURFACE_STYLE_USAGE(.BOTH.,#17973);
#17973 = SURFACE_SIDE_STYLE('',(#17974));
#17974 = SURFACE_STYLE_FILL_AREA(#17975);
#17975 = FILL_AREA_STYLE('',(#17976));
#17976 = FILL_AREA_STYLE_COLOUR('',#17913);
#17977 = STYLED_ITEM('color',(#17978),#12444);
#17978 = PRESENTATION_STYLE_ASSIGNMENT((#17979));
#17979 = SURFACE_STYLE_USAGE(.BOTH.,#17980);
#17980 = SURFACE_SIDE_STYLE('',(#17981));
#17981 = SURFACE_STYLE_FILL_AREA(#17982);
#17982 = FILL_AREA_STYLE('',(#17983));
#17983 = FILL_AREA_STYLE_COLOUR('',#17913);
#17984 = STYLED_ITEM('color',(#17985),#12461);
#17985 = PRESENTATION_STYLE_ASSIGNMENT((#17986));
#17986 = SURFACE_STYLE_USAGE(.BOTH.,#17987);
#17987 = SURFACE_SIDE_STYLE('',(#17988));
#17988 = SURFACE_STYLE_FILL_AREA(#17989);
#17989 = FILL_AREA_STYLE('',(#17990));
#17990 = FILL_AREA_STYLE_COLOUR('',#17913);
#17991 = STYLED_ITEM('color',(#17992),#12478);
#17992 = PRESENTATION_STYLE_ASSIGNMENT((#17993));
#17993 = SURFACE_STYLE_USAGE(.BOTH.,#17994);
#17994 = SURFACE_SIDE_STYLE('',(#17995));
#17995 = SURFACE_STYLE_FILL_AREA(#17996);
#17996 = FILL_AREA_STYLE('',(#17997));
#17997 = FILL_AREA_STYLE_COLOUR('',#17913);
#17998 = STYLED_ITEM('color',(#17999),#12518);
#17999 = PRESENTATION_STYLE_ASSIGNMENT((#18000));
#18000 = SURFACE_STYLE_USAGE(.BOTH.,#18001);
#18001 = SURFACE_SIDE_STYLE('',(#18002));
#18002 = SURFACE_STYLE_FILL_AREA(#18003);
#18003 = FILL_AREA_STYLE('',(#18004));
#18004 = FILL_AREA_STYLE_COLOUR('',#17913);
#18005 = STYLED_ITEM('color',(#18006),#12549);
#18006 = PRESENTATION_STYLE_ASSIGNMENT((#18007));
#18007 = SURFACE_STYLE_USAGE(.BOTH.,#18008);
#18008 = SURFACE_SIDE_STYLE('',(#18009));
#18009 = SURFACE_STYLE_FILL_AREA(#18010);
#18010 = FILL_AREA_STYLE('',(#18011));
#18011 = FILL_AREA_STYLE_COLOUR('',#17913);
#18012 = STYLED_ITEM('color',(#18013),#12580);
#18013 = PRESENTATION_STYLE_ASSIGNMENT((#18014));
#18014 = SURFACE_STYLE_USAGE(.BOTH.,#18015);
#18015 = SURFACE_SIDE_STYLE('',(#18016));
#18016 = SURFACE_STYLE_FILL_AREA(#18017);
#18017 = FILL_AREA_STYLE('',(#18018));
#18018 = FILL_AREA_STYLE_COLOUR('',#17913);
#18019 = STYLED_ITEM('color',(#18020),#12597);
#18020 = PRESENTATION_STYLE_ASSIGNMENT((#18021));
#18021 = SURFACE_STYLE_USAGE(.BOTH.,#18022);
#18022 = SURFACE_SIDE_STYLE('',(#18023));
#18023 = SURFACE_STYLE_FILL_AREA(#18024);
#18024 = FILL_AREA_STYLE('',(#18025));
#18025 = FILL_AREA_STYLE_COLOUR('',#17913);
#18026 = STYLED_ITEM('color',(#18027),#12614);
#18027 = PRESENTATION_STYLE_ASSIGNMENT((#18028));
#18028 = SURFACE_STYLE_USAGE(.BOTH.,#18029);
#18029 = SURFACE_SIDE_STYLE('',(#18030));
#18030 = SURFACE_STYLE_FILL_AREA(#18031);
#18031 = FILL_AREA_STYLE('',(#18032));
#18032 = FILL_AREA_STYLE_COLOUR('',#17913);
#18033 = STYLED_ITEM('color',(#18034),#12702);
#18034 = PRESENTATION_STYLE_ASSIGNMENT((#18035));
#18035 = SURFACE_STYLE_USAGE(.BOTH.,#18036);
#18036 = SURFACE_SIDE_STYLE('',(#18037));
#18037 = SURFACE_STYLE_FILL_AREA(#18038);
#18038 = FILL_AREA_STYLE('',(#18039));
#18039 = FILL_AREA_STYLE_COLOUR('',#17913);
#18040 = STYLED_ITEM('color',(#18041),#12733);
#18041 = PRESENTATION_STYLE_ASSIGNMENT((#18042));
#18042 = SURFACE_STYLE_USAGE(.BOTH.,#18043);
#18043 = SURFACE_SIDE_STYLE('',(#18044));
#18044 = SURFACE_STYLE_FILL_AREA(#18045);
#18045 = FILL_AREA_STYLE('',(#18046));
#18046 = FILL_AREA_STYLE_COLOUR('',#17913);
#18047 = STYLED_ITEM('color',(#18048),#12758);
#18048 = PRESENTATION_STYLE_ASSIGNMENT((#18049));
#18049 = SURFACE_STYLE_USAGE(.BOTH.,#18050);
#18050 = SURFACE_SIDE_STYLE('',(#18051));
#18051 = SURFACE_STYLE_FILL_AREA(#18052);
#18052 = FILL_AREA_STYLE('',(#18053));
#18053 = FILL_AREA_STYLE_COLOUR('',#17913);
#18054 = STYLED_ITEM('color',(#18055),#12782);
#18055 = PRESENTATION_STYLE_ASSIGNMENT((#18056));
#18056 = SURFACE_STYLE_USAGE(.BOTH.,#18057);
#18057 = SURFACE_SIDE_STYLE('',(#18058));
#18058 = SURFACE_STYLE_FILL_AREA(#18059);
#18059 = FILL_AREA_STYLE('',(#18060));
#18060 = FILL_AREA_STYLE_COLOUR('',#17913);
#18061 = STYLED_ITEM('color',(#18062),#12806);
#18062 = PRESENTATION_STYLE_ASSIGNMENT((#18063));
#18063 = SURFACE_STYLE_USAGE(.BOTH.,#18064);
#18064 = SURFACE_SIDE_STYLE('',(#18065));
#18065 = SURFACE_STYLE_FILL_AREA(#18066);
#18066 = FILL_AREA_STYLE('',(#18067));
#18067 = FILL_AREA_STYLE_COLOUR('',#17913);
#18068 = STYLED_ITEM('color',(#18069),#12830);
#18069 = PRESENTATION_STYLE_ASSIGNMENT((#18070));
#18070 = SURFACE_STYLE_USAGE(.BOTH.,#18071);
#18071 = SURFACE_SIDE_STYLE('',(#18072));
#18072 = SURFACE_STYLE_FILL_AREA(#18073);
#18073 = FILL_AREA_STYLE('',(#18074));
#18074 = FILL_AREA_STYLE_COLOUR('',#17913);
#18075 = STYLED_ITEM('color',(#18076),#12854);
#18076 = PRESENTATION_STYLE_ASSIGNMENT((#18077));
#18077 = SURFACE_STYLE_USAGE(.BOTH.,#18078);
#18078 = SURFACE_SIDE_STYLE('',(#18079));
#18079 = SURFACE_STYLE_FILL_AREA(#18080);
#18080 = FILL_AREA_STYLE('',(#18081));
#18081 = FILL_AREA_STYLE_COLOUR('',#17913);
#18082 = STYLED_ITEM('color',(#18083),#12878);
#18083 = PRESENTATION_STYLE_ASSIGNMENT((#18084));
#18084 = SURFACE_STYLE_USAGE(.BOTH.,#18085);
#18085 = SURFACE_SIDE_STYLE('',(#18086));
#18086 = SURFACE_STYLE_FILL_AREA(#18087);
#18087 = FILL_AREA_STYLE('',(#18088));
#18088 = FILL_AREA_STYLE_COLOUR('',#17913);
#18089 = STYLED_ITEM('color',(#18090),#12896);
#18090 = PRESENTATION_STYLE_ASSIGNMENT((#18091));
#18091 = SURFACE_STYLE_USAGE(.BOTH.,#18092);
#18092 = SURFACE_SIDE_STYLE('',(#18093));
#18093 = SURFACE_STYLE_FILL_AREA(#18094);
#18094 = FILL_AREA_STYLE('',(#18095));
#18095 = FILL_AREA_STYLE_COLOUR('',#17913);
#18096 = STYLED_ITEM('color',(#18097),#12913);
#18097 = PRESENTATION_STYLE_ASSIGNMENT((#18098));
#18098 = SURFACE_STYLE_USAGE(.BOTH.,#18099);
#18099 = SURFACE_SIDE_STYLE('',(#18100));
#18100 = SURFACE_STYLE_FILL_AREA(#18101);
#18101 = FILL_AREA_STYLE('',(#18102));
#18102 = FILL_AREA_STYLE_COLOUR('',#17913);
#18103 = STYLED_ITEM('color',(#18104),#12938);
#18104 = PRESENTATION_STYLE_ASSIGNMENT((#18105));
#18105 = SURFACE_STYLE_USAGE(.BOTH.,#18106);
#18106 = SURFACE_SIDE_STYLE('',(#18107));
#18107 = SURFACE_STYLE_FILL_AREA(#18108);
#18108 = FILL_AREA_STYLE('',(#18109));
#18109 = FILL_AREA_STYLE_COLOUR('',#17867);
#18110 = STYLED_ITEM('color',(#18111),#12979);
#18111 = PRESENTATION_STYLE_ASSIGNMENT((#18112));
#18112 = SURFACE_STYLE_USAGE(.BOTH.,#18113);
#18113 = SURFACE_SIDE_STYLE('',(#18114));
#18114 = SURFACE_STYLE_FILL_AREA(#18115);
#18115 = FILL_AREA_STYLE('',(#18116));
#18116 = FILL_AREA_STYLE_COLOUR('',#17867);
#18117 = STYLED_ITEM('color',(#18118),#13010);
#18118 = PRESENTATION_STYLE_ASSIGNMENT((#18119));
#18119 = SURFACE_STYLE_USAGE(.BOTH.,#18120);
#18120 = SURFACE_SIDE_STYLE('',(#18121));
#18121 = SURFACE_STYLE_FILL_AREA(#18122);
#18122 = FILL_AREA_STYLE('',(#18123));
#18123 = FILL_AREA_STYLE_COLOUR('',#17867);
#18124 = STYLED_ITEM('color',(#18125),#13035);
#18125 = PRESENTATION_STYLE_ASSIGNMENT((#18126));
#18126 = SURFACE_STYLE_USAGE(.BOTH.,#18127);
#18127 = SURFACE_SIDE_STYLE('',(#18128));
#18128 = SURFACE_STYLE_FILL_AREA(#18129);
#18129 = FILL_AREA_STYLE('',(#18130));
#18130 = FILL_AREA_STYLE_COLOUR('',#17867);
#18131 = STYLED_ITEM('color',(#18132),#13059);
#18132 = PRESENTATION_STYLE_ASSIGNMENT((#18133));
#18133 = SURFACE_STYLE_USAGE(.BOTH.,#18134);
#18134 = SURFACE_SIDE_STYLE('',(#18135));
#18135 = SURFACE_STYLE_FILL_AREA(#18136);
#18136 = FILL_AREA_STYLE('',(#18137));
#18137 = FILL_AREA_STYLE_COLOUR('',#17867);
#18138 = STYLED_ITEM('color',(#18139),#13076);
#18139 = PRESENTATION_STYLE_ASSIGNMENT((#18140));
#18140 = SURFACE_STYLE_USAGE(.BOTH.,#18141);
#18141 = SURFACE_SIDE_STYLE('',(#18142));
#18142 = SURFACE_STYLE_FILL_AREA(#18143);
#18143 = FILL_AREA_STYLE('',(#18144));
#18144 = FILL_AREA_STYLE_COLOUR('',#17891);
#18145 = STYLED_ITEM('color',(#18146),#13116);
#18146 = PRESENTATION_STYLE_ASSIGNMENT((#18147));
#18147 = SURFACE_STYLE_USAGE(.BOTH.,#18148);
#18148 = SURFACE_SIDE_STYLE('',(#18149));
#18149 = SURFACE_STYLE_FILL_AREA(#18150);
#18150 = FILL_AREA_STYLE('',(#18151));
#18151 = FILL_AREA_STYLE_COLOUR('',#17891);
#18152 = STYLED_ITEM('color',(#18153),#13140);
#18153 = PRESENTATION_STYLE_ASSIGNMENT((#18154));
#18154 = SURFACE_STYLE_USAGE(.BOTH.,#18155);
#18155 = SURFACE_SIDE_STYLE('',(#18156));
#18156 = SURFACE_STYLE_FILL_AREA(#18157);
#18157 = FILL_AREA_STYLE('',(#18158));
#18158 = FILL_AREA_STYLE_COLOUR('',#17891);
#18159 = STYLED_ITEM('color',(#18160),#13162);
#18160 = PRESENTATION_STYLE_ASSIGNMENT((#18161));
#18161 = SURFACE_STYLE_USAGE(.BOTH.,#18162);
#18162 = SURFACE_SIDE_STYLE('',(#18163));
#18163 = SURFACE_STYLE_FILL_AREA(#18164);
#18164 = FILL_AREA_STYLE('',(#18165));
#18165 = FILL_AREA_STYLE_COLOUR('',#17891);
#18166 = STYLED_ITEM('color',(#18167),#13186);
#18167 = PRESENTATION_STYLE_ASSIGNMENT((#18168));
#18168 = SURFACE_STYLE_USAGE(.BOTH.,#18169);
#18169 = SURFACE_SIDE_STYLE('',(#18170));
#18170 = SURFACE_STYLE_FILL_AREA(#18171);
#18171 = FILL_AREA_STYLE('',(#18172));
#18172 = FILL_AREA_STYLE_COLOUR('',#17891);
#18173 = STYLED_ITEM('color',(#18174),#13210);
#18174 = PRESENTATION_STYLE_ASSIGNMENT((#18175));
#18175 = SURFACE_STYLE_USAGE(.BOTH.,#18176);
#18176 = SURFACE_SIDE_STYLE('',(#18177));
#18177 = SURFACE_STYLE_FILL_AREA(#18178);
#18178 = FILL_AREA_STYLE('',(#18179));
#18179 = FILL_AREA_STYLE_COLOUR('',#17891);
#18180 = STYLED_ITEM('color',(#18181),#13262);
#18181 = PRESENTATION_STYLE_ASSIGNMENT((#18182));
#18182 = SURFACE_STYLE_USAGE(.BOTH.,#18183);
#18183 = SURFACE_SIDE_STYLE('',(#18184));
#18184 = SURFACE_STYLE_FILL_AREA(#18185);
#18185 = FILL_AREA_STYLE('',(#18186));
#18186 = FILL_AREA_STYLE_COLOUR('',#17891);
#18187 = STYLED_ITEM('color',(#18188),#13293);
#18188 = PRESENTATION_STYLE_ASSIGNMENT((#18189));
#18189 = SURFACE_STYLE_USAGE(.BOTH.,#18190);
#18190 = SURFACE_SIDE_STYLE('',(#18191));
#18191 = SURFACE_STYLE_FILL_AREA(#18192);
#18192 = FILL_AREA_STYLE('',(#18193));
#18193 = FILL_AREA_STYLE_COLOUR('',#17891);
#18194 = STYLED_ITEM('color',(#18195),#13324);
#18195 = PRESENTATION_STYLE_ASSIGNMENT((#18196));
#18196 = SURFACE_STYLE_USAGE(.BOTH.,#18197);
#18197 = SURFACE_SIDE_STYLE('',(#18198));
#18198 = SURFACE_STYLE_FILL_AREA(#18199);
#18199 = FILL_AREA_STYLE('',(#18200));
#18200 = FILL_AREA_STYLE_COLOUR('',#17891);
#18201 = STYLED_ITEM('color',(#18202),#13355);
#18202 = PRESENTATION_STYLE_ASSIGNMENT((#18203));
#18203 = SURFACE_STYLE_USAGE(.BOTH.,#18204);
#18204 = SURFACE_SIDE_STYLE('',(#18205));
#18205 = SURFACE_STYLE_FILL_AREA(#18206);
#18206 = FILL_AREA_STYLE('',(#18207));
#18207 = FILL_AREA_STYLE_COLOUR('',#17891);
#18208 = STYLED_ITEM('color',(#18209),#13392);
#18209 = PRESENTATION_STYLE_ASSIGNMENT((#18210));
#18210 = SURFACE_STYLE_USAGE(.BOTH.,#18211);
#18211 = SURFACE_SIDE_STYLE('',(#18212));
#18212 = SURFACE_STYLE_FILL_AREA(#18213);
#18213 = FILL_AREA_STYLE('',(#18214));
#18214 = FILL_AREA_STYLE_COLOUR('',#17891);
#18215 = STYLED_ITEM('color',(#18216),#13423);
#18216 = PRESENTATION_STYLE_ASSIGNMENT((#18217));
#18217 = SURFACE_STYLE_USAGE(.BOTH.,#18218);
#18218 = SURFACE_SIDE_STYLE('',(#18219));
#18219 = SURFACE_STYLE_FILL_AREA(#18220);
#18220 = FILL_AREA_STYLE('',(#18221));
#18221 = FILL_AREA_STYLE_COLOUR('',#17891);
#18222 = STYLED_ITEM('color',(#18223),#13454);
#18223 = PRESENTATION_STYLE_ASSIGNMENT((#18224));
#18224 = SURFACE_STYLE_USAGE(.BOTH.,#18225);
#18225 = SURFACE_SIDE_STYLE('',(#18226));
#18226 = SURFACE_STYLE_FILL_AREA(#18227);
#18227 = FILL_AREA_STYLE('',(#18228));
#18228 = FILL_AREA_STYLE_COLOUR('',#17891);
#18229 = STYLED_ITEM('color',(#18230),#13485);
#18230 = PRESENTATION_STYLE_ASSIGNMENT((#18231));
#18231 = SURFACE_STYLE_USAGE(.BOTH.,#18232);
#18232 = SURFACE_SIDE_STYLE('',(#18233));
#18233 = SURFACE_STYLE_FILL_AREA(#18234);
#18234 = FILL_AREA_STYLE('',(#18235));
#18235 = FILL_AREA_STYLE_COLOUR('',#17891);
#18236 = STYLED_ITEM('color',(#18237),#13522);
#18237 = PRESENTATION_STYLE_ASSIGNMENT((#18238));
#18238 = SURFACE_STYLE_USAGE(.BOTH.,#18239);
#18239 = SURFACE_SIDE_STYLE('',(#18240));
#18240 = SURFACE_STYLE_FILL_AREA(#18241);
#18241 = FILL_AREA_STYLE('',(#18242));
#18242 = FILL_AREA_STYLE_COLOUR('',#17891);
#18243 = STYLED_ITEM('color',(#18244),#13553);
#18244 = PRESENTATION_STYLE_ASSIGNMENT((#18245));
#18245 = SURFACE_STYLE_USAGE(.BOTH.,#18246);
#18246 = SURFACE_SIDE_STYLE('',(#18247));
#18247 = SURFACE_STYLE_FILL_AREA(#18248);
#18248 = FILL_AREA_STYLE('',(#18249));
#18249 = FILL_AREA_STYLE_COLOUR('',#17891);
#18250 = STYLED_ITEM('color',(#18251),#13584);
#18251 = PRESENTATION_STYLE_ASSIGNMENT((#18252));
#18252 = SURFACE_STYLE_USAGE(.BOTH.,#18253);
#18253 = SURFACE_SIDE_STYLE('',(#18254));
#18254 = SURFACE_STYLE_FILL_AREA(#18255);
#18255 = FILL_AREA_STYLE('',(#18256));
#18256 = FILL_AREA_STYLE_COLOUR('',#17891);
#18257 = STYLED_ITEM('color',(#18258),#13615);
#18258 = PRESENTATION_STYLE_ASSIGNMENT((#18259));
#18259 = SURFACE_STYLE_USAGE(.BOTH.,#18260);
#18260 = SURFACE_SIDE_STYLE('',(#18261));
#18261 = SURFACE_STYLE_FILL_AREA(#18262);
#18262 = FILL_AREA_STYLE('',(#18263));
#18263 = FILL_AREA_STYLE_COLOUR('',#17891);
#18264 = STYLED_ITEM('color',(#18265),#13652);
#18265 = PRESENTATION_STYLE_ASSIGNMENT((#18266));
#18266 = SURFACE_STYLE_USAGE(.BOTH.,#18267);
#18267 = SURFACE_SIDE_STYLE('',(#18268));
#18268 = SURFACE_STYLE_FILL_AREA(#18269);
#18269 = FILL_AREA_STYLE('',(#18270));
#18270 = FILL_AREA_STYLE_COLOUR('',#17891);
#18271 = STYLED_ITEM('color',(#18272),#13674);
#18272 = PRESENTATION_STYLE_ASSIGNMENT((#18273));
#18273 = SURFACE_STYLE_USAGE(.BOTH.,#18274);
#18274 = SURFACE_SIDE_STYLE('',(#18275));
#18275 = SURFACE_STYLE_FILL_AREA(#18276);
#18276 = FILL_AREA_STYLE('',(#18277));
#18277 = FILL_AREA_STYLE_COLOUR('',#17891);
#18278 = STYLED_ITEM('color',(#18279),#13708);
#18279 = PRESENTATION_STYLE_ASSIGNMENT((#18280));
#18280 = SURFACE_STYLE_USAGE(.BOTH.,#18281);
#18281 = SURFACE_SIDE_STYLE('',(#18282));
#18282 = SURFACE_STYLE_FILL_AREA(#18283);
#18283 = FILL_AREA_STYLE('',(#18284));
#18284 = FILL_AREA_STYLE_COLOUR('',#17891);
ENDSEC;
END-ISO-10303-21;
